timestamp,station_id,temperature_celsius,wind_speed_knots,pressure_hpa,humidity_percent,solar_radiation_wm2,generator_load_percent,energy_consumed_kwh,battery_level_percent,fuel_level_liters,fuel_burn_rate_lph,food_inventory_kg,station_occupancy,predicted_energy_kwh,anomaly_prediction,anomaly_status,energy_remaining_kwh,energy_consumption_per_day_kwh,energy_endurance_days,fuel_consumption_per_day_litres,fuel_endurance_days,risk_score,risk_status,recommended_fuel_litres,additional_fuel_required_litres,energy_status,fuel_status,Station_Code
2026-09-10 00:00:04,MAITRI,-28.69,55.36,991.34,82.44,0.0,96.33,0.2,71.1,24999.95,36.61,5000.0,17,0.20455083333333338,-1,ANOMALY,711.0,5891.064000000001,0.12069127071102942,670.5600000000001,37.28219696969697,70,HIGH RISK,24140.160000000003,0.0,NORMAL,NORMAL,0
2026-09-10 00:00:04,BHARATI,-29.38,39.36,1003.3,72.95,0.0,77.05,0.21,76.89,24999.96,29.28,5000.0,28,0.20905166666666708,1,NORMAL,768.9,6020.688000000011,0.127709657102311,669.96,37.31560093139888,30,LOW RISK,24118.56,0.0,NORMAL,NORMAL,1
2026-09-10 00:00:09,MAITRI,-24.03,23.43,999.56,68.37,0.0,70.63,0.2,78.81,24999.91,26.84,5000.0,26,0.19810958333333342,1,NORMAL,788.1,5705.556000000002,0.13812851893838213,670.5600000000001,37.28213731806251,30,LOW RISK,24140.160000000003,0.0,NORMAL,NORMAL,0
2026-09-10 00:00:09,BHARATI,-20.17,14.33,1003.78,75.67,0.0,67.78,0.19,79.67,24999.92,25.76,4999.99,29,0.18728869047619046,-1,ANOMALY,796.6999999999999,5393.914285714285,0.14770349653312992,669.96,37.315541226341864,70,HIGH RISK,24118.56,0.0,NORMAL,NORMAL,1
2026-09-10 00:00:14,MAITRI,-28.24,16.25,1008.64,69.84,0.0,74.65,0.21,77.6,24999.87,28.37,4999.99,25,0.2085208333333337,1,NORMAL,775.9999999999999,6005.400000000011,0.12921703799913387,670.5600000000001,37.28207766642806,30,LOW RISK,24140.160000000003,0.0,NORMAL,NORMAL,0
2026-09-10 00:00:14,BHARATI,-26.1,37.71,1003.71,66.03,0.0,74.41,0.21,77.68,24999.88,28.27,4999.99,30,0.20880833333333382,1,NORMAL,776.8000000000001,6013.680000000013,0.12917215415519256,669.96,37.31548152128485,30,LOW RISK,24118.56,0.0,NORMAL,NORMAL,1
2026-09-10 00:00:19,MAITRI,-17.18,36.7,1001.67,71.82,0.0,63.43,0.18,80.97,24999.84,24.11,4999.99,26,0.1798441666666665,1,NORMAL,809.6999999999999,5179.511999999995,0.15632746868817,670.5600000000001,37.28203292770222,30,LOW RISK,24140.160000000003,0.0,NORMAL,NORMAL,0
2026-09-10 00:00:19,BHARATI,-25.44,53.4,971.17,76.59,0.0,98.17,0.2,70.55,24999.83,37.3,4999.99,22,0.20009958333333344,1,NORMAL,705.5,5762.868000000002,0.12242168309251569,669.96,37.31540688996358,30,LOW RISK,24118.56,0.0,NORMAL,NORMAL,1
2026-09-10 00:00:24,BHARATI,-22.21,43.79,974.61,78.55,0.0,98.85,0.18,70.34,24999.78,37.56,4999.99,19,0.18454952380952372,-1,ANOMALY,703.4,5315.0262857142825,0.13234177258739005,669.96,37.3153322586423,70,HIGH RISK,24118.56,0.0,NORMAL,NORMAL,1
2026-09-10 00:00:24,MAITRI,-22.94,36.27,1005.95,67.15,0.0,65.88,0.18,80.24,24999.8,25.04,4999.99,17,0.18157499999999985,1,NORMAL,802.4,5229.359999999995,0.15344133890189254,670.5600000000001,37.28197327606776,30,LOW RISK,24140.160000000003,0.0,NORMAL,NORMAL,0
2026-09-10 00:00:29,MAITRI,-15.07,12.38,1001.31,70.5,0.0,57.22,0.16,82.83,24999.77,21.75,4999.99,16,0.1643612103174605,-1,ANOMALY,828.3000000000001,4733.602857142862,0.1749829939261002,670.5600000000001,37.28192853734192,70,HIGH RISK,24140.160000000003,0.0,NORMAL,NORMAL,0
2026-09-10 00:00:29,BHARATI,-24.24,26.02,988.04,63.07,0.0,69.26,0.19,79.22,24999.74,26.32,4999.98,22,0.19353077380952396,1,NORMAL,792.2,5573.68628571429,0.1421321472703727,669.96,37.31527255358529,30,LOW RISK,24118.56,0.0,NORMAL,NORMAL,1
2026-09-10 00:00:34,MAITRI,-20.27,59.28,979.34,86.11,0.0,96.72,0.18,70.98,24999.72,36.75,4999.98,19,0.183867857142857,-1,ANOMALY,709.8,5295.394285714281,0.1340410103011351,670.5600000000001,37.28185397279886,70,HIGH RISK,24140.160000000003,0.0,NORMAL,NORMAL,0
2026-09-10 00:00:34,BHARATI,-16.19,28.2,998.37,51.1,0.0,64.0,0.18,80.8,24999.71,24.32,4999.98,30,0.17962541666666654,-1,ANOMALY,807.9999999999999,5173.211999999996,0.15618923021132722,669.96,37.31522777479252,70,HIGH RISK,24118.56,0.0,NORMAL,NORMAL,1
2026-09-10 00:00:39,MAITRI,-28.02,10.45,1005.45,57.2,0.0,75.62,0.21,77.31,24999.68,28.74,4999.98,28,0.2095000000000006,1,NORMAL,773.1,6033.600000000017,0.12813245823388986,670.5600000000001,37.2817943211644,30,LOW RISK,24140.160000000003,0.0,NORMAL,NORMAL,0
2026-09-10 00:00:39,BHARATI,-21.56,19.69,1009.66,59.01,0.0,66.44,0.18,80.07,24999.67,25.25,4999.98,22,0.18135952380952364,1,NORMAL,800.6999999999999,5223.15428571428,0.15329817122001826,669.96,37.3151680697355,30,LOW RISK,24118.56,0.0,NORMAL,NORMAL,1
2026-09-10 00:00:44,MAITRI,-30.91,25.37,987.12,74.81,0.0,77.85,0.22,76.64,24999.64,29.58,4999.98,26,0.21971333333333287,1,NORMAL,766.4,6327.743999999986,0.12111741562237689,670.5600000000001,37.28173466952994,30,LOW RISK,24140.160000000003,0.0,NORMAL,NORMAL,0
2026-09-10 00:00:44,BHARATI,-36.87,66.45,955.66,89.57,0.0,95.25,0.23,56.43,24999.62,36.19,4999.97,26,0.23512793650793626,-1,ANOMALY,564.3000000000001,6771.684571428565,0.0833322925850568,669.96,37.31509343841423,70,HIGH RISK,24118.56,0.0,NORMAL,NORMAL,1
2026-09-10 00:00:49,MAITRI,-26.22,10.6,999.02,75.85,0.0,75.33,0.21,77.4,24999.6,28.63,4999.97,32,0.2095916666666673,1,NORMAL,774.0,6036.240000000018,0.1282255178720524,670.5600000000001,37.28167501789549,30,LOW RISK,24140.160000000003,0.0,NORMAL,NORMAL,0
2026-09-10 00:00:49,BHARATI,-20.11,25.79,992.41,58.63,0.0,68.92,0.19,79.32,24999.59,26.19,4999.97,32,0.18872833333333336,1,NORMAL,793.1999999999999,5435.376,0.14593286646590778,669.96,37.31504865962147,30,LOW RISK,24118.56,0.0,NORMAL,NORMAL,1
2026-09-10 00:00:54,BHARATI,-22.85,41.08,985.37,73.96,0.0,96.52,0.19,71.05,24999.54,36.68,4999.97,22,0.18904535714285722,1,NORMAL,710.5,5444.5062857142875,0.1304985177194605,669.96,37.3149740283002,30,LOW RISK,24118.56,0.0,NORMAL,NORMAL,1
2026-09-10 00:00:54,MAITRI,-39.73,56.84,974.22,77.36,0.0,92.94,0.24,72.12,24999.55,35.32,4999.97,22,0.24009918650793644,-1,ANOMALY,721.2,6914.856571428569,0.10429717414239936,670.5600000000001,37.28160045335242,70,HIGH RISK,24140.160000000003,0.0,NORMAL,NORMAL,0
2026-09-10 00:00:59,MAITRI,-21.83,28.47,1001.4,57.29,0.0,64.32,0.18,80.7,24999.52,24.44,4999.97,16,0.18085083333333316,1,NORMAL,807.0,5208.503999999994,0.15493892296137257,670.5600000000001,37.28155571462658,30,LOW RISK,24140.160000000003,0.0,NORMAL,NORMAL,0
2026-09-10 00:00:59,BHARATI,-34.96,58.83,978.19,85.75,0.0,92.68,0.22,72.2,24999.49,35.22,4999.97,19,0.22577345238095214,-1,ANOMALY,722.0,6502.275428571422,0.11103805243737984,669.96,37.31489939697892,70,HIGH RISK,24118.56,0.0,NORMAL,NORMAL,1
2026-09-10 00:01:04,MAITRI,-24.97,57.65,986.97,75.41,0.0,93.08,0.2,72.07,24999.47,35.37,4999.97,28,0.20037875000000013,-1,ANOMALY,720.6999999999999,5770.908000000003,0.12488502675835407,670.5600000000001,37.28148115008351,70,HIGH RISK,24140.160000000003,0.0,NORMAL,NORMAL,0
2026-09-10 00:01:04,BHARATI,-40.31,55.62,955.58,97.62,0.0,95.87,0.25,56.24,24999.44,36.43,4999.96,31,0.24618732142857133,-1,ANOMALY,562.4,7090.194857142854,0.07932081012321164,669.96,37.31482476565765,70,HIGH RISK,24118.56,0.0,NORMAL,NORMAL,1
2026-09-10 00:01:09,MAITRI,-16.73,31.95,1003.09,71.68,0.0,64.17,0.18,80.75,24999.44,24.38,4999.96,29,0.18067749999999982,1,NORMAL,807.5,5203.511999999995,0.1551836528867428,670.5600000000001,37.28143641135767,30,LOW RISK,24140.160000000003,0.0,NORMAL,NORMAL,0
2026-09-10 00:01:09,BHARATI,-36.4,72.11,954.99,94.43,0.0,93.73,0.23,56.88,24999.39,35.62,4999.96,20,0.23399180555555532,-1,ANOMALY,568.8,6738.963999999993,0.08440466516811791,669.96,37.31475013433638,70,HIGH RISK,24118.56,0.0,NORMAL,NORMAL,1
2026-09-10 00:01:14,MAITRI,-35.71,43.3,972.85,89.47,0.0,98.77,0.24,70.37,24999.38,37.53,4999.96,34,0.23527394841269822,-1,ANOMALY,703.7,6775.889714285708,0.10385352030101361,670.5600000000001,37.281346933905986,70,HIGH RISK,24140.160000000003,0.0,NORMAL,NORMAL,0
2026-09-10 00:01:14,BHARATI,-32.52,23.21,1011.54,59.72,0.0,78.75,0.22,76.38,24999.35,29.92,4999.96,24,0.22020369047618998,1,NORMAL,763.8,6341.866285714272,0.1204377332458965,669.96,37.31469042927936,30,LOW RISK,24118.56,0.0,NORMAL,NORMAL,1
2026-09-10 00:01:19,BHARATI,-16.54,17.1,985.4,66.05,0.0,59.56,0.17,82.13,24999.32,22.63,4999.95,18,0.16758871031746064,-1,ANOMALY,821.3,4826.554857142866,0.17016278159245407,669.96,37.3146456504866,70,HIGH RISK,24118.56,0.0,NORMAL,NORMAL,1
2026-09-10 00:01:19,MAITRI,-26.45,24.75,996.43,64.67,0.0,75.57,0.21,77.33,24999.34,28.72,4999.95,32,0.20947500000000063,1,NORMAL,773.3,6032.880000000017,0.12818090199042542,670.5600000000001,37.28128728227153,30,LOW RISK,24140.160000000003,0.0,NORMAL,NORMAL,0
2026-09-10 00:01:24,BHARATI,-23.89,35.37,1013.06,63.65,0.0,73.29,0.2,78.01,24999.28,27.85,4999.95,33,0.19786375000000014,1,NORMAL,780.1,5698.476000000004,0.13689625085724666,669.96,37.31458594542958,30,LOW RISK,24118.56,0.0,NORMAL,NORMAL,1
2026-09-10 00:01:24,MAITRI,-30.59,37.63,985.82,81.17,0.0,96.97,0.22,70.91,24999.29,36.85,4999.95,26,0.2206841666666662,1,NORMAL,709.0999999999999,6355.703999999987,0.11156907244264386,670.5600000000001,37.281212717728465,30,LOW RISK,24140.160000000003,0.0,NORMAL,NORMAL,0
2026-09-10 00:01:29,MAITRI,-15.3,33.54,993.31,57.8,0.0,59.06,0.16,82.28,24999.26,22.44,4999.95,20,0.16479085317460335,-1,ANOMALY,822.8,4745.976571428576,0.17336790176196146,670.5600000000001,37.28116797900262,70,HIGH RISK,24140.160000000003,0.0,NORMAL,NORMAL,0
2026-09-10 00:01:29,BHARATI,-29.48,35.97,1006.32,50.52,0.0,76.36,0.21,77.09,24999.24,29.02,4999.95,26,0.2089511904761909,1,NORMAL,770.9,6017.794285714297,0.1281034152048114,669.96,37.31452624037256,30,LOW RISK,24118.56,0.0,NORMAL,NORMAL,1
2026-09-10 00:01:34,MAITRI,-34.95,32.97,991.65,58.88,0.0,82.1,0.23,75.37,24999.22,31.2,4999.95,26,0.22671892857142853,1,NORMAL,753.7,6529.5051428571405,0.11542988075053429,670.5600000000001,37.281108327368166,30,LOW RISK,24140.160000000003,0.0,NORMAL,NORMAL,0
2026-09-10 00:01:34,BHARATI,-30.9,31.42,990.36,75.84,0.0,77.85,0.22,76.65,24999.2,29.58,4999.94,26,0.22019452380952348,1,NORMAL,766.5000000000001,6341.602285714275,0.12086850695867421,669.96,37.31446653531554,30,LOW RISK,24118.56,0.0,NORMAL,NORMAL,1
2026-09-10 00:01:39,MAITRI,-15.22,42.69,985.95,78.59,0.0,60.58,0.17,81.83,24999.19,23.02,4999.94,24,0.16893668650793703,-1,ANOMALY,818.3000000000001,4865.376571428586,0.16818842035894632,670.5600000000001,37.281063588642326,70,HIGH RISK,24140.160000000003,0.0,NORMAL,NORMAL,0
2026-09-10 00:01:39,BHARATI,-21.98,32.63,994.9,75.45,0.0,68.08,0.19,79.58,24999.16,25.87,4999.94,25,0.1878645238095239,1,NORMAL,795.8,5410.498285714288,0.1470844195813176,669.96,37.31440683025852,30,LOW RISK,24118.56,0.0,NORMAL,NORMAL,1
2026-09-10 00:01:44,MAITRI,-15.09,21.65,1011.63,57.5,0.0,60.84,0.17,81.75,24999.15,23.12,4999.94,25,0.16866537698412754,-1,ANOMALY,817.5,4857.562857142872,0.1682942710247991,670.5600000000001,37.281003937007874,70,HIGH RISK,24140.160000000003,0.0,NORMAL,NORMAL,0
2026-09-10 00:01:44,BHARATI,-42.32,61.86,952.01,88.81,0.0,93.65,0.25,56.9,24999.11,35.59,4999.94,28,0.24611982142857136,-1,ANOMALY,569.0,7088.250857142855,0.08027368267117926,669.96,37.31433219893725,70,HIGH RISK,24118.56,0.0,NORMAL,NORMAL,1
2026-09-10 00:01:49,MAITRI,-20.21,27.91,1000.53,77.14,0.0,69.83,0.19,79.05,24999.12,26.53,4999.94,34,0.18915666666666675,1,NORMAL,790.5,5447.712000000002,0.14510678978624414,670.5600000000001,37.28095919828203,30,LOW RISK,24140.160000000003,0.0,NORMAL,NORMAL,0
2026-09-10 00:01:49,BHARATI,-23.95,31.09,994.48,61.48,0.0,69.75,0.19,79.08,24999.07,26.5,4999.94,24,0.19305577380952393,1,NORMAL,790.8,5560.006285714289,0.14223005503282565,669.96,37.31427249388023,30,LOW RISK,24118.56,0.0,NORMAL,NORMAL,1
2026-09-10 00:01:54,MAITRI,-37.23,59.39,981.46,81.6,0.0,92.99,0.24,72.1,24999.07,35.34,4999.93,33,0.23798996031746011,-1,ANOMALY,721.0,6854.11085714285,0.10519234588227105,670.5600000000001,37.280884633738964,70,HIGH RISK,24140.160000000003,0.0,NORMAL,NORMAL,0
2026-09-10 00:01:55,BHARATI,-27.07,34.34,1000.98,61.61,0.0,75.42,0.21,77.37,24999.03,28.66,4999.93,30,0.20949166666666727,1,NORMAL,773.7,6033.360000000017,0.12823700226739293,669.96,37.31421278882321,30,LOW RISK,24118.56,0.0,NORMAL,NORMAL,1
2026-09-10 00:01:58,MAITRI,-42.12,75.34,966.13,97.96,0.0,95.53,0.25,56.34,24999.95,36.3,5000.0,23,0.24526446428571422,-1,ANOMALY,563.4,7063.616571428569,0.07976084124935112,670.5600000000001,37.28219696969697,70,HIGH RISK,24140.160000000003,0.0,NORMAL,NORMAL,0
2026-09-10 00:01:58,BHARATI,-18.05,11.32,998.12,69.31,0.0,62.35,0.17,81.3,24999.97,23.69,5000.0,21,0.17277031746031787,-1,ANOMALY,813.0,4975.785142857154,0.16339129939464506,669.96,37.31561585766315,70,HIGH RISK,24118.56,0.0,NORMAL,NORMAL,1
2026-09-10 00:02:00,MAITRI,-29.12,21.2,1012.69,64.41,0.0,73.18,0.2,78.05,24999.03,27.81,4999.93,19,0.20407500000000006,1,NORMAL,780.5,5877.3600000000015,0.1327977187036356,670.5600000000001,37.280824982104505,30,LOW RISK,24140.160000000003,0.0,NORMAL,NORMAL,0
2026-09-10 00:02:00,BHARATI,-25.46,49.3,992.24,75.08,0.0,96.74,0.21,70.98,24998.98,36.76,4999.93,33,0.20580666666666697,-1,ANOMALY,709.8,5927.232000000009,0.11975235658060944,669.96,37.31413815750194,70,HIGH RISK,24118.56,0.0,NORMAL,NORMAL,1
2026-09-10 00:02:03,MAITRI,-23.41,25.72,1003.26,73.23,0.0,70.78,0.2,78.76,24999.91,26.9,4999.99,28,0.19682375000000016,1,NORMAL,787.6,5668.524000000004,0.13894269478262763,670.5600000000001,37.28213731806251,30,LOW RISK,24140.160000000003,0.0,NORMAL,NORMAL,0
2026-09-10 00:02:03,BHARATI,-19.74,36.45,1013.71,58.01,0.0,65.73,0.18,80.28,24999.93,24.98,4999.99,25,0.18029166666666643,1,NORMAL,802.8,5192.399999999993,0.15461058470071662,669.96,37.31555615260613,30,LOW RISK,24118.56,0.0,NORMAL,NORMAL,1
2026-09-10 00:02:05,MAITRI,-29.22,38.04,991.64,58.03,0.0,77.68,0.22,76.7,24998.99,29.52,4999.93,30,0.20967500000000044,1,NORMAL,767.0,6038.640000000012,0.12701535445067075,670.5600000000001,37.280765330470054,30,LOW RISK,24140.160000000003,0.0,NORMAL,NORMAL,0
2026-09-10 00:02:05,BHARATI,-28.23,37.04,992.31,50.93,0.0,73.84,0.21,77.85,24998.94,28.06,4999.93,23,0.20685000000000023,1,NORMAL,778.5,5957.280000000006,0.13068044476673904,669.96,37.31407845244492,30,LOW RISK,24118.56,0.0,NORMAL,NORMAL,1
2026-09-10 00:02:08,BHARATI,-31.76,41.09,978.06,89.37,0.0,95.93,0.21,71.22,24999.88,36.45,4999.99,19,0.22051749999999953,-1,ANOMALY,712.1999999999999,6350.903999999986,0.11214151560155869,669.96,37.31548152128485,70,HIGH RISK,24118.56,0.0,NORMAL,NORMAL,1
2026-09-10 00:02:08,MAITRI,-34.81,19.97,1004.43,57.21,0.0,77.95,0.22,76.61,24999.87,29.62,4999.99,16,0.2255017857142855,-1,ANOMALY,766.1,6494.451428571423,0.11796223413568868,670.5600000000001,37.28207766642806,70,HIGH RISK,24140.160000000003,0.0,NORMAL,NORMAL,0
2026-09-10 00:02:10,MAITRI,-26.14,55.26,975.98,77.21,0.0,97.39,0.21,70.78,24998.94,37.01,4999.92,32,0.2089183333333337,-1,ANOMALY,707.8,6016.84800000001,0.11763634381323888,670.5600000000001,37.280690765926984,70,HIGH RISK,24140.160000000003,0.0,NORMAL,NORMAL,0
2026-09-10 00:02:10,BHARATI,-33.87,35.28,992.05,70.62,0.0,95.1,0.22,71.47,24998.89,36.14,4999.92,23,0.22651440476190468,-1,ANOMALY,714.7,6523.614857142855,0.10955582382633437,669.96,37.31400382112365,70,HIGH RISK,24118.56,0.0,NORMAL,NORMAL,1
2026-09-10 00:02:13,MAITRI,-29.14,12.52,985.33,66.86,0.0,73.6,0.2,77.92,24999.83,27.97,4999.99,20,0.20444166666666677,1,NORMAL,779.2,5887.920000000002,0.13233875460264402,670.5600000000001,37.28201801479361,30,LOW RISK,24140.160000000003,0.0,NORMAL,NORMAL,0
2026-09-10 00:02:13,BHARATI,-30.29,16.91,1006.44,70.72,0.0,77.21,0.21,76.84,24999.84,29.34,4999.99,26,0.21925916666666623,1,NORMAL,768.4000000000001,6314.663999999988,0.12168501760347052,669.96,37.31542181622783,30,LOW RISK,24118.56,0.0,NORMAL,NORMAL,1
2026-09-10 00:02:15,MAITRI,-19.65,21.47,993.91,51.88,0.0,69.23,0.19,79.23,24998.9,26.31,4999.92,34,0.18924202380952385,-1,ANOMALY,792.3,5450.170285714286,0.14537160464081958,670.5600000000001,37.28063111429253,70,HIGH RISK,24140.160000000003,0.0,NORMAL,NORMAL,0
2026-09-10 00:02:15,BHARATI,-29.06,39.87,987.91,50.61,0.0,76.31,0.21,77.11,24998.85,29.0,4999.92,27,0.2087000000000004,1,NORMAL,771.1,6010.560000000011,0.12829087472714665,669.96,37.31394411606663,30,LOW RISK,24118.56,0.0,NORMAL,NORMAL,1
2026-09-10 00:02:18,MAITRI,-23.29,31.96,1010.41,66.07,0.0,67.05,0.19,79.88,24999.8,25.48,4999.99,19,0.18718577380952375,1,NORMAL,798.8,5390.950285714284,0.14817424714836921,670.5600000000001,37.28197327606776,30,LOW RISK,24140.160000000003,0.0,NORMAL,NORMAL,0
2026-09-10 00:02:18,BHARATI,-30.41,49.18,993.18,71.58,0.0,98.76,0.22,70.37,24999.79,37.53,4999.99,29,0.22205702380952347,1,NORMAL,703.7,6395.242285714276,0.11003492417666938,669.96,37.315347184906564,30,LOW RISK,24118.56,0.0,NORMAL,NORMAL,1
2026-09-10 00:02:20,BHARATI,-23.04,59.79,982.31,84.99,0.0,94.51,0.19,71.65,24998.8,35.91,4999.92,24,0.18950785714285717,-1,ANOMALY,716.5,5457.826285714286,0.13127937066729653,669.96,37.313869484745354,70,HIGH RISK,24118.56,0.0,NORMAL,NORMAL,1
2026-09-10 00:02:20,MAITRI,-19.6,25.19,999.38,74.6,0.0,63.18,0.18,81.04,24998.87,24.01,4999.92,19,0.1809174999999999,-1,ANOMALY,810.4,5210.423999999996,0.1555343672607067,670.5600000000001,37.280586375566685,70,HIGH RISK,24140.160000000003,0.0,NORMAL,NORMAL,0
2026-09-10 00:02:23,BHARATI,-33.88,18.82,999.7,68.65,0.0,83.78,0.23,74.87,24999.74,31.84,4999.98,33,0.22667035714285688,-1,ANOMALY,748.7,6528.106285714279,0.1146886964200339,669.96,37.31527255358529,70,HIGH RISK,24118.56,0.0,NORMAL,NORMAL,1
2026-09-10 00:02:23,MAITRI,-30.13,17.6,1009.06,73.86,0.0,77.84,0.22,76.65,24999.76,29.58,4999.98,28,0.21709869047619035,1,NORMAL,766.5000000000001,6252.442285714282,0.12259209521234866,670.5600000000001,37.2819136244333,30,LOW RISK,24140.160000000003,0.0,NORMAL,NORMAL,0
2026-09-10 00:02:25,MAITRI,-22.54,22.89,1014.66,75.92,0.0,70.27,0.2,78.92,24998.83,26.7,4999.91,29,0.1904995238095238,1,NORMAL,789.2,5486.386285714285,0.1438469620804785,670.5600000000001,37.28052672393223,30,LOW RISK,24140.160000000003,0.0,NORMAL,NORMAL,0
2026-09-10 00:02:25,BHARATI,-21.32,43.14,1007.19,74.9,0.0,70.19,0.19,78.94,24998.77,26.67,4999.91,32,0.18832750000000012,-1,ANOMALY,789.4,5423.832000000003,0.1455428560471636,669.96,37.31382470595259,70,HIGH RISK,24118.56,0.0,NORMAL,NORMAL,1
2026-09-10 00:02:28,MAITRI,-28.06,22.12,1010.18,63.11,0.0,72.46,0.2,78.26,24999.72,27.53,4999.98,20,0.20447500000000013,1,NORMAL,782.6,5888.880000000004,0.13289454021817385,670.5600000000001,37.28185397279886,30,LOW RISK,24140.160000000003,0.0,NORMAL,NORMAL,0
2026-09-10 00:02:28,BHARATI,-35.38,54.64,973.28,82.86,0.0,92.31,0.23,72.31,24999.7,35.08,4999.98,23,0.23091525793650766,-1,ANOMALY,723.1,6650.359428571421,0.10873096526082514,669.96,37.31521284852827,70,HIGH RISK,24118.56,0.0,NORMAL,NORMAL,1
2026-09-10 00:02:30,MAITRI,-32.11,35.09,996.73,54.33,0.0,77.51,0.22,76.75,24998.79,29.45,4999.91,22,0.22062285714285682,-1,ANOMALY,767.5,6353.9382857142755,0.12079122671455438,670.5600000000001,37.28046707229778,70,HIGH RISK,24140.160000000003,0.0,NORMAL,NORMAL,0
2026-09-10 00:02:30,BHARATI,-27.47,29.45,1004.18,64.18,0.0,73.84,0.21,77.85,24998.73,28.06,4999.91,25,0.20765833333333358,1,NORMAL,778.5,5980.560000000007,0.1301717564910308,669.96,37.31376500089557,30,LOW RISK,24118.56,0.0,NORMAL,NORMAL,1
2026-09-10 00:02:33,MAITRI,-16.64,22.65,993.61,54.6,0.0,62.48,0.17,81.26,24999.68,23.74,4999.98,25,0.17310781746031786,1,NORMAL,812.6000000000001,4985.505142857154,0.1629925106313912,670.5600000000001,37.2817943211644,30,LOW RISK,24140.160000000003,0.0,NORMAL,NORMAL,0
2026-09-10 00:02:33,BHARATI,-29.32,23.49,1008.22,64.2,0.0,74.18,0.21,77.74,24999.66,28.19,4999.98,21,0.20537250000000018,1,NORMAL,777.4,5914.728000000005,0.13143461542103024,669.96,37.31515314347125,30,LOW RISK,24118.56,0.0,NORMAL,NORMAL,1
2026-09-10 00:02:35,MAITRI,-24.71,12.99,993.04,59.06,0.0,66.95,0.19,79.92,24998.75,25.44,4999.91,15,0.19124077380952376,-1,ANOMALY,799.2,5507.734285714284,0.14510503930317217,670.5600000000001,37.28040742066332,70,HIGH RISK,24140.160000000003,0.0,NORMAL,NORMAL,0
2026-09-10 00:02:35,BHARATI,-18.82,40.09,993.37,67.78,0.0,66.76,0.19,79.97,24998.69,25.37,4999.91,30,0.18225749999999993,-1,ANOMALY,799.6999999999999,5249.015999999998,0.15235236470988092,669.96,37.31370529583855,70,HIGH RISK,24118.56,0.0,NORMAL,NORMAL,1
2026-09-10 00:02:38,BHARATI,-16.49,41.67,1001.32,68.6,0.0,61.52,0.17,81.54,24999.62,23.38,4999.97,23,0.17015251984127036,-1,ANOMALY,815.4,4900.392571428586,0.16639483227407853,669.96,37.31509343841423,70,HIGH RISK,24118.56,0.0,NORMAL,NORMAL,1
2026-09-10 00:02:38,MAITRI,-16.39,13.08,1000.69,66.05,0.0,59.0,0.16,82.3,24999.65,22.42,4999.98,17,0.16560537698412722,-1,ANOMALY,823.0,4769.434857142864,0.17255713195609496,670.5600000000001,37.28174958243856,70,HIGH RISK,24140.160000000003,0.0,NORMAL,NORMAL,0
2026-09-10 00:02:40,MAITRI,-21.28,28.69,988.31,64.19,0.0,69.34,0.19,79.2,24998.72,26.35,4999.91,30,0.1880983333333334,-1,ANOMALY,792.0,5417.232000000001,0.14620012582071432,670.5600000000001,37.28036268193748,70,HIGH RISK,24140.160000000003,0.0,NORMAL,NORMAL,0
2026-09-10 00:02:40,BHARATI,-28.44,23.89,988.62,51.41,0.0,74.06,0.21,77.78,24998.65,28.14,4999.9,23,0.20732916666666695,-1,ANOMALY,777.8000000000001,5971.080000000008,0.13026119228012337,669.96,37.31364559078154,70,HIGH RISK,24118.56,0.0,NORMAL,NORMAL,1
2026-09-10 00:02:43,MAITRI,-25.02,44.01,1007.46,55.31,0.0,71.68,0.2,78.5,24999.62,27.24,4999.97,26,0.20005875000000015,1,NORMAL,785.0,5761.692000000004,0.13624470034149683,670.5600000000001,37.28170484371271,30,LOW RISK,24140.160000000003,0.0,NORMAL,NORMAL,0
2026-09-10 00:02:43,BHARATI,-16.36,35.15,990.72,50.31,0.0,60.18,0.17,81.95,24999.59,22.87,4999.97,20,0.16858751984127024,-1,ANOMALY,819.5,4855.320571428582,0.16878391198768536,669.96,37.31504865962147,70,HIGH RISK,24118.56,0.0,NORMAL,NORMAL,1
2026-09-10 00:02:45,MAITRI,-32.04,14.0,999.84,79.87,0.0,77.04,0.21,76.89,24998.68,29.27,4999.9,21,0.21959785714285687,-1,ANOMALY,768.9,6324.418285714278,0.1215763988502795,670.5600000000001,37.280303030303024,70,HIGH RISK,24140.160000000003,0.0,NORMAL,NORMAL,0
2026-09-10 00:02:45,BHARATI,-16.22,21.39,997.73,51.34,0.0,64.43,0.18,80.67,24998.62,24.48,4999.9,31,0.18163077380952372,-1,ANOMALY,806.6999999999999,5230.966285714283,0.1542162491475217,669.96,37.31360081198877,70,HIGH RISK,24118.56,0.0,NORMAL,NORMAL,1
2026-09-10 00:02:48,MAITRI,-43.37,72.97,953.83,89.11,0.0,87.91,0.24,58.63,24999.57,33.41,4999.97,15,0.24463196428571418,-1,ANOMALY,586.3000000000001,7045.400571428569,0.08321741170795038,670.5600000000001,37.28163027916965,70,HIGH RISK,24140.160000000003,0.0,NORMAL,NORMAL,0
2026-09-10 00:02:48,BHARATI,-30.19,24.64,988.18,65.69,0.0,75.1,0.21,77.47,24999.55,28.54,4999.97,21,0.21727999999999967,1,NORMAL,774.6999999999999,6257.66399999999,0.12380019125347753,669.96,37.31498895456445,30,LOW RISK,24118.56,0.0,NORMAL,NORMAL,1
2026-09-10 00:02:50,BHARATI,-19.12,23.27,997.82,73.94,0.0,68.67,0.19,79.4,24998.58,26.1,4999.9,34,0.1893003571428572,-1,ANOMALY,794.0,5451.850285714288,0.14563862879370543,669.96,37.31354110693176,70,HIGH RISK,24118.56,0.0,NORMAL,NORMAL,1
2026-09-10 00:02:50,MAITRI,-23.03,32.69,1000.53,76.78,0.0,69.98,0.19,79.01,24998.64,26.59,4999.9,27,0.1894733333333334,1,NORMAL,790.1,5456.832000000002,0.14479097029192023,670.5600000000001,37.28024337866857,30,LOW RISK,24140.160000000003,0.0,NORMAL,NORMAL,0
2026-09-10 00:02:53,MAITRI,-33.22,38.59,1010.56,50.4,0.0,77.08,0.21,76.88,24999.53,29.29,4999.97,18,0.2206416666666663,-1,ANOMALY,768.8,6354.479999999989,0.12098550943586278,670.5600000000001,37.28157062753519,70,HIGH RISK,24140.160000000003,0.0,NORMAL,NORMAL,0
2026-09-10 00:02:53,BHARATI,-15.03,21.61,1009.08,75.09,0.0,59.98,0.17,82.01,24999.52,22.79,4999.97,23,0.1683070436507941,-1,ANOMALY,820.1,4847.24285714287,0.16918896456601204,669.96,37.314944175771686,70,HIGH RISK,24118.56,0.0,NORMAL,NORMAL,1
2026-09-10 00:02:55,MAITRI,-19.29,42.6,1010.65,77.19,0.0,62.05,0.17,81.38,24998.61,23.58,4999.9,17,0.17104722222222257,-1,ANOMALY,813.8,4926.16000000001,0.1651996687074716,670.5600000000001,37.28019863994273,70,HIGH RISK,24140.160000000003,0.0,NORMAL,NORMAL,0
2026-09-10 00:02:55,BHARATI,-32.05,41.87,1004.83,53.42,0.0,77.05,0.21,76.88,24998.54,29.28,4999.89,21,0.2195936904761901,-1,ANOMALY,768.8,6324.298285714274,0.12156289366309841,669.96,37.31348140187474,70,HIGH RISK,24118.56,0.0,NORMAL,NORMAL,1
2026-09-10 00:02:58,MAITRI,-26.48,28.71,990.97,63.41,0.0,73.2,0.2,78.04,24999.49,27.82,4999.97,26,0.20788750000000034,1,NORMAL,780.4000000000001,5987.160000000009,0.1303456062640716,670.5600000000001,37.28151097590074,30,LOW RISK,24140.160000000003,0.0,NORMAL,NORMAL,0
2026-09-10 00:02:58,BHARATI,-16.16,16.02,986.26,53.15,0.0,60.37,0.17,81.89,24999.49,22.94,4999.96,21,0.1693345436507942,-1,ANOMALY,818.9,4876.834857142872,0.1679162866875829,669.96,37.31489939697892,70,HIGH RISK,24118.56,0.0,NORMAL,NORMAL,1
2026-09-10 00:03:00,MAITRI,-34.67,10.47,997.65,50.29,0.0,81.0,0.23,75.7,24998.56,30.78,4999.9,24,0.2265322619047619,-1,ANOMALY,757.0,6524.129142857142,0.11603081168753251,670.5600000000001,37.28012407539966,70,HIGH RISK,24140.160000000003,0.0,NORMAL,NORMAL,0
2026-09-10 00:03:00,BHARATI,-29.69,22.61,1014.53,67.81,0.0,75.38,0.21,77.39,24998.5,28.64,4999.89,23,0.20802202380952423,-1,ANOMALY,773.9,5991.034285714297,0.12917635972228955,669.96,37.31342169681772,70,HIGH RISK,24118.56,0.0,NORMAL,NORMAL,1
2026-09-10 00:03:03,MAITRI,-29.54,31.55,1003.68,77.78,0.0,78.82,0.22,76.35,24999.45,29.95,4999.96,32,0.2099720238095243,1,NORMAL,763.5,6047.194285714299,0.12625689930347836,670.5600000000001,37.281451324266285,30,LOW RISK,24140.160000000003,0.0,NORMAL,NORMAL,0
2026-09-10 00:03:03,BHARATI,-33.3,38.94,986.91,84.51,0.0,96.73,0.21,70.98,24999.44,36.76,4999.96,15,0.22180749999999955,-1,ANOMALY,709.8,6388.055999999986,0.11111361578545985,669.96,37.31482476565765,70,HIGH RISK,24118.56,0.0,NORMAL,NORMAL,1
2026-09-10 00:03:05,BHARATI,-15.33,34.57,992.68,51.2,0.0,61.9,0.17,81.43,24998.47,23.52,4999.89,27,0.16956418650793703,-1,ANOMALY,814.3000000000001,4883.448571428586,0.16674691830772936,669.96,37.31337691802496,70,HIGH RISK,24118.56,0.0,NORMAL,NORMAL,1
2026-09-10 00:03:05,MAITRI,-25.85,50.08,970.72,82.12,0.0,94.78,0.2,71.57,24998.51,36.02,4999.89,23,0.20741750000000025,-1,ANOMALY,715.6999999999999,5973.624000000007,0.11981001817322266,670.5600000000001,37.28004951085659,70,HIGH RISK,24140.160000000003,0.0,NORMAL,NORMAL,0
2026-09-10 00:03:08,MAITRI,-20.33,36.87,973.5,70.72,0.0,93.16,0.19,72.05,24999.4,35.4,4999.96,30,0.1886175,-1,ANOMALY,720.4999999999999,5432.183999999999,0.1326354188297009,670.5600000000001,37.281376759723216,70,HIGH RISK,24140.160000000003,0.0,NORMAL,NORMAL,0
2026-09-10 00:03:08,BHARATI,-20.8,36.54,990.9,69.21,0.0,65.24,0.18,80.43,24999.4,24.79,4999.96,21,0.18102166666666653,1,NORMAL,804.3000000000001,5213.423999999995,0.1542748105659545,669.96,37.314765060600635,30,LOW RISK,24118.56,0.0,NORMAL,NORMAL,1
2026-09-10 00:03:10,MAITRI,-30.62,40.31,983.73,80.95,0.0,96.97,0.21,70.91,24998.46,36.85,4999.89,20,0.22012416666666643,-1,ANOMALY,709.0999999999999,6339.575999999994,0.1118529062511437,670.5600000000001,37.27997494631352,70,HIGH RISK,24140.160000000003,0.0,NORMAL,NORMAL,0
2026-09-10 00:03:10,BHARATI,-18.32,14.51,1002.17,69.93,0.0,61.04,0.17,81.69,24998.44,23.19,4999.89,17,0.16959162698412744,-1,ANOMALY,816.9,4884.23885714287,0.1672522626131068,669.96,37.31333213923219,70,HIGH RISK,24118.56,0.0,NORMAL,NORMAL,1
2026-09-10 00:03:13,MAITRI,-43.98,61.17,973.2,98.0,0.0,94.23,0.26,56.73,24999.35,35.81,4999.96,28,0.2460781547619047,-1,ANOMALY,567.3,7087.0508571428545,0.08004740073626437,670.5600000000001,37.281302195180146,70,HIGH RISK,24140.160000000003,0.0,NORMAL,NORMAL,0
2026-09-10 00:03:13,BHARATI,-27.19,41.73,1009.04,55.66,0.0,74.35,0.21,77.69,24999.36,28.25,4999.96,27,0.20873333333333363,1,NORMAL,776.9,6011.520000000008,0.12923520174598088,669.96,37.314705355543616,30,LOW RISK,24118.56,0.0,NORMAL,NORMAL,1
2026-09-10 00:03:15,MAITRI,-24.3,16.59,988.07,50.57,0.0,68.51,0.19,79.45,24998.43,26.04,4999.89,20,0.1936599404761905,-1,ANOMALY,794.5,5577.406285714286,0.1424497265036969,670.5600000000001,37.27993020758768,70,HIGH RISK,24140.160000000003,0.0,NORMAL,NORMAL,0
2026-09-10 00:03:15,BHARATI,-20.94,35.4,992.58,75.81,0.0,62.99,0.17,81.1,24998.4,23.94,4999.89,15,0.178045,-1,ANOMALY,811.0,5127.696,0.15816070219451386,669.96,37.313272434175175,70,HIGH RISK,24118.56,0.0,NORMAL,NORMAL,1
2026-09-10 00:03:18,BHARATI,-34.06,34.82,989.34,59.62,0.0,78.37,0.22,76.49,24999.32,29.78,4999.96,19,0.22502892857142828,1,NORMAL,764.8999999999999,6480.833142857134,0.11802494882051334,669.96,37.3146456504866,30,LOW RISK,24118.56,0.0,NORMAL,NORMAL,1
2026-09-10 00:03:18,MAITRI,-34.11,13.61,1012.42,56.07,0.0,79.22,0.22,76.23,24999.31,30.1,4999.95,21,0.22527892857142834,-1,ANOMALY,762.3000000000001,6488.033142857135,0.11749323457745255,670.5600000000001,37.281242543545694,70,HIGH RISK,24140.160000000003,0.0,NORMAL,NORMAL,0
2026-09-10 00:03:20,MAITRI,-23.49,42.94,993.3,66.91,0.0,67.66,0.19,79.7,24998.39,25.71,4999.89,20,0.1919307738095238,-1,ANOMALY,797.0,5527.606285714285,0.14418537768505532,670.5600000000001,37.27987055595323,70,HIGH RISK,24140.160000000003,0.0,NORMAL,NORMAL,0
2026-09-10 00:03:20,BHARATI,-30.09,10.88,987.96,57.37,0.0,77.79,0.22,76.66,24998.36,29.56,4999.88,28,0.21755904761904754,-1,ANOMALY,766.5999999999999,6265.70057142857,0.12234864900753091,669.96,37.313212729118156,70,HIGH RISK,24118.56,0.0,NORMAL,NORMAL,1
2026-09-10 00:03:23,MAITRI,-25.04,12.71,1002.47,67.95,0.0,67.69,0.19,79.69,24999.27,25.72,4999.95,16,0.1953895833333334,-1,ANOMALY,796.9,5627.220000000001,0.14161522030416437,670.5600000000001,37.281182891911236,70,HIGH RISK,24140.160000000003,0.0,NORMAL,NORMAL,0
2026-09-10 00:03:23,BHARATI,-44.48,56.68,958.14,95.11,0.0,94.42,0.25,56.67,24999.27,35.88,4999.95,24,0.24439291666666663,-1,ANOMALY,566.6999999999999,7038.515999999999,0.08051413110377245,669.96,37.31457101916532,70,HIGH RISK,24118.56,0.0,NORMAL,NORMAL,1
2026-09-10 00:03:25,MAITRI,-22.2,27.73,985.24,62.3,0.0,64.71,0.18,80.59,24998.36,24.59,4999.88,16,0.1822283333333332,-1,ANOMALY,805.9000000000001,5248.175999999996,0.15355811238037761,670.5600000000001,37.27982581722739,70,HIGH RISK,24140.160000000003,0.0,NORMAL,NORMAL,0
2026-09-10 00:03:25,BHARATI,-31.8,27.38,989.46,69.48,0.0,74.39,0.21,77.68,24998.32,28.27,4999.88,15,0.21927285714285685,-1,ANOMALY,776.8000000000001,6315.058285714276,0.12300757409591172,669.96,37.31315302406114,70,HIGH RISK,24118.56,0.0,NORMAL,NORMAL,1
2026-09-10 00:03:28,MAITRI,-20.15,42.93,1001.89,71.14,0.0,64.96,0.18,80.51,24999.24,24.69,4999.95,22,0.1814758333333332,1,NORMAL,805.1,5226.503999999995,0.15404178395348034,670.5600000000001,37.281138153185395,30,LOW RISK,24140.160000000003,0.0,NORMAL,NORMAL,0
2026-09-10 00:03:28,BHARATI,-39.59,65.6,954.36,92.85,0.0,91.74,0.23,57.48,24999.23,34.86,4999.95,15,0.24036597222222206,-1,ANOMALY,574.8,6922.5399999999945,0.08303310634535885,669.96,37.3145113141083,70,HIGH RISK,24118.56,0.0,NORMAL,NORMAL,1
2026-09-10 00:03:30,BHARATI,-18.53,39.38,994.74,79.38,0.0,63.26,0.18,81.02,24998.29,24.04,4999.88,22,0.18074083333333324,-1,ANOMALY,810.1999999999999,5205.335999999997,0.15564797354099724,669.96,37.313108245268374,70,HIGH RISK,24118.56,0.0,NORMAL,NORMAL,1
2026-09-10 00:03:30,MAITRI,-36.47,74.04,953.23,87.19,0.0,92.73,0.24,57.18,24998.31,35.24,4999.88,33,0.23649621031746004,-1,ANOMALY,571.8,6811.090857142849,0.08395131000203124,670.5600000000001,37.27975125268432,70,HIGH RISK,24140.160000000003,0.0,NORMAL,NORMAL,0
2026-09-10 00:03:33,MAITRI,-34.51,23.55,995.41,68.92,0.0,83.24,0.23,75.03,24999.19,31.63,4999.95,30,0.22809749999999998,-1,ANOMALY,750.3,6569.208,0.11421468158718677,670.5600000000001,37.281063588642326,70,HIGH RISK,24140.160000000003,0.0,NORMAL,NORMAL,0
2026-09-10 00:03:33,BHARATI,-28.96,19.83,992.67,77.55,0.0,72.61,0.2,78.22,24999.19,27.59,4999.95,18,0.20438333333333347,-1,ANOMALY,782.2,5886.240000000003,0.13288618880643663,669.96,37.31445160905128,70,HIGH RISK,24118.56,0.0,NORMAL,NORMAL,1
2026-09-10 00:03:35,MAITRI,-24.14,37.84,1001.9,66.77,0.0,71.55,0.2,78.54,24998.27,27.19,4999.88,28,0.19801375000000015,-1,ANOMALY,785.4000000000001,5702.796000000004,0.1377219174594356,670.5600000000001,37.27969160104987,70,HIGH RISK,24140.160000000003,0.0,NORMAL,NORMAL,0
2026-09-10 00:03:35,BHARATI,-32.32,40.75,996.36,53.74,0.0,78.53,0.22,76.44,24998.25,29.84,4999.88,24,0.22093535714285675,-1,ANOMALY,764.4,6362.938285714274,0.12013317836449705,669.96,37.313048540211355,70,HIGH RISK,24118.56,0.0,NORMAL,NORMAL,1
2026-09-10 00:03:38,MAITRI,-23.67,49.85,992.62,82.05,0.0,96.87,0.2,70.94,24999.14,36.81,4999.94,26,0.19764458333333346,-1,ANOMALY,709.4,5692.164000000003,0.12462747032587247,670.5600000000001,37.280989024099256,70,HIGH RISK,24140.160000000003,0.0,NORMAL,NORMAL,0
2026-09-10 00:03:38,BHARATI,-33.77,43.13,992.88,81.49,0.0,97.81,0.23,70.66,24999.14,37.17,4999.95,29,0.2281754761904761,-1,ANOMALY,706.6,6571.453714285711,0.10752567555393708,669.96,37.314376977730014,70,HIGH RISK,24118.56,0.0,NORMAL,NORMAL,1
2026-09-10 00:03:40,MAITRI,-34.56,39.09,991.62,72.37,0.0,96.91,0.23,70.93,24998.22,36.83,4999.87,25,0.2274069047619047,-1,ANOMALY,709.3000000000001,6549.318857142855,0.1083013387302741,670.5600000000001,37.2796170365068,70,HIGH RISK,24140.160000000003,0.0,NORMAL,NORMAL,0
2026-09-10 00:03:40,BHARATI,-16.03,24.87,1005.2,67.82,0.0,60.64,0.17,81.81,24998.22,23.04,4999.87,22,0.1695928769841275,-1,ANOMALY,818.1,4884.274857142872,0.16749671628401347,669.96,37.31300376141859,70,HIGH RISK,24118.56,0.0,NORMAL,NORMAL,1
2026-09-10 00:03:43,MAITRI,-21.39,19.05,1009.15,55.22,0.0,63.46,0.18,80.96,24999.11,24.11,4999.94,15,0.1819270238095237,-1,ANOMALY,809.6,5239.498285714282,0.15451861148755583,670.5600000000001,37.280944285373415,70,HIGH RISK,24140.160000000003,0.0,NORMAL,NORMAL,0
2026-09-10 00:03:43,BHARATI,-20.48,43.6,1010.74,53.07,0.0,69.7,0.19,79.09,24999.1,26.49,4999.94,33,0.18782750000000006,-1,ANOMALY,790.9000000000001,5409.432000000002,0.14620758704425896,669.96,37.314317272672994,70,HIGH RISK,24118.56,0.0,NORMAL,NORMAL,1
2026-09-10 00:03:45,BHARATI,-27.22,53.73,980.32,86.2,0.0,93.68,0.2,71.9,24998.17,35.6,4999.87,19,0.20532166666666676,-1,ANOMALY,719.0000000000001,5913.264000000003,0.12159105360423614,669.96,37.31292913009732,70,HIGH RISK,24118.56,0.0,NORMAL,NORMAL,1
2026-09-10 00:03:45,MAITRI,-44.4,63.73,953.76,91.27,0.0,96.85,0.26,55.95,24998.17,36.8,4999.87,30,0.24712065476190467,-1,ANOMALY,559.5,7117.074857142854,0.07861375793152905,670.5600000000001,37.27954247196372,70,HIGH RISK,24140.160000000003,0.0,NORMAL,NORMAL,0
2026-09-10 00:03:48,MAITRI,-31.79,26.84,1004.55,61.31,0.0,75.97,0.21,77.21,24999.07,28.87,4999.94,19,0.2194103571428569,1,NORMAL,772.0999999999999,6319.018285714279,0.12218670133389628,670.5600000000001,37.280884633738964,30,LOW RISK,24140.160000000003,0.0,NORMAL,NORMAL,0
2026-09-10 00:03:48,BHARATI,-21.12,24.85,995.47,52.55,0.0,67.98,0.19,79.61,24999.06,25.83,4999.94,27,0.18870369047619054,1,NORMAL,796.1,5434.666285714287,0.14648553529269134,669.96,37.314257567615975,30,LOW RISK,24118.56,0.0,NORMAL,NORMAL,1
2026-09-10 00:03:50,MAITRI,-34.13,51.31,977.42,81.52,0.0,98.87,0.22,70.34,24998.12,37.57,4999.87,21,0.22780523809523806,-1,ANOMALY,703.4,6560.790857142856,0.10721268446382423,670.5600000000001,37.27946790742066,70,HIGH RISK,24140.160000000003,0.0,NORMAL,NORMAL,0
2026-09-10 00:03:50,BHARATI,-15.53,16.3,992.95,51.27,0.0,60.9,0.17,81.73,24998.14,23.14,4999.87,24,0.16892537698412757,-1,ANOMALY,817.3000000000001,4865.0508571428745,0.16799413284653317,669.96,37.312884351304554,70,HIGH RISK,24118.56,0.0,NORMAL,NORMAL,1
2026-09-10 00:03:53,MAITRI,-38.06,59.3,972.27,76.68,0.0,95.64,0.23,71.31,24999.02,36.34,4999.94,19,0.23651972222222206,-1,ANOMALY,713.1,6811.767999999995,0.10468647787182427,670.5600000000001,37.280810069195894,70,HIGH RISK,24140.160000000003,0.0,NORMAL,NORMAL,0
2026-09-10 00:03:53,BHARATI,-39.28,63.89,961.99,89.26,0.0,91.93,0.25,57.42,24999.01,34.94,4999.93,31,0.24226121031746012,-1,ANOMALY,574.2,6977.122857142851,0.08229753320341221,669.96,37.3141829362947,70,HIGH RISK,24118.56,0.0,NORMAL,NORMAL,1
2026-09-10 00:03:55,MAITRI,-21.38,23.98,988.01,77.63,0.0,63.85,0.18,80.85,24998.08,24.26,4999.87,16,0.18198952380952366,-1,ANOMALY,808.5,5241.2982857142815,0.15425567405763818,670.5600000000001,37.27940825578621,70,HIGH RISK,24140.160000000003,0.0,NORMAL,NORMAL,0
2026-09-10 00:03:55,BHARATI,-16.47,13.66,986.09,52.07,0.0,64.69,0.18,80.59,24998.1,24.58,4999.86,31,0.18170577380952374,-1,ANOMALY,805.9000000000001,5233.126285714284,0.15399972330115488,669.96,37.312824646247535,70,HIGH RISK,24118.56,0.0,NORMAL,NORMAL,1
2026-09-10 00:03:58,BHARATI,-18.02,33.17,1000.59,76.76,0.0,62.32,0.17,81.3,24998.98,23.68,4999.93,21,0.17319079365079407,-1,ANOMALY,813.0,4987.894857142869,0.16299461461898115,669.96,37.31413815750194,70,HIGH RISK,24118.56,0.0,NORMAL,NORMAL,1
2026-09-10 00:03:58,MAITRI,-15.41,43.02,990.9,76.43,0.0,60.78,0.17,81.77,24998.99,23.1,4999.94,24,0.1689783531746037,-1,ANOMALY,817.6999999999999,4866.576571428586,0.1680236585201748,670.5600000000001,37.280765330470054,70,HIGH RISK,24140.160000000003,0.0,NORMAL,NORMAL,0
2026-09-10 00:04:00,MAITRI,-38.53,38.57,989.54,71.54,0.0,97.9,0.23,70.63,24998.03,37.2,4999.86,20,0.2377663888888887,-1,ANOMALY,706.3,6847.671999999994,0.10314454313816442,670.5600000000001,37.27933369124314,70,HIGH RISK,24140.160000000003,0.0,NORMAL,NORMAL,0
2026-09-10 00:04:00,BHARATI,-28.56,15.3,1000.99,78.76,0.0,74.59,0.21,77.62,24998.06,28.34,4999.86,24,0.20843750000000041,-1,ANOMALY,776.2,6003.000000000012,0.129302015658837,669.96,37.312764941190515,70,HIGH RISK,24118.56,0.0,NORMAL,NORMAL,1
2026-09-10 00:04:03,MAITRI,-24.64,29.14,998.18,59.6,0.0,67.67,0.19,79.7,24998.95,25.71,4999.93,17,0.19392910714285722,-1,ANOMALY,797.0,5585.158285714288,0.14269962626458874,670.5600000000001,37.280705678835595,70,HIGH RISK,24140.160000000003,0.0,NORMAL,NORMAL,0
2026-09-10 00:04:03,BHARATI,-33.51,10.63,1009.55,51.07,0.0,80.59,0.22,75.82,24998.94,30.62,4999.93,26,0.22251785714285688,-1,ANOMALY,758.1999999999999,6408.514285714278,0.11831135364559661,669.96,37.31407845244492,70,HIGH RISK,24118.56,0.0,NORMAL,NORMAL,1
2026-09-10 00:04:05,MAITRI,-21.97,19.45,998.47,76.31,0.0,71.27,0.2,78.62,24997.99,27.08,4999.86,33,0.19099202380952385,-1,ANOMALY,786.2,5500.570285714287,0.14293063430929445,670.5600000000001,37.27927403960869,70,HIGH RISK,24140.160000000003,0.0,NORMAL,NORMAL,0
2026-09-10 00:04:05,BHARATI,-35.03,46.35,981.27,87.48,0.0,94.49,0.23,71.65,24998.01,35.91,4999.86,25,0.22704440476190466,-1,ANOMALY,716.5,6538.878857142854,0.10957535927085103,669.96,37.31269030986924,70,HIGH RISK,24118.56,0.0,NORMAL,NORMAL,1
2026-09-10 00:04:08,MAITRI,-25.15,44.88,1004.8,63.92,0.0,69.4,0.19,79.18,24998.91,26.37,4999.93,20,0.19544791666666672,-1,ANOMALY,791.8000000000001,5628.9000000000015,0.14066691538311213,670.5600000000001,37.28064602720114,70,HIGH RISK,24140.160000000003,0.0,NORMAL,NORMAL,0
2026-09-10 00:04:08,BHARATI,-34.71,51.83,993.29,78.79,0.0,96.14,0.24,71.16,24998.89,36.53,4999.93,33,0.22865547619047608,-1,ANOMALY,711.6,6585.277714285711,0.10805922405615441,669.96,37.31400382112365,70,HIGH RISK,24118.56,0.0,NORMAL,NORMAL,1
2026-09-10 00:04:10,MAITRI,-27.25,44.41,1000.64,62.72,0.0,72.01,0.2,78.4,24997.96,27.36,4999.86,21,0.20410000000000003,-1,ANOMALY,784.0,5878.08,0.13337688496924166,670.5600000000001,37.27922930088284,70,HIGH RISK,24140.160000000003,0.0,NORMAL,NORMAL,0
2026-09-10 00:04:10,BHARATI,-15.04,15.79,1009.33,53.38,0.0,63.6,0.18,80.92,24997.98,24.17,4999.85,32,0.18075494047619045,-1,ANOMALY,809.2,5205.742285714285,0.1554437303246119,669.96,37.31264553107648,70,HIGH RISK,24118.56,0.0,NORMAL,NORMAL,1
2026-09-10 00:04:13,MAITRI,-17.18,26.51,988.91,79.58,0.0,64.64,0.18,80.61,24998.88,24.56,4999.93,29,0.1821866666666665,-1,ANOMALY,806.1,5246.975999999995,0.15363134879976595,670.5600000000001,37.2806012884753,70,HIGH RISK,24140.160000000003,0.0,NORMAL,NORMAL,0
2026-09-10 00:04:14,BHARATI,-34.57,39.56,999.03,77.26,0.0,77.3,0.21,76.81,24998.85,29.37,4999.92,15,0.2257364285714285,-1,ANOMALY,768.1,6501.20914285714,0.11814725278357016,669.96,37.31394411606663,70,HIGH RISK,24118.56,0.0,NORMAL,NORMAL,1
2026-09-10 00:04:15,MAITRI,-22.1,30.34,993.14,76.15,0.0,65.41,0.18,80.38,24997.92,24.85,4999.86,18,0.1815908333333332,-1,ANOMALY,803.8,5229.815999999995,0.15369565583186878,670.5600000000001,37.27916964924838,70,HIGH RISK,24140.160000000003,0.0,NORMAL,NORMAL,0
2026-09-10 00:04:15,BHARATI,-22.14,34.93,1005.69,58.81,0.0,65.84,0.18,80.25,24997.94,25.02,4999.85,19,0.18159499999999987,-1,ANOMALY,802.5,5229.935999999996,0.15344356030360612,669.96,37.31258582601946,70,HIGH RISK,24118.56,0.0,NORMAL,NORMAL,1
2026-09-10 00:04:19,MAITRI,-26.34,38.4,997.59,56.62,0.0,68.65,0.19,79.4,24998.84,26.09,4999.93,15,0.20289166666666675,-1,ANOMALY,794.0,5843.2800000000025,0.13588258649251783,670.5600000000001,37.280541636840844,70,HIGH RISK,24140.160000000003,0.0,NORMAL,NORMAL,0
2026-09-10 00:04:19,BHARATI,-37.03,75.47,954.03,94.52,0.0,96.8,0.24,55.96,24998.8,36.78,4999.92,30,0.23745662698412673,-1,ANOMALY,559.6,6838.75085714285,0.08182780915545655,669.96,37.313869484745354,70,HIGH RISK,24118.56,0.0,NORMAL,NORMAL,1
2026-09-10 00:04:20,MAITRI,-30.38,13.38,1013.95,59.87,0.0,77.3,0.21,76.81,24997.88,29.37,4999.85,26,0.21989035714285687,-1,ANOMALY,768.1,6332.842285714278,0.12128835131938967,670.5600000000001,37.279109997613936,70,HIGH RISK,24140.160000000003,0.0,NORMAL,NORMAL,0
2026-09-10 00:04:20,BHARATI,-23.19,48.66,977.03,73.69,0.0,92.48,0.2,72.26,24997.89,35.14,4999.85,32,0.1958545833333336,-1,ANOMALY,722.6,5640.612000000007,0.12810666643974078,669.96,37.31251119469819,70,HIGH RISK,24118.56,0.0,NORMAL,NORMAL,1
2026-09-10 00:04:24,MAITRI,-29.44,36.93,1004.76,55.97,0.0,79.11,0.22,76.27,24998.8,30.06,4999.92,33,0.20995119047619093,-1,ANOMALY,762.6999999999999,6046.594285714298,0.12613712181780698,670.5600000000001,37.28048198520639,70,HIGH RISK,24140.160000000003,0.0,NORMAL,NORMAL,0
2026-09-10 00:04:24,BHARATI,-20.56,17.3,1012.54,61.52,0.0,63.79,0.18,80.86,24998.76,24.24,4999.92,18,0.18194369047619038,-1,ANOMALY,808.6,5239.978285714283,0.1543136165667863,669.96,37.313809779688334,70,HIGH RISK,24118.56,0.0,NORMAL,NORMAL,1
2026-09-10 00:04:25,BHARATI,-28.95,41.15,1012.9,54.38,0.0,72.6,0.2,78.22,24997.86,27.59,4999.85,18,0.2041166666666667,-1,ANOMALY,782.2,5878.56,0.13305979695707792,669.96,37.312466415905426,70,HIGH RISK,24118.56,0.0,NORMAL,NORMAL,1
2026-09-10 00:04:25,MAITRI,-37.37,40.76,983.44,80.94,0.0,97.64,0.23,70.71,24997.83,37.1,4999.85,19,0.2365013888888887,-1,ANOMALY,707.0999999999999,6811.239999999993,0.10381369618454211,670.5600000000001,37.27903543307087,70,HIGH RISK,24140.160000000003,0.0,NORMAL,NORMAL,0
2026-09-10 00:04:29,MAITRI,-25.63,40.84,1010.11,52.81,0.0,73.12,0.2,78.07,24998.76,27.78,4999.92,28,0.2053133333333336,-1,ANOMALY,780.6999999999999,5913.024000000007,0.13203058198309342,670.5600000000001,37.280422333571934,70,HIGH RISK,24140.160000000003,0.0,NORMAL,NORMAL,0
2026-09-10 00:04:29,BHARATI,-36.32,36.74,993.29,72.77,0.0,93.16,0.24,72.05,24998.71,35.4,4999.92,29,0.23505121031746018,-1,ANOMALY,720.4999999999999,6769.474857142852,0.10643366216801294,669.96,37.313735148367066,70,HIGH RISK,24118.56,0.0,NORMAL,NORMAL,1
2026-09-10 00:04:30,MAITRI,-26.54,42.6,991.76,57.45,0.0,73.27,0.2,78.02,24997.79,27.84,4999.85,26,0.20769583333333358,-1,ANOMALY,780.2,5981.640000000007,0.1304324566506843,670.5600000000001,37.27897578143641,70,HIGH RISK,24140.160000000003,0.0,NORMAL,NORMAL,0
2026-09-10 00:04:30,BHARATI,-28.07,41.25,1012.14,64.29,0.0,72.08,0.2,78.38,24997.82,27.39,4999.84,19,0.2044583333333334,-1,ANOMALY,783.8,5888.4000000000015,0.1331091637796345,669.96,37.31240671084841,70,HIGH RISK,24118.56,0.0,NORMAL,NORMAL,1
2026-09-10 00:04:34,MAITRI,-16.08,10.82,1006.61,78.92,0.0,65.09,0.18,80.47,24998.73,24.73,4999.91,33,0.18164744047619039,-1,ANOMALY,804.6999999999999,5231.446285714283,0.1538197959133072,670.5600000000001,37.280377594846094,70,HIGH RISK,24140.160000000003,0.0,NORMAL,NORMAL,0
2026-09-10 00:04:34,BHARATI,-16.51,16.59,997.0,61.87,0.0,58.33,0.16,82.5,24998.68,22.17,4999.91,15,0.16590537698412722,-1,ANOMALY,825.0,4778.074857142863,0.17266368248012837,669.96,37.3136903695743,70,HIGH RISK,24118.56,0.0,NORMAL,NORMAL,1
2026-09-10 00:04:35,MAITRI,-27.63,31.52,998.99,70.48,0.0,73.61,0.2,77.92,24997.75,27.97,4999.85,24,0.20717500000000022,1,NORMAL,779.2,5966.640000000006,0.13059276242575374,670.5600000000001,37.27891612980196,30,LOW RISK,24140.160000000003,0.0,NORMAL,NORMAL,0
2026-09-10 00:04:35,BHARATI,-22.26,24.33,992.5,79.61,0.0,69.57,0.19,79.13,24997.78,26.44,4999.84,28,0.1892145238095238,-1,ANOMALY,791.3,5449.378285714285,0.14520922544034381,669.96,37.31234700579139,70,HIGH RISK,24118.56,0.0,NORMAL,NORMAL,1
2026-09-10 00:04:39,BHARATI,-27.52,20.66,1013.62,77.93,0.0,72.7,0.2,78.19,24998.64,27.63,4999.91,22,0.2048416666666668,-1,ANOMALY,781.9,5899.440000000003,0.13253800360712195,669.96,37.313630664517284,70,HIGH RISK,24118.56,0.0,NORMAL,NORMAL,1
2026-09-10 00:04:39,MAITRI,-28.99,34.39,989.37,76.34,0.0,77.84,0.22,76.65,24998.69,29.58,4999.91,31,0.20962500000000045,-1,ANOMALY,766.5000000000001,6037.200000000013,0.1269628304512023,670.5600000000001,37.28031794321164,70,HIGH RISK,24140.160000000003,0.0,NORMAL,NORMAL,0
2026-09-10 00:04:40,BHARATI,-28.17,33.6,1008.32,73.93,0.0,74.98,0.21,77.51,24997.74,28.49,4999.84,26,0.20886666666666706,1,NORMAL,775.1,6015.3600000000115,0.12885346845409062,669.96,37.312287300734376,30,LOW RISK,24118.56,0.0,NORMAL,NORMAL,1
2026-09-10 00:04:40,MAITRI,-16.13,13.63,1011.65,50.5,0.0,57.93,0.16,82.62,24997.72,22.01,4999.84,15,0.1655845436507939,-1,ANOMALY,826.2,4768.834857142863,0.1732498660050054,670.5600000000001,37.278871391076116,70,HIGH RISK,24140.160000000003,0.0,NORMAL,NORMAL,0
2026-09-10 00:04:44,MAITRI,-36.8,51.97,970.25,82.36,0.0,96.69,0.23,70.99,24998.64,36.74,4999.91,21,0.23404180555555543,-1,ANOMALY,709.9,6740.403999999996,0.10532009654020744,670.5600000000001,37.28024337866857,70,HIGH RISK,24140.160000000003,0.0,NORMAL,NORMAL,0
2026-09-10 00:04:44,BHARATI,-29.06,20.54,1013.59,54.53,0.0,71.52,0.2,78.55,24998.61,27.18,4999.91,15,0.2043250000000001,-1,ANOMALY,785.5,5884.560000000002,0.1334849164593444,669.96,37.31358588572452,70,HIGH RISK,24118.56,0.0,NORMAL,NORMAL,1
2026-09-10 00:04:45,MAITRI,-18.98,17.75,988.23,75.83,0.0,64.92,0.18,80.52,24997.69,24.67,4999.84,25,0.18220452380952368,-1,ANOMALY,805.1999999999999,5247.4902857142815,0.1534447814400093,670.5600000000001,37.27882665235027,70,HIGH RISK,24140.160000000003,0.0,NORMAL,NORMAL,0
2026-09-10 00:04:45,BHARATI,-24.63,39.47,1001.68,75.41,0.0,68.86,0.19,79.34,24997.71,26.17,4999.84,20,0.19427910714285726,-1,ANOMALY,793.4,5595.238285714289,0.1417991441089652,669.96,37.312242521941606,70,HIGH RISK,24118.56,0.0,NORMAL,NORMAL,1
2026-09-10 00:04:49,MAITRI,-24.1,39.65,996.64,55.38,0.0,70.31,0.2,78.91,24998.6,26.72,4999.91,25,0.1965182738095239,-1,ANOMALY,789.0999999999999,5659.726285714289,0.13942370357940573,670.5600000000001,37.280183727034114,70,HIGH RISK,24140.160000000003,0.0,NORMAL,NORMAL,0
2026-09-10 00:04:49,BHARATI,-15.08,36.29,990.15,66.4,0.0,62.43,0.17,81.27,24998.57,23.72,4999.91,29,0.17192787698412737,-1,ANOMALY,812.6999999999999,4951.522857142868,0.1641313235235563,669.96,37.3135261806675,70,HIGH RISK,24118.56,0.0,NORMAL,NORMAL,1
2026-09-10 00:04:50,MAITRI,-29.42,52.95,977.38,83.94,0.0,92.1,0.21,72.37,24997.64,35.0,4999.84,23,0.20748000000000025,-1,ANOMALY,723.7,5975.424000000006,0.1211127444680075,670.5600000000001,37.2787520878072,70,HIGH RISK,24140.160000000003,0.0,NORMAL,NORMAL,0
2026-09-10 00:04:50,BHARATI,-34.38,42.81,1008.44,58.83,0.0,79.9,0.22,76.03,24997.66,30.36,4999.83,22,0.2260439285714285,-1,ANOMALY,760.3,6510.06514285714,0.1167883858787808,669.96,37.31216789062033,70,HIGH RISK,24118.56,0.0,NORMAL,NORMAL,1
2026-09-10 00:04:54,BHARATI,-19.8,44.33,1000.82,69.49,0.0,66.59,0.18,80.02,24998.54,25.3,4999.9,27,0.18181749999999985,-1,ANOMALY,800.1999999999999,5236.3439999999955,0.15281654528426716,669.96,37.31348140187474,70,HIGH RISK,24118.56,0.0,NORMAL,NORMAL,1
2026-09-10 00:04:54,MAITRI,-21.18,22.2,1007.71,74.52,0.0,68.44,0.19,79.47,24998.56,26.01,4999.9,28,0.18872452380952381,-1,ANOMALY,794.6999999999999,5435.266285714285,0.14621178765219653,670.5600000000001,37.28012407539966,70,HIGH RISK,24140.160000000003,0.0,NORMAL,NORMAL,0
2026-09-10 00:04:56,MAITRI,-19.33,21.44,999.17,67.32,0.0,62.9,0.17,81.13,24997.6,23.9,4999.84,19,0.1785503571428572,-1,ANOMALY,811.3,5142.250285714286,0.15777139480236443,670.5600000000001,37.27869243617275,70,HIGH RISK,24140.160000000003,0.0,NORMAL,NORMAL,0
2026-09-10 00:04:56,BHARATI,-22.27,44.77,991.03,89.53,0.0,94.73,0.19,71.58,24997.61,36.0,4999.83,24,0.18835452380952383,-1,ANOMALY,715.8,5424.610285714286,0.13195417961822245,669.96,37.31209325929906,70,HIGH RISK,24118.56,0.0,NORMAL,NORMAL,1
2026-09-10 00:04:59,MAITRI,-19.77,30.39,996.63,77.12,0.0,68.56,0.19,79.43,24998.53,26.05,4999.9,32,0.18829500000000002,-1,ANOMALY,794.3000000000001,5422.896000000001,0.14647155320699493,670.5600000000001,37.28007933667382,70,HIGH RISK,24140.160000000003,0.0,NORMAL,NORMAL,0
2026-09-10 00:04:59,BHARATI,-29.44,27.64,999.0,65.46,0.0,73.12,0.2,78.06,24998.5,27.78,4999.9,18,0.20460952380952388,-1,ANOMALY,780.6,5892.754285714287,0.13246776671010982,669.96,37.31342169681772,70,HIGH RISK,24118.56,0.0,NORMAL,NORMAL,1
2026-09-10 00:05:01,MAITRI,-26.24,19.48,1008.29,55.79,0.0,71.35,0.2,78.59,24997.57,27.11,4999.83,22,0.20438333333333347,-1,ANOMALY,785.9000000000001,5886.240000000003,0.1335147734377123,670.5600000000001,37.27864769744691,70,HIGH RISK,24140.160000000003,0.0,NORMAL,NORMAL,0
2026-09-10 00:05:01,BHARATI,-25.65,39.18,993.39,80.83,0.0,98.8,0.2,70.36,24997.56,37.54,4999.83,24,0.2060475000000003,-1,ANOMALY,703.6,5934.168000000009,0.11856759026707686,669.96,37.31201862797779,70,HIGH RISK,24118.56,0.0,NORMAL,NORMAL,1
2026-09-10 00:05:04,MAITRI,-26.8,15.13,1013.35,59.99,0.0,72.34,0.2,78.3,24998.49,27.49,4999.9,23,0.2069916666666669,-1,ANOMALY,782.9999999999999,5961.360000000006,0.13134586738596546,670.5600000000001,37.28001968503937,70,HIGH RISK,24140.160000000003,0.0,NORMAL,NORMAL,0
2026-09-10 00:05:04,BHARATI,-18.99,41.16,1012.95,79.21,0.0,65.34,0.18,80.4,24998.47,24.83,4999.9,26,0.18155749999999987,-1,ANOMALY,804.0,5228.855999999996,0.15376212311067672,669.96,37.31337691802496,70,HIGH RISK,24118.56,0.0,NORMAL,NORMAL,1
2026-09-10 00:05:06,MAITRI,-33.69,27.04,1004.15,65.74,0.0,77.58,0.22,76.73,24997.53,29.48,4999.83,18,0.2217228571428569,-1,ANOMALY,767.3000000000001,6385.618285714278,0.12016064313092151,670.5600000000001,37.27858804581245,70,HIGH RISK,24140.160000000003,0.0,NORMAL,NORMAL,0
2026-09-10 00:05:06,BHARATI,-30.26,53.62,971.68,80.47,0.0,94.18,0.22,71.75,24997.51,35.79,4999.82,28,0.22131619047619022,-1,ANOMALY,717.5,6373.906285714278,0.11256833217145346,669.96,37.31194399665651,70,HIGH RISK,24118.56,0.0,NORMAL,NORMAL,1
2026-09-10 00:05:09,BHARATI,-18.78,29.67,1004.74,63.11,0.0,65.92,0.18,80.22,24998.43,25.05,4999.89,28,0.1816408333333332,-1,ANOMALY,802.2,5231.255999999996,0.15334749436846537,669.96,37.31331721296794,70,HIGH RISK,24118.56,0.0,NORMAL,NORMAL,1
2026-09-10 00:05:09,MAITRI,-19.88,11.25,1002.29,74.98,0.0,64.67,0.18,80.6,24998.46,24.57,4999.89,22,0.1821645238095237,-1,ANOMALY,805.9999999999999,5246.338285714282,0.1536309624171069,670.5600000000001,37.27997494631352,70,HIGH RISK,24140.160000000003,0.0,NORMAL,NORMAL,0
2026-09-10 00:05:11,MAITRI,-25.57,45.67,993.11,86.31,0.0,96.67,0.21,71.0,24997.47,36.73,4999.83,30,0.206656666666667,-1,ANOMALY,710.0,5951.712000000009,0.11929340667021505,670.5600000000001,37.278498568360774,70,HIGH RISK,24140.160000000003,0.0,NORMAL,NORMAL,0
2026-09-10 00:05:11,BHARATI,-29.59,28.54,1013.32,74.62,0.0,76.47,0.21,77.06,24997.47,29.06,4999.82,26,0.20895119047619093,1,NORMAL,770.6,6017.794285714299,0.12805356305205295,669.96,37.3118842915995,30,LOW RISK,24118.56,0.0,NORMAL,NORMAL,1
2026-09-10 00:05:14,MAITRI,-26.89,23.7,1005.11,74.04,0.0,74.04,0.21,77.79,24998.42,28.13,4999.89,27,0.20845833333333366,-1,ANOMALY,777.9000000000001,6003.6000000000095,0.1295722566460122,670.5600000000001,37.27991529467907,70,HIGH RISK,24140.160000000003,0.0,NORMAL,NORMAL,0
2026-09-10 00:05:14,BHARATI,-21.24,15.76,991.37,59.39,0.0,69.71,0.19,79.09,24998.39,26.49,4999.89,31,0.18907869047619053,-1,ANOMALY,790.9000000000001,5445.466285714287,0.1452400875338919,669.96,37.31325750791092,70,HIGH RISK,24118.56,0.0,NORMAL,NORMAL,1
2026-09-10 00:05:16,MAITRI,-17.65,34.22,990.4,77.34,0.0,62.73,0.17,81.18,24997.44,23.84,4999.83,23,0.17366579365079407,-1,ANOMALY,811.8000000000001,5001.5748571428685,0.16230887734103372,670.5600000000001,37.27845382963493,70,HIGH RISK,24140.160000000003,0.0,NORMAL,NORMAL,0
2026-09-10 00:05:16,BHARATI,-15.88,27.84,1008.21,63.14,0.0,64.07,0.18,80.78,24997.44,24.35,4999.82,31,0.1813004166666666,-1,ANOMALY,807.8,5221.4519999999975,0.15470792415596282,669.96,37.31183951280673,70,HIGH RISK,24118.56,0.0,NORMAL,NORMAL,1
2026-09-10 00:05:19,MAITRI,-32.3,33.83,987.14,78.43,0.0,76.92,0.21,76.93,24998.38,29.23,4999.89,20,0.21972285714285686,-1,ANOMALY,769.3000000000001,6328.018285714277,0.12157044516396574,670.5600000000001,37.27985564304462,70,HIGH RISK,24140.160000000003,0.0,NORMAL,NORMAL,0
2026-09-10 00:05:19,BHARATI,-30.73,18.2,1007.45,60.35,0.0,76.46,0.21,77.06,24998.35,29.06,4999.89,23,0.21909869047619018,-1,ANOMALY,770.6,6310.042285714277,0.12212279492082208,669.96,37.3131978028539,70,HIGH RISK,24118.56,0.0,NORMAL,NORMAL,1
2026-09-10 00:05:21,BHARATI,-37.82,49.24,987.43,71.77,0.0,98.25,0.24,70.53,24997.39,37.33,4999.81,33,0.23838746031746014,-1,ANOMALY,705.3000000000001,6865.558857142852,0.10273016584312197,669.96,37.31176488148546,70,HIGH RISK,24118.56,0.0,NORMAL,NORMAL,1
2026-09-10 00:05:21,MAITRI,-31.39,42.98,1010.42,61.75,0.0,74.76,0.21,77.57,24997.4,28.41,4999.82,17,0.2195936904761902,-1,ANOMALY,775.6999999999999,6324.298285714278,0.12265392379613084,670.5600000000001,37.278394178000475,70,HIGH RISK,24140.160000000003,0.0,NORMAL,NORMAL,0
2026-09-10 00:05:24,MAITRI,-23.8,35.52,1007.97,70.98,0.0,69.59,0.19,79.12,24998.34,26.44,4999.89,24,0.19343910714285728,-1,ANOMALY,791.2,5571.046285714289,0.1420200011672595,670.5600000000001,37.27979599141016,70,HIGH RISK,24140.160000000003,0.0,NORMAL,NORMAL,0
2026-09-10 00:05:24,BHARATI,-22.72,40.3,985.04,60.77,0.0,67.66,0.19,79.7,24998.32,25.71,4999.89,22,0.18702619047619057,-1,ANOMALY,797.0,5386.3542857142875,0.14796650159344454,669.96,37.31315302406114,70,HIGH RISK,24118.56,0.0,NORMAL,NORMAL,1
2026-09-10 00:05:26,MAITRI,-22.1,36.74,1008.92,62.32,0.0,70.2,0.2,78.94,24997.36,26.68,4999.82,30,0.18872166666666676,-1,ANOMALY,789.4,5435.184000000002,0.1452388732377781,670.5600000000001,37.27833452636602,70,HIGH RISK,24140.160000000003,0.0,NORMAL,NORMAL,0
2026-09-10 00:05:26,BHARATI,-21.55,16.03,1009.84,68.06,0.0,64.83,0.18,80.55,24997.35,24.64,4999.81,18,0.18204369047619035,-1,ANOMALY,805.5,5242.858285714282,0.15363756868935843,669.96,37.31170517642844,70,HIGH RISK,24118.56,0.0,NORMAL,NORMAL,1
2026-09-10 00:05:29,MAITRI,-22.52,36.08,983.21,86.0,0.0,94.96,0.19,71.51,24998.29,36.09,4999.88,25,0.18878369047619048,-1,ANOMALY,715.1,5436.970285714286,0.1315254567196983,670.5600000000001,37.27972142686709,70,HIGH RISK,24140.160000000003,0.0,NORMAL,NORMAL,0
2026-09-10 00:05:29,BHARATI,-33.31,30.02,997.29,75.86,0.0,81.97,0.23,75.41,24998.27,31.15,4999.88,30,0.2237315476190474,-1,ANOMALY,754.1,6443.468571428564,0.11703323941763412,669.96,37.31307839273986,70,HIGH RISK,24118.56,0.0,NORMAL,NORMAL,1
2026-09-10 00:05:31,MAITRI,-36.54,70.28,952.65,93.68,0.0,89.13,0.23,58.26,24997.32,33.87,4999.82,23,0.234518472222222,-1,ANOMALY,582.6,6754.131999999993,0.08625830824745513,670.5600000000001,37.278274874731565,70,HIGH RISK,24140.160000000003,0.0,NORMAL,NORMAL,0
2026-09-10 00:05:31,BHARATI,-26.26,41.47,996.17,70.27,0.0,72.98,0.2,78.11,24997.31,27.73,4999.81,26,0.20787083333333356,-1,ANOMALY,781.1,5986.680000000006,0.13047298335638438,669.96,37.31164547137143,70,HIGH RISK,24118.56,0.0,NORMAL,NORMAL,1
2026-09-10 00:05:34,BHARATI,-25.73,26.35,1010.12,76.53,0.0,73.21,0.2,78.04,24998.24,27.82,4999.88,28,0.20535500000000034,-1,ANOMALY,780.4000000000001,5914.224000000009,0.13195306772283208,669.96,37.3130336139471,70,HIGH RISK,24118.56,0.0,NORMAL,NORMAL,1
2026-09-10 00:05:34,MAITRI,-30.25,41.34,987.1,75.6,0.0,96.4,0.22,71.08,24998.24,36.63,4999.88,29,0.22214535714285696,-1,ANOMALY,710.8,6397.786285714279,0.11110092901776929,670.5600000000001,37.27964686232403,70,HIGH RISK,24140.160000000003,0.0,NORMAL,NORMAL,0
2026-09-10 00:05:36,BHARATI,-25.21,32.9,1004.37,56.5,0.0,70.27,0.2,78.92,24997.28,26.7,4999.81,22,0.19784791666666673,-1,ANOMALY,789.2,5698.020000000002,0.13850425235432653,669.96,37.31160069257866,70,HIGH RISK,24118.56,0.0,NORMAL,NORMAL,1
2026-09-10 00:05:36,MAITRI,-23.16,21.0,996.51,56.67,0.0,70.92,0.2,78.73,24997.28,26.95,4999.81,29,0.19338077380952387,-1,ANOMALY,787.3,5569.366285714287,0.14136258231380205,670.5600000000001,37.278215223097106,70,HIGH RISK,24140.160000000003,0.0,NORMAL,NORMAL,0
2026-09-10 00:05:39,MAITRI,-17.58,13.23,988.34,62.42,0.0,59.86,0.17,82.04,24998.21,22.75,4999.88,16,0.16876662698412734,-1,ANOMALY,820.4,4860.478857142867,0.16878995344138897,670.5600000000001,37.27960212359818,70,HIGH RISK,24140.160000000003,0.0,NORMAL,NORMAL,0
2026-09-10 00:05:39,BHARATI,-17.9,31.94,1000.56,78.27,0.0,60.99,0.17,81.7,24998.2,23.18,4999.88,18,0.16960710317460362,-1,ANOMALY,817.0000000000001,4884.684571428584,0.16725747344644995,669.96,37.31297390889008,70,HIGH RISK,24118.56,0.0,NORMAL,NORMAL,1
2026-09-10 00:05:41,MAITRI,-33.94,32.81,1001.47,50.69,0.0,81.84,0.23,75.45,24997.24,31.1,4999.81,28,0.22736166666666666,-1,ANOMALY,754.5000000000001,6548.015999999999,0.11522574165976385,670.5600000000001,37.278155571462655,70,HIGH RISK,24140.160000000003,0.0,NORMAL,NORMAL,0
2026-09-10 00:05:41,BHARATI,-22.47,24.85,1011.84,69.5,0.0,66.6,0.18,80.02,24997.24,25.31,4999.8,20,0.18251285714285698,-1,ANOMALY,800.1999999999999,5256.37028571428,0.15223432834912276,669.96,37.311540987521646,70,HIGH RISK,24118.56,0.0,NORMAL,NORMAL,1
2026-09-10 00:05:44,MAITRI,-42.78,65.62,969.01,94.44,0.0,97.05,0.24,55.89,24998.15,36.88,4999.88,18,0.2451962499999999,-1,ANOMALY,558.9,7061.651999999996,0.07914578628343627,670.5600000000001,37.2795126461465,70,HIGH RISK,24140.160000000003,0.0,NORMAL,NORMAL,0
2026-09-10 00:05:44,BHARATI,-34.56,17.65,985.72,52.72,0.0,80.48,0.22,75.85,24998.16,30.58,4999.87,23,0.22618226190476187,-1,ANOMALY,758.5,6514.04914285714,0.11644063214225503,669.96,37.31291420383306,70,HIGH RISK,24118.56,0.0,NORMAL,NORMAL,1
2026-09-10 00:05:46,MAITRI,-30.33,17.71,1005.15,60.83,0.0,75.24,0.21,77.43,24997.2,28.59,4999.81,21,0.2185861904761902,-1,ANOMALY,774.3000000000001,6295.282285714278,0.12299686731397241,670.5600000000001,37.2780959198282,70,HIGH RISK,24140.160000000003,0.0,NORMAL,NORMAL,0
2026-09-10 00:05:46,BHARATI,-25.74,29.96,987.29,59.29,0.0,68.43,0.19,79.47,24997.2,26.0,4999.8,16,0.20040666666666673,-1,ANOMALY,794.6999999999999,5771.712000000001,0.13768878280828978,669.96,37.31148128246463,70,HIGH RISK,24118.56,0.0,NORMAL,NORMAL,1
2026-09-10 00:05:49,MAITRI,-22.14,30.9,987.76,72.73,0.0,71.84,0.2,78.45,24998.12,27.3,4999.87,34,0.19025333333333336,-1,ANOMALY,784.5,5479.296,0.143175327633331,670.5600000000001,37.27946790742066,70,HIGH RISK,24140.160000000003,0.0,NORMAL,NORMAL,0
2026-09-10 00:05:49,BHARATI,-21.79,58.33,974.71,84.93,0.0,95.14,0.19,71.46,24998.11,36.15,4999.87,29,0.1887175,-1,ANOMALY,714.5999999999999,5435.063999999999,0.13147959251261807,669.96,37.31283957251179,70,HIGH RISK,24118.56,0.0,NORMAL,NORMAL,1
2026-09-10 00:05:51,BHARATI,-39.46,39.96,982.73,78.7,0.0,93.67,0.24,71.9,24997.15,35.6,4999.8,27,0.2394576388888888,-1,ANOMALY,719.0000000000001,6896.3799999999965,0.10425759601414082,669.96,37.31140665114335,70,HIGH RISK,24118.56,0.0,NORMAL,NORMAL,1
2026-09-10 00:05:51,MAITRI,-39.92,44.2,981.41,88.29,0.0,98.02,0.24,70.59,24997.15,37.25,4999.81,26,0.2403309722222221,-1,ANOMALY,705.9000000000001,6921.5319999999965,0.1019860920963741,670.5600000000001,37.278021355285134,70,HIGH RISK,24140.160000000003,0.0,NORMAL,NORMAL,0
2026-09-10 00:05:54,MAITRI,-17.34,14.54,995.71,58.66,0.0,59.61,0.17,82.12,24998.09,22.65,4999.87,16,0.1683666269841273,-1,ANOMALY,821.2,4848.958857142866,0.1693559430371972,670.5600000000001,37.27942316869482,70,HIGH RISK,24140.160000000003,0.0,NORMAL,NORMAL,0
2026-09-10 00:05:54,BHARATI,-30.93,24.44,989.81,71.9,0.0,76.67,0.21,77.0,24998.07,29.14,4999.87,23,0.21909869047619018,-1,ANOMALY,770.0,6310.042285714277,0.12202770839480015,669.96,37.31277986745477,70,HIGH RISK,24118.56,0.0,NORMAL,NORMAL,1
2026-09-10 00:05:56,MAITRI,-22.26,15.6,1011.27,63.49,0.0,66.37,0.18,80.09,24997.11,25.22,4999.8,20,0.18233369047619036,-1,ANOMALY,800.9000000000001,5251.210285714282,0.1525172210640313,670.5600000000001,37.277961703650675,70,HIGH RISK,24140.160000000003,0.0,NORMAL,NORMAL,0
2026-09-10 00:05:56,BHARATI,-33.34,26.47,997.8,60.13,0.0,77.2,0.21,76.84,24997.11,29.34,4999.8,18,0.22116035714285687,-1,ANOMALY,768.4000000000001,6369.418285714278,0.1206389603464126,669.96,37.31134694608633,70,HIGH RISK,24118.56,0.0,NORMAL,NORMAL,1
2026-09-10 00:05:59,MAITRI,-24.28,21.94,985.18,75.96,0.0,72.1,0.2,78.37,24998.05,27.4,4999.87,29,0.19863875000000017,-1,ANOMALY,783.7,5720.796000000005,0.1369914256687355,670.5600000000001,37.27936351706036,70,HIGH RISK,24140.160000000003,0.0,NORMAL,NORMAL,0
2026-09-10 00:05:59,BHARATI,-29.08,20.11,989.17,74.1,0.0,77.54,0.22,76.74,24998.03,29.46,4999.86,30,0.20975000000000052,-1,ANOMALY,767.4,6040.800000000015,0.12703615415176767,669.96,37.31272016239775,70,HIGH RISK,24118.56,0.0,NORMAL,NORMAL,1
2026-09-10 00:06:01,MAITRI,-25.01,32.94,989.85,60.04,0.0,67.26,0.19,79.82,24997.08,25.56,4999.8,15,0.19468125000000003,-1,ANOMALY,798.1999999999999,5606.82,0.14236233729636408,670.5600000000001,37.27791696492484,70,HIGH RISK,24140.160000000003,0.0,NORMAL,NORMAL,0
2026-09-10 00:06:01,BHARATI,-32.59,13.37,1004.57,65.65,0.0,82.42,0.23,75.27,24997.07,31.32,4999.79,33,0.22208988095238066,-1,ANOMALY,752.6999999999999,6396.188571428563,0.11767945731967178,669.96,37.31128724102931,70,HIGH RISK,24118.56,0.0,NORMAL,NORMAL,1
2026-09-10 00:06:04,BHARATI,-17.87,14.8,1014.46,64.73,0.0,67.36,0.19,79.79,24997.99,25.6,4999.86,34,0.18814202380952388,-1,ANOMALY,797.9000000000001,5418.490285714288,0.14725503930562414,669.96,37.31266045734074,70,HIGH RISK,24118.56,0.0,NORMAL,NORMAL,1
2026-09-10 00:06:04,MAITRI,-31.31,44.44,986.43,69.97,0.0,74.68,0.21,77.6,24998.01,28.38,4999.86,17,0.2195936904761902,-1,ANOMALY,775.9999999999999,6324.298285714278,0.12270135988887138,670.5600000000001,37.27930386542591,70,HIGH RISK,24140.160000000003,0.0,NORMAL,NORMAL,0
2026-09-10 00:06:06,MAITRI,-21.98,22.12,1013.06,58.93,0.0,70.87,0.2,78.74,24997.04,26.93,4999.8,32,0.19099202380952385,-1,ANOMALY,787.4,5500.570285714287,0.14314879350691737,670.5600000000001,37.27785731329038,70,HIGH RISK,24140.160000000003,0.0,NORMAL,NORMAL,0
2026-09-10 00:06:06,BHARATI,-20.09,27.7,1000.94,77.84,0.0,65.29,0.18,80.41,24997.04,24.81,4999.79,23,0.1823258333333332,-1,ANOMALY,804.0999999999999,5250.983999999995,0.15313320322438626,669.96,37.31124246223655,70,HIGH RISK,24118.56,0.0,NORMAL,NORMAL,1
2026-09-10 00:06:09,MAITRI,-20.26,45.73,985.04,83.6,0.0,98.4,0.19,70.48,24997.96,37.39,4999.86,26,0.18803,-1,ANOMALY,704.8000000000001,5415.264,0.13015062608212638,670.5600000000001,37.27922930088284,70,HIGH RISK,24140.160000000003,0.0,NORMAL,NORMAL,0
2026-09-10 00:06:09,BHARATI,-31.82,32.84,985.94,56.63,0.0,79.61,0.22,76.12,24997.95,30.25,4999.86,28,0.22183988095238064,-1,ANOMALY,761.2,6388.988571428563,0.11914248890725398,669.96,37.312600752283714,70,HIGH RISK,24118.56,0.0,NORMAL,NORMAL,1
2026-09-10 00:06:11,MAITRI,-31.18,24.75,1006.36,79.87,0.0,76.54,0.21,77.04,24997.0,29.08,4999.8,22,0.21978535714285688,-1,ANOMALY,770.4000000000001,6329.818285714278,0.12170965503681368,670.5600000000001,37.277797661655924,70,HIGH RISK,24140.160000000003,0.0,NORMAL,NORMAL,0
2026-09-10 00:06:11,BHARATI,-18.77,33.72,1008.06,74.06,0.0,61.51,0.17,81.55,24997.0,23.37,4999.79,17,0.16970710317460358,-1,ANOMALY,815.5,4887.564571428583,0.16685201557585522,669.96,37.31118275717953,70,HIGH RISK,24118.56,0.0,NORMAL,NORMAL,1
2026-09-10 00:06:14,MAITRI,-20.92,28.15,1011.3,71.77,0.0,70.16,0.19,78.95,24997.92,26.66,4999.86,33,0.1886275000000001,-1,ANOMALY,789.5,5432.4720000000025,0.14532978724970871,670.5600000000001,37.27916964924838,70,HIGH RISK,24140.160000000003,0.0,NORMAL,NORMAL,0
2026-09-10 00:06:14,BHARATI,-32.01,25.58,1010.37,62.69,0.0,79.01,0.22,76.3,24997.91,30.02,4999.85,26,0.22102202380952346,-1,ANOMALY,763.0,6365.434285714275,0.11986613414773202,669.96,37.312541047226695,70,HIGH RISK,24118.56,0.0,NORMAL,NORMAL,1
2026-09-10 00:06:16,BHARATI,-19.08,33.81,1011.16,63.5,0.0,62.23,0.17,81.33,24996.97,23.65,4999.79,18,0.17254496031746064,-1,ANOMALY,813.3000000000001,4969.294857142866,0.16366507188257554,669.96,37.31113797838677,70,HIGH RISK,24118.56,0.0,NORMAL,NORMAL,1
2026-09-10 00:06:16,MAITRI,-37.1,51.53,971.54,83.67,0.0,97.71,0.23,70.69,24996.95,37.13,4999.79,26,0.23656805555555535,-1,ANOMALY,706.9,6813.159999999993,0.10375508574582143,670.5600000000001,37.27772309711286,70,HIGH RISK,24140.160000000003,0.0,NORMAL,NORMAL,0
2026-09-10 00:06:19,MAITRI,-28.56,55.75,980.84,85.35,0.0,97.68,0.21,70.7,24997.87,37.12,4999.85,27,0.20872666666666692,-1,ANOMALY,707.0000000000001,6011.328000000007,0.11761128323059386,670.5600000000001,37.27909508470532,70,HIGH RISK,24140.160000000003,0.0,NORMAL,NORMAL,0
2026-09-10 00:06:19,BHARATI,-24.36,25.28,999.98,67.62,0.0,72.58,0.2,78.23,24997.87,27.58,4999.85,30,0.19870125000000016,-1,ANOMALY,782.3,5722.596000000005,0.1367036918209846,669.96,37.312481342169676,70,HIGH RISK,24118.56,0.0,NORMAL,NORMAL,1
2026-09-10 00:06:21,MAITRI,-24.93,16.51,999.4,77.85,0.0,67.58,0.19,79.73,24996.91,25.68,4999.79,16,0.1950395833333334,-1,ANOMALY,797.3,5617.140000000001,0.1419405604987591,670.5600000000001,37.2776634454784,70,HIGH RISK,24140.160000000003,0.0,NORMAL,NORMAL,0
2026-09-10 00:06:21,BHARATI,-32.61,11.39,1001.82,56.32,0.0,78.45,0.22,76.47,24996.93,29.81,4999.78,23,0.22071869047619014,-1,ANOMALY,764.6999999999999,6356.698285714276,0.12029830041148064,669.96,37.31107827332975,70,HIGH RISK,24118.56,0.0,NORMAL,NORMAL,1
2026-09-10 00:06:24,MAITRI,-26.85,31.3,990.12,74.74,0.0,69.59,0.19,79.12,24997.83,26.44,4999.85,16,0.20291666666666672,-1,ANOMALY,791.2,5844.000000000002,0.13538672142368238,670.5600000000001,37.27903543307087,70,HIGH RISK,24140.160000000003,0.0,NORMAL,NORMAL,0
2026-09-10 00:06:24,BHARATI,-30.78,31.04,998.54,62.67,0.0,74.12,0.21,77.76,24997.83,28.17,4999.85,17,0.21839869047619018,-1,ANOMALY,777.6,6289.882285714277,0.12362711489308835,669.96,37.312421637112664,70,HIGH RISK,24118.56,0.0,NORMAL,NORMAL,1
2026-09-10 00:06:26,MAITRI,-29.09,29.38,996.78,58.21,0.0,73.55,0.2,77.94,24996.87,27.95,4999.79,20,0.20401666666666673,-1,ANOMALY,779.4,5875.680000000002,0.13264847643166403,670.5600000000001,37.277603793843944,70,HIGH RISK,24140.160000000003,0.0,NORMAL,NORMAL,0
2026-09-10 00:06:26,BHARATI,-16.44,18.82,989.12,65.56,0.0,64.66,0.18,80.6,24996.9,24.57,4999.78,31,0.18175577380952374,-1,ANOMALY,805.9999999999999,5234.566285714283,0.1539764626153773,669.96,37.311033494536986,70,HIGH RISK,24118.56,0.0,NORMAL,NORMAL,1
2026-09-10 00:06:29,MAITRI,-23.82,38.54,1005.09,78.0,0.0,66.41,0.18,80.08,24997.8,25.24,4999.85,16,0.1879537499999999,-1,ANOMALY,800.8,5413.067999999997,0.1479382856450354,670.5600000000001,37.27899069434502,70,HIGH RISK,24140.160000000003,0.0,NORMAL,NORMAL,0
2026-09-10 00:06:29,BHARATI,-32.86,16.44,1011.78,68.17,0.0,83.1,0.23,75.07,24997.79,31.58,4999.85,34,0.22226488095238067,-1,ANOMALY,750.6999999999999,6401.228571428564,0.11727436251076816,669.96,37.312361932055644,70,HIGH RISK,24118.56,0.0,NORMAL,NORMAL,1
2026-09-10 00:06:31,BHARATI,-28.95,40.84,992.9,89.72,0.0,92.92,0.22,72.12,24996.85,35.31,4999.78,34,0.20963333333333373,-1,ANOMALY,721.2,6037.440000000011,0.11945460327556029,669.96,37.31095886321571,70,HIGH RISK,24118.56,0.0,NORMAL,NORMAL,1
2026-09-10 00:06:31,MAITRI,-33.16,23.24,991.16,71.94,0.0,77.42,0.22,76.78,24996.83,29.42,4999.79,19,0.22107702380952357,-1,ANOMALY,767.8000000000001,6367.018285714279,0.12059019866845962,670.5600000000001,37.27754414220949,70,HIGH RISK,24140.160000000003,0.0,NORMAL,NORMAL,0
2026-09-10 00:06:34,MAITRI,-21.8,32.63,991.42,51.93,0.0,68.69,0.19,79.39,24997.76,26.1,4999.85,27,0.1877483333333334,-1,ANOMALY,793.9000000000001,5407.152000000002,0.14682405821031105,670.5600000000001,37.27893104271057,70,HIGH RISK,24140.160000000003,0.0,NORMAL,NORMAL,0
2026-09-10 00:06:34,BHARATI,-33.35,35.0,991.58,81.88,0.0,93.65,0.22,71.91,24997.74,35.59,4999.84,25,0.2231516666666664,-1,ANOMALY,719.0999999999999,6426.767999999991,0.11189138926440179,669.96,37.312287300734376,70,HIGH RISK,24118.56,0.0,NORMAL,NORMAL,1
2026-09-10 00:06:36,MAITRI,-26.17,19.86,1001.64,63.57,0.0,72.48,0.2,78.26,24996.79,27.54,4999.78,25,0.20721666666666694,-1,ANOMALY,782.6,5967.840000000007,0.13113622349124626,670.5600000000001,37.27748449057504,70,HIGH RISK,24140.160000000003,0.0,NORMAL,NORMAL,0
2026-09-10 00:06:36,BHARATI,-21.67,34.95,989.76,60.13,0.0,68.95,0.19,79.31,24996.81,26.2,4999.77,28,0.1877650000000001,-1,ANOMALY,793.1,5407.632000000002,0.14666308654139182,669.96,37.3108991581587,70,HIGH RISK,24118.56,0.0,NORMAL,NORMAL,1
2026-09-10 00:06:39,MAITRI,-30.0,26.82,1013.16,57.31,0.0,80.1,0.22,75.97,24997.72,30.44,4999.84,34,0.21255119047619073,-1,ANOMALY,759.7,6121.474285714292,0.12410409070457339,670.5600000000001,37.278871391076116,70,HIGH RISK,24140.160000000003,0.0,NORMAL,NORMAL,0
2026-09-10 00:06:39,BHARATI,-24.83,38.64,1011.96,54.82,0.0,72.67,0.2,78.2,24997.7,27.61,4999.84,29,0.19937458333333344,-1,ANOMALY,782.0,5741.988000000002,0.13618976563517718,669.96,37.312227595677356,70,HIGH RISK,24118.56,0.0,NORMAL,NORMAL,1
2026-09-10 00:06:41,MAITRI,-17.56,36.39,1009.24,65.02,0.0,66.64,0.19,80.01,24996.76,25.32,4999.78,33,0.18198249999999994,-1,ANOMALY,800.1,5241.095999999998,0.15265890951052993,670.5600000000001,37.277439751849194,70,HIGH RISK,24140.160000000003,0.0,NORMAL,NORMAL,0
2026-09-10 00:06:41,BHARATI,-34.51,14.26,1014.13,67.76,0.0,82.03,0.23,75.39,24996.77,31.17,4999.77,27,0.22635226190476185,-1,ANOMALY,753.9,6518.945142857141,0.11564754472984852,669.96,37.31083945310168,70,HIGH RISK,24118.56,0.0,NORMAL,NORMAL,1
2026-09-10 00:06:44,BHARATI,-31.83,12.14,995.13,55.31,0.0,75.63,0.21,77.31,24997.66,28.74,4999.84,18,0.21932285714285682,-1,ANOMALY,773.1,6316.498285714275,0.1223937639227234,669.96,37.31216789062033,70,HIGH RISK,24118.56,0.0,NORMAL,NORMAL,1
2026-09-10 00:06:44,MAITRI,-20.72,58.98,987.46,74.97,0.0,98.71,0.19,70.39,24997.67,37.51,4999.84,30,0.18846333333333337,-1,ANOMALY,703.9,5427.744000000001,0.1296855562826839,670.5600000000001,37.27879682653304,70,HIGH RISK,24140.160000000003,0.0,NORMAL,NORMAL,0
2026-09-10 00:06:46,MAITRI,-19.89,11.14,989.21,65.33,0.0,63.48,0.18,80.96,24996.72,24.12,4999.78,19,0.181785357142857,-1,ANOMALY,809.6,5235.418285714282,0.15463902897866433,670.5600000000001,37.27738010021474,70,HIGH RISK,24140.160000000003,0.0,NORMAL,NORMAL,0
2026-09-10 00:06:46,BHARATI,-34.75,13.18,1012.07,62.19,0.0,79.49,0.22,76.15,24996.72,30.21,4999.77,20,0.22594059523809518,-1,ANOMALY,761.5000000000001,6507.08914285714,0.1170262129935475,669.96,37.3107648217804,70,HIGH RISK,24118.56,0.0,NORMAL,NORMAL,1
2026-09-10 00:06:49,MAITRI,-16.19,12.99,1000.95,57.76,0.0,58.0,0.16,82.6,24997.63,22.04,4999.84,15,0.1655845436507939,-1,ANOMALY,826.0,4768.834857142863,0.17320792703962049,670.5600000000001,37.27873717489859,70,HIGH RISK,24140.160000000003,0.0,NORMAL,NORMAL,0
2026-09-10 00:06:49,BHARATI,-30.5,12.97,1001.76,79.62,0.0,79.42,0.22,76.17,24997.62,30.18,4999.83,31,0.2214123809523807,-1,ANOMALY,761.7,6376.676571428563,0.11945093834818046,669.96,37.31210818556331,70,HIGH RISK,24118.56,0.0,NORMAL,NORMAL,1
2026-09-10 00:06:51,MAITRI,-25.25,41.99,986.96,52.11,0.0,68.31,0.19,79.51,24996.69,25.96,4999.77,17,0.19651875000000008,-1,ANOMALY,795.1,5659.740000000002,0.1404834851070897,670.5600000000001,37.2773353614889,70,HIGH RISK,24140.160000000003,0.0,NORMAL,NORMAL,0
2026-09-10 00:06:51,BHARATI,-34.03,41.76,979.06,70.7,0.0,95.53,0.22,71.34,24996.67,36.3,4999.77,17,0.2266394047619047,-1,ANOMALY,713.4000000000001,6527.214857142854,0.10929623363314186,669.96,37.31069019045913,70,HIGH RISK,24118.56,0.0,NORMAL,NORMAL,1
2026-09-10 00:06:54,MAITRI,-24.58,28.51,1004.91,64.55,0.0,73.6,0.2,77.92,24997.6,27.97,4999.84,32,0.1987012500000002,-1,ANOMALY,779.2,5722.596000000005,0.1361619796330196,670.5600000000001,37.27869243617275,70,HIGH RISK,24140.160000000003,0.0,NORMAL,NORMAL,0
2026-09-10 00:06:54,BHARATI,-19.3,34.61,1011.04,65.97,0.0,65.26,0.18,80.42,24997.58,24.8,4999.83,25,0.18161749999999988,-1,ANOMALY,804.2,5230.583999999996,0.15374956219037886,669.96,37.3120484805063,70,HIGH RISK,24118.56,0.0,NORMAL,NORMAL,1
2026-09-10 00:06:56,BHARATI,-15.84,27.86,992.91,65.45,0.0,60.83,0.17,81.75,24996.64,23.11,4999.76,23,0.16961251984127038,-1,ANOMALY,817.5,4884.840571428586,0.16735448947536882,669.96,37.310645411666364,70,HIGH RISK,24118.56,0.0,NORMAL,NORMAL,1
2026-09-10 00:06:56,MAITRI,-19.6,21.47,1003.13,58.43,0.0,67.18,0.19,79.85,24996.65,25.53,4999.77,29,0.1872311904761905,-1,ANOMALY,798.5,5392.258285714286,0.14808266920660434,670.5600000000001,37.27727570985445,70,HIGH RISK,24140.160000000003,0.0,NORMAL,NORMAL,0
2026-09-10 00:06:59,BHARATI,-31.37,24.84,1001.09,55.29,0.0,81.53,0.23,75.54,24997.54,30.98,4999.83,34,0.22206488095238064,-1,ANOMALY,755.4000000000001,6395.468571428562,0.11811487955311234,669.96,37.31198877544928,70,HIGH RISK,24118.56,0.0,NORMAL,NORMAL,1
2026-09-10 00:06:59,MAITRI,-41.83,71.39,959.19,90.3,0.0,99.02,0.24,55.29,24997.54,37.63,4999.83,19,0.2451962499999999,-1,ANOMALY,552.9,7061.651999999996,0.07829612674201451,670.5600000000001,37.278602958721066,70,HIGH RISK,24140.160000000003,0.0,NORMAL,NORMAL,0
2026-09-10 00:07:01,MAITRI,-34.11,13.33,1013.18,51.85,0.0,77.61,0.22,76.72,24996.61,29.49,4999.77,17,0.2258605952380952,-1,ANOMALY,767.2,6504.785142857141,0.11794394175224326,670.5600000000001,37.27721605821999,70,HIGH RISK,24140.160000000003,0.0,NORMAL,NORMAL,0
2026-09-10 00:07:01,BHARATI,-29.91,13.07,1014.29,71.82,0.0,75.61,0.21,77.32,24996.6,28.73,4999.76,23,0.2090553571428575,-1,ANOMALY,773.1999999999999,6020.794285714296,0.12842159411335358,669.96,37.310585706609345,70,HIGH RISK,24118.56,0.0,NORMAL,NORMAL,1
2026-09-10 00:07:04,MAITRI,-20.18,19.09,999.41,63.14,0.0,64.18,0.18,80.74,24997.51,24.39,4999.83,20,0.18204369047619032,-1,ANOMALY,807.3999999999999,5242.858285714281,0.15399996643052513,670.5600000000001,37.27855821999522,70,HIGH RISK,24140.160000000003,0.0,NORMAL,NORMAL,0
2026-09-10 00:07:04,BHARATI,-18.75,28.9,989.9,70.42,0.0,62.29,0.17,81.31,24997.51,23.67,4999.82,19,0.17251996031746064,-1,ANOMALY,813.1,4968.574857142866,0.16364853572268928,669.96,37.31194399665651,70,HIGH RISK,24118.56,0.0,NORMAL,NORMAL,1
2026-09-10 00:07:06,MAITRI,-32.41,20.08,1014.93,79.06,0.0,75.03,0.21,77.49,24996.57,28.51,4999.77,15,0.2194103571428569,-1,ANOMALY,774.9,6319.018285714279,0.12262980813837099,670.5600000000001,37.27715640658554,70,HIGH RISK,24140.160000000003,0.0,NORMAL,NORMAL,0
2026-09-10 00:07:06,BHARATI,-36.41,59.76,950.63,88.86,0.0,86.09,0.24,59.17,24996.56,32.72,4999.76,33,0.23638371031746006,-1,ANOMALY,591.7,6807.850857142849,0.08691435996709357,669.96,37.31052600155233,70,HIGH RISK,24118.56,0.0,NORMAL,NORMAL,1
2026-09-10 00:07:09,MAITRI,-26.29,31.78,987.03,72.87,0.0,69.81,0.19,79.06,24997.47,26.53,4999.83,18,0.20289166666666675,-1,ANOMALY,790.6,5843.2800000000025,0.13530072151257508,670.5600000000001,37.278498568360774,70,HIGH RISK,24140.160000000003,0.0,NORMAL,NORMAL,0
2026-09-10 00:07:09,BHARATI,-24.46,12.95,1004.73,58.24,0.0,73.49,0.2,77.95,24997.47,27.93,4999.82,32,0.19901791666666685,-1,ANOMALY,779.5000000000001,5731.716000000005,0.1359976663184288,669.96,37.3118842915995,70,HIGH RISK,24118.56,0.0,NORMAL,NORMAL,1
2026-09-10 00:07:11,MAITRI,-29.66,41.54,1009.78,69.61,0.0,77.35,0.21,76.8,24996.53,29.39,4999.76,28,0.20931785714285758,-1,ANOMALY,768.0,6028.354285714298,0.1273979536703689,670.5600000000001,37.27709675495108,70,HIGH RISK,24140.160000000003,0.0,NORMAL,NORMAL,0
2026-09-10 00:07:11,BHARATI,-26.06,42.47,996.71,78.07,0.0,71.97,0.2,78.41,24996.52,27.35,4999.75,24,0.20715833333333353,-1,ANOMALY,784.1,5966.160000000005,0.13142456789626816,669.96,37.31046629649531,70,HIGH RISK,24118.56,0.0,NORMAL,NORMAL,1
2026-09-10 00:07:14,BHARATI,-28.55,20.73,1013.13,53.54,0.0,73.38,0.2,77.99,24997.43,27.88,4999.82,21,0.20447500000000016,-1,ANOMALY,779.9,5888.880000000005,0.1324360489600738,669.96,37.31182458654248,70,HIGH RISK,24118.56,0.0,NORMAL,NORMAL,1
2026-09-10 00:07:14,MAITRI,-28.96,40.18,989.94,50.82,0.0,78.2,0.22,76.54,24997.43,29.72,4999.82,32,0.20968333333333378,-1,ANOMALY,765.4000000000001,6038.880000000012,0.1267453567548947,670.5600000000001,37.278438916726316,70,HIGH RISK,24140.160000000003,0.0,NORMAL,NORMAL,0
2026-09-10 00:07:16,MAITRI,-23.49,44.73,975.37,81.83,0.0,95.56,0.2,71.33,24996.48,36.31,4999.76,33,0.19800125000000018,-1,ANOMALY,713.3,5702.436000000005,0.12508689268936982,670.5600000000001,37.27702219040801,70,HIGH RISK,24140.160000000003,0.0,NORMAL,NORMAL,0
2026-09-10 00:07:16,BHARATI,-25.72,12.51,996.47,54.49,0.0,74.81,0.21,77.56,24996.48,28.43,4999.75,32,0.20665916666666717,-1,ANOMALY,775.6,5951.784000000014,0.13031386891728566,669.96,37.310406591438294,70,HIGH RISK,24118.56,0.0,NORMAL,NORMAL,1
2026-09-10 00:07:19,MAITRI,-40.03,65.42,970.05,88.05,0.0,85.23,0.25,59.43,24997.39,32.39,4999.82,32,0.2455856547619047,-1,ANOMALY,594.3000000000001,7072.866857142854,0.0840253339987334,670.5600000000001,37.27837926509186,70,HIGH RISK,24140.160000000003,0.0,NORMAL,NORMAL,0
2026-09-10 00:07:19,BHARATI,-17.02,16.53,988.44,76.03,0.0,62.47,0.17,81.26,24997.4,23.74,4999.82,24,0.17386698412698456,-1,ANOMALY,812.6000000000001,5007.369142857155,0.1622808258822194,669.96,37.311779807749716,70,HIGH RISK,24118.56,0.0,NORMAL,NORMAL,1
2026-09-10 00:07:21,MAITRI,-40.1,68.64,959.83,90.22,0.0,87.63,0.25,58.71,24996.43,33.3,4999.76,33,0.24541898809523802,-1,ANOMALY,587.0999999999999,7068.066857142854,0.08306373041826674,670.5600000000001,37.27694762586495,70,HIGH RISK,24140.160000000003,0.0,NORMAL,NORMAL,0
2026-09-10 00:07:21,BHARATI,-20.46,11.79,1002.77,54.51,0.0,63.28,0.18,81.02,24996.45,24.05,4999.75,17,0.18159369047619037,-1,ANOMALY,810.1999999999999,5229.898285714282,0.1549169707971377,669.96,37.31036181264553,70,HIGH RISK,24118.56,0.0,NORMAL,NORMAL,1
2026-09-10 00:07:24,MAITRI,-17.03,31.4,992.43,77.96,0.0,60.48,0.17,81.86,24997.35,22.98,4999.82,19,0.16943210317460358,-1,ANOMALY,818.6,4879.644571428583,0.16775812008790297,670.5600000000001,37.278319613457406,70,HIGH RISK,24140.160000000003,0.0,NORMAL,NORMAL,0
2026-09-10 00:07:24,BHARATI,-19.74,36.55,995.17,57.69,0.0,66.13,0.18,80.16,24997.36,25.13,4999.81,26,0.18181749999999985,-1,ANOMALY,801.6,5236.3439999999955,0.15308390739798622,669.96,37.311720102692696,70,HIGH RISK,24118.56,0.0,NORMAL,NORMAL,1
2026-09-10 00:07:26,BHARATI,-21.44,11.31,1001.67,70.13,0.0,69.91,0.19,79.03,24996.41,26.57,4999.75,31,0.18916619047619052,-1,ANOMALY,790.3,5447.986285714287,0.1450627733906609,669.96,37.31030210758851,70,HIGH RISK,24118.56,0.0,NORMAL,NORMAL,1
2026-09-10 00:07:26,MAITRI,-27.25,37.96,1008.05,76.38,0.0,74.82,0.21,77.56,24996.39,28.43,4999.75,28,0.2088166666666671,-1,ANOMALY,775.6,6013.920000000012,0.12896746215446805,670.5600000000001,37.27688797423049,70,HIGH RISK,24140.160000000003,0.0,NORMAL,NORMAL,0
2026-09-10 00:07:29,MAITRI,-23.09,43.03,1001.92,78.09,0.0,72.04,0.2,78.39,24997.32,27.38,4999.82,32,0.19172791666666675,-1,ANOMALY,783.9000000000001,5521.764000000002,0.14196550232860367,670.5600000000001,37.278274874731565,70,HIGH RISK,24140.160000000003,0.0,NORMAL,NORMAL,0
2026-09-10 00:07:29,BHARATI,-22.42,22.67,1006.02,78.67,0.0,69.74,0.19,79.08,24997.33,26.5,4999.81,28,0.18918119047619048,-1,ANOMALY,790.8,5448.418285714285,0.14514304125171007,669.96,37.311675323899934,70,HIGH RISK,24118.56,0.0,NORMAL,NORMAL,1
2026-09-10 00:07:31,MAITRI,-34.39,41.97,991.74,68.57,0.0,79.11,0.22,76.27,24996.35,30.06,4999.75,20,0.2263439285714285,-1,ANOMALY,762.6999999999999,6518.705142857139,0.11700176389105853,670.5600000000001,37.27682832259603,70,HIGH RISK,24140.160000000003,0.0,NORMAL,NORMAL,0
2026-09-10 00:07:31,BHARATI,-17.64,25.84,1011.77,79.48,0.0,66.72,0.19,79.98,24996.37,25.36,4999.74,33,0.1829574999999999,-1,ANOMALY,799.8000000000001,5269.175999999998,0.15178843902727873,669.96,37.31024240253149,70,HIGH RISK,24118.56,0.0,NORMAL,NORMAL,1
2026-09-10 00:07:34,MAITRI,-21.72,43.58,990.54,56.57,0.0,68.21,0.19,79.54,24997.28,25.92,4999.81,26,0.1872108333333334,-1,ANOMALY,795.4000000000001,5391.672000000002,0.14752381079561214,670.5600000000001,37.278215223097106,70,HIGH RISK,24140.160000000003,0.0,NORMAL,NORMAL,0
2026-09-10 00:07:34,BHARATI,-19.28,42.43,990.94,55.47,0.0,67.64,0.19,79.71,24997.29,25.7,4999.81,31,0.18760083333333338,-1,ANOMALY,797.0999999999999,5402.904,0.1475317718027194,669.96,37.311615618842914,70,HIGH RISK,24118.56,0.0,NORMAL,NORMAL,1
2026-09-10 00:07:36,MAITRI,-25.4,14.4,997.55,50.95,0.0,69.67,0.19,79.1,24996.32,26.47,4999.75,20,0.19671041666666675,-1,ANOMALY,790.9999999999999,5665.260000000002,0.13962289462443023,670.5600000000001,37.27678358387019,70,HIGH RISK,24140.160000000003,0.0,NORMAL,NORMAL,0
2026-09-10 00:07:36,BHARATI,-30.52,17.67,1000.48,71.15,0.0,79.45,0.22,76.17,24996.33,30.19,4999.74,31,0.2214123809523807,-1,ANOMALY,761.7,6376.676571428563,0.11945093834818046,669.96,37.310182697474474,70,HIGH RISK,24118.56,0.0,NORMAL,NORMAL,1
2026-09-10 00:07:39,MAITRI,-22.41,40.47,992.83,61.32,0.0,64.53,0.18,80.64,24997.25,24.52,4999.81,15,0.18168666666666655,-1,ANOMALY,806.4,5232.575999999996,0.15411147396616898,670.5600000000001,37.278170484371266,70,HIGH RISK,24140.160000000003,0.0,NORMAL,NORMAL,0
2026-09-10 00:07:39,BHARATI,-22.34,25.03,1010.33,58.34,0.0,69.26,0.19,79.22,24997.25,26.32,4999.8,27,0.18921749999999998,-1,ANOMALY,792.2,5449.464,0.1453720953106581,669.96,37.311555913785895,70,HIGH RISK,24118.56,0.0,NORMAL,NORMAL,1
2026-09-10 00:07:41,MAITRI,-33.21,56.65,972.39,84.63,0.0,98.05,0.23,70.59,24996.26,37.26,4999.75,34,0.2251636904761903,-1,ANOMALY,705.9000000000001,6484.71428571428,0.10885599101183013,670.5600000000001,37.27669410641851,70,HIGH RISK,24140.160000000003,0.0,NORMAL,NORMAL,0
2026-09-10 00:07:42,BHARATI,-34.49,46.11,982.93,74.34,0.0,98.36,0.23,70.49,24996.28,37.38,4999.73,26,0.22773023809523804,-1,ANOMALY,704.9,6558.630857142854,0.10747669984083791,669.96,37.3101080661532,70,HIGH RISK,24118.56,0.0,NORMAL,NORMAL,1
2026-09-10 00:07:44,MAITRI,-24.9,25.27,1009.25,63.25,0.0,69.15,0.19,79.26,24997.21,26.28,4999.81,20,0.1952645833333334,-1,ANOMALY,792.6000000000001,5623.620000000002,0.14094124425192311,670.5600000000001,37.278110832736814,70,HIGH RISK,24140.160000000003,0.0,NORMAL,NORMAL,0
2026-09-10 00:07:44,BHARATI,-32.0,17.61,990.99,60.9,0.0,81.0,0.22,75.7,24997.21,30.78,4999.8,31,0.2222398809523807,-1,ANOMALY,757.0,6400.508571428564,0.1182718516117917,669.96,37.311496208728876,70,HIGH RISK,24118.56,0.0,NORMAL,NORMAL,1
2026-09-10 00:07:47,MAITRI,-27.22,10.82,1003.47,76.9,0.0,73.58,0.2,77.93,24996.23,27.96,4999.74,25,0.20775000000000024,-1,ANOMALY,779.3000000000001,5983.200000000006,0.1302480278112046,670.5600000000001,37.27664936769267,70,HIGH RISK,24140.160000000003,0.0,NORMAL,NORMAL,0
2026-09-10 00:07:47,BHARATI,-33.49,10.44,1008.14,52.93,0.0,80.57,0.22,75.83,24996.24,30.61,4999.73,26,0.22251785714285688,-1,ANOMALY,758.3,6408.514285714278,0.11832695788638342,669.96,37.310048361096186,70,HIGH RISK,24118.56,0.0,NORMAL,NORMAL,1
2026-09-10 00:07:49,MAITRI,-27.06,24.98,994.92,70.52,0.0,69.81,0.19,79.06,24997.17,26.53,4999.81,16,0.20300833333333337,-1,ANOMALY,790.6,5846.640000000001,0.13522296566917064,670.5600000000001,37.278051181102356,70,HIGH RISK,24140.160000000003,0.0,NORMAL,NORMAL,0
2026-09-10 00:07:49,BHARATI,-33.76,26.75,1006.15,51.41,0.0,84.05,0.23,74.78,24997.17,31.94,4999.8,34,0.22733416666666656,-1,ANOMALY,747.8000000000001,6547.2239999999965,0.11421634573675812,669.96,37.31143650367186,70,HIGH RISK,24118.56,0.0,NORMAL,NORMAL,1
2026-09-10 00:07:52,MAITRI,-22.91,13.63,1012.11,51.37,0.0,71.45,0.2,78.56,24996.19,27.15,4999.74,31,0.1921811904761905,-1,ANOMALY,785.6,5534.8182857142865,0.14193781248928858,670.5600000000001,37.27658971605821,70,HIGH RISK,24140.160000000003,0.0,NORMAL,NORMAL,0
2026-09-10 00:07:52,BHARATI,-22.72,13.03,1000.21,66.16,0.0,69.65,0.19,79.1,24996.2,26.47,4999.73,27,0.1893245238095238,-1,ANOMALY,790.9999999999999,5452.546285714285,0.14506983683429267,669.96,37.30998865603917,70,HIGH RISK,24118.56,0.0,NORMAL,NORMAL,1
2026-09-10 00:07:55,BHARATI,-35.27,55.02,993.87,77.79,0.0,93.64,0.22,71.91,24997.12,35.58,4999.79,21,0.22696940476190466,-1,ANOMALY,719.0999999999999,6536.718857142853,0.11000932053460116,669.96,37.31136187235059,70,HIGH RISK,24118.56,0.0,NORMAL,NORMAL,1
2026-09-10 00:07:55,MAITRI,-31.53,34.28,1011.08,63.07,0.0,80.11,0.22,75.97,24997.13,30.44,4999.8,30,0.22236071428571402,-1,ANOMALY,759.7,6403.988571428564,0.11862919359185094,670.5600000000001,37.277991529467904,70,HIGH RISK,24140.160000000003,0.0,NORMAL,NORMAL,0
2026-09-10 00:07:57,MAITRI,-26.02,46.94,979.09,77.44,0.0,96.03,0.2,71.19,24996.14,36.49,4999.74,27,0.2088883333333336,-1,ANOMALY,711.9,6015.984000000007,0.11833475620945787,670.5600000000001,37.27651515151515,70,HIGH RISK,24140.160000000003,0.0,NORMAL,NORMAL,0
2026-09-10 00:07:57,BHARATI,-24.37,22.07,995.85,60.97,0.0,71.79,0.2,78.46,24996.16,27.28,4999.73,28,0.1984054166666668,-1,ANOMALY,784.5999999999999,5714.076000000004,0.1373100392784414,669.96,37.30992895098215,70,HIGH RISK,24118.56,0.0,NORMAL,NORMAL,1
2026-09-10 00:08:00,MAITRI,-21.83,39.01,986.07,77.07,0.0,97.98,0.2,70.6,24997.08,37.23,4999.8,31,0.1890883333333334,-1,ANOMALY,706.0,5445.744000000002,0.12964252451088404,670.5600000000001,37.27791696492484,70,HIGH RISK,24140.160000000003,0.0,NORMAL,NORMAL,0
2026-09-10 00:08:00,BHARATI,-20.38,21.26,1013.94,56.63,0.0,65.6,0.18,80.32,24997.08,24.93,4999.79,23,0.18238952380952367,-1,ANOMALY,803.1999999999999,5252.818285714281,0.15290839246893545,669.96,37.31130216729357,70,HIGH RISK,24118.56,0.0,NORMAL,NORMAL,1
2026-09-10 00:08:02,MAITRI,-24.6,42.04,992.7,77.37,0.0,93.54,0.2,71.94,24996.09,35.55,4999.73,28,0.19905125000000015,-1,ANOMALY,719.4,5732.676000000004,0.12549113189023756,670.5600000000001,37.27644058697208,70,HIGH RISK,24140.160000000003,0.0,NORMAL,NORMAL,0
2026-09-10 00:08:02,BHARATI,-23.17,11.07,988.05,66.68,0.0,70.93,0.2,78.72,24996.13,26.95,4999.72,29,0.19347244047619058,-1,ANOMALY,787.2,5572.006285714288,0.14127765828589461,669.96,37.309884172189385,70,HIGH RISK,24118.56,0.0,NORMAL,NORMAL,1
2026-09-10 00:08:05,MAITRI,-17.19,39.58,990.21,71.8,0.0,65.45,0.18,80.36,24997.04,24.87,4999.8,31,0.18169916666666658,-1,ANOMALY,803.6,5232.935999999997,0.15356579939062898,670.5600000000001,37.27785731329038,70,HIGH RISK,24140.160000000003,0.0,NORMAL,NORMAL,0
2026-09-10 00:08:05,BHARATI,-32.66,27.68,987.93,68.63,0.0,75.69,0.21,77.29,24997.04,28.76,4999.79,16,0.21932285714285682,-1,ANOMALY,772.9,6316.498285714275,0.12236210080956268,669.96,37.31124246223655,70,HIGH RISK,24118.56,0.0,NORMAL,NORMAL,1
2026-09-10 00:08:07,BHARATI,-25.26,18.38,1002.91,55.23,0.0,68.72,0.19,79.38,24996.09,26.12,4999.72,18,0.19656875000000007,-1,ANOMALY,793.8,5661.180000000002,0.14021811707099927,669.96,37.309824467132366,70,HIGH RISK,24118.56,0.0,NORMAL,NORMAL,1
2026-09-10 00:08:07,MAITRI,-22.97,37.48,974.21,72.03,0.0,95.88,0.19,71.23,24996.04,36.44,4999.73,25,0.19008285714285716,-1,ANOMALY,712.3000000000001,5474.386285714286,0.13011504172783467,670.5600000000001,37.27636602242901,70,HIGH RISK,24140.160000000003,0.0,NORMAL,NORMAL,0
2026-09-10 00:08:10,MAITRI,-24.73,31.52,1010.63,52.11,0.0,70.17,0.19,78.95,24997.01,26.67,4999.79,23,0.19492494047619058,1,NORMAL,789.5,5613.838285714288,0.14063461749674294,670.5600000000001,37.277812574564535,30,LOW RISK,24140.160000000003,0.0,NORMAL,NORMAL,0
2026-09-10 00:08:10,BHARATI,-18.5,22.34,998.35,78.24,0.0,60.82,0.17,81.75,24997.01,23.11,4999.79,16,0.1697374603174608,-1,ANOMALY,817.5,4888.43885714287,0.16723130305813041,669.96,37.31119768344378,70,HIGH RISK,24118.56,0.0,NORMAL,NORMAL,1
2026-09-10 00:08:12,MAITRI,-43.87,76.9,974.36,89.99,0.0,88.26,0.25,58.52,24995.99,33.54,4999.73,25,0.24458874999999988,-1,ANOMALY,585.2,7044.155999999996,0.0830759568641013,670.5600000000001,37.27629145788595,70,HIGH RISK,24140.160000000003,0.0,NORMAL,NORMAL,0
2026-09-10 00:08:12,BHARATI,-22.3,36.2,985.28,52.88,0.0,66.02,0.18,80.19,24996.05,25.09,4999.72,19,0.18159499999999987,-1,ANOMALY,801.9,5229.935999999996,0.15332883614636977,669.96,37.309764762075346,70,HIGH RISK,24118.56,0.0,NORMAL,NORMAL,1
2026-09-10 00:08:15,MAITRI,-16.19,41.26,1011.66,54.98,0.0,58.4,0.16,82.48,24996.98,22.19,4999.79,16,0.16573335317460336,-1,ANOMALY,824.8000000000001,4773.120571428576,0.1728009983525601,670.5600000000001,37.277767835838695,70,HIGH RISK,24140.160000000003,0.0,NORMAL,NORMAL,0
2026-09-10 00:08:15,BHARATI,-25.37,27.03,1011.42,66.97,0.0,72.83,0.2,78.15,24996.97,27.68,4999.78,28,0.2013904166666668,-1,ANOMALY,781.5000000000001,5800.0440000000035,0.13474035714211818,669.96,37.31113797838677,70,HIGH RISK,24118.56,0.0,NORMAL,NORMAL,1
2026-09-10 00:08:17,MAITRI,-25.46,25.4,1002.21,66.31,0.0,69.33,0.19,79.2,24995.95,26.35,4999.72,19,0.2001775,-1,ANOMALY,792.0,5765.112,0.13737807695670093,670.5600000000001,37.27623180625149,70,HIGH RISK,24140.160000000003,0.0,NORMAL,NORMAL,0
2026-09-10 00:08:17,BHARATI,-25.89,55.63,987.16,80.1,0.0,98.1,0.19,70.57,24996.0,37.28,4999.72,20,0.20516416666666676,-1,ANOMALY,705.6999999999999,5908.728000000002,0.11943348889981054,669.96,37.30969013075407,70,HIGH RISK,24118.56,0.0,NORMAL,NORMAL,1
2026-09-10 00:08:20,MAITRI,-34.97,26.87,997.43,74.96,0.0,78.12,0.22,76.56,24996.94,29.69,4999.79,16,0.2262155952380952,-1,ANOMALY,765.6,6515.009142857141,0.11751326563207984,670.5600000000001,37.27770818420424,70,HIGH RISK,24140.160000000003,0.0,NORMAL,NORMAL,0
2026-09-10 00:08:20,BHARATI,-22.97,54.07,981.44,81.38,0.0,96.3,0.2,71.11,24996.92,36.59,4999.78,32,0.1909758333333334,-1,ANOMALY,711.0999999999999,5500.104000000002,0.12928846436358288,669.96,37.31106334706549,70,HIGH RISK,24118.56,0.0,NORMAL,NORMAL,1
2026-09-10 00:08:22,MAITRI,-19.09,28.54,995.09,53.32,0.0,68.24,0.19,79.53,24995.92,25.93,4999.72,33,0.1882516666666667,-1,ANOMALY,795.3,5421.648000000001,0.14668971500916322,670.5600000000001,37.27618706752565,70,HIGH RISK,24140.160000000003,0.0,NORMAL,NORMAL,0
2026-09-10 00:08:22,BHARATI,-21.71,21.06,1001.36,71.63,0.0,66.2,0.18,80.14,24995.97,25.16,4999.71,21,0.18237702380952367,-1,ANOMALY,801.4,5252.458285714281,0.15257617603164222,669.96,37.30964535196131,70,HIGH RISK,24118.56,0.0,NORMAL,NORMAL,1
2026-09-10 00:08:25,BHARATI,-22.01,38.19,1003.25,71.87,0.0,71.71,0.2,78.49,24996.88,27.25,4999.78,34,0.1900241666666667,-1,ANOMALY,784.9,5472.696000000001,0.1434210853297899,669.96,37.31100364200848,70,HIGH RISK,24118.56,0.0,NORMAL,NORMAL,1
2026-09-10 00:08:25,MAITRI,-34.99,13.57,989.25,52.69,0.0,82.94,0.23,75.12,24996.89,31.52,4999.79,28,0.22754166666666667,-1,ANOMALY,751.2,6553.200000000001,0.11463101995971434,670.5600000000001,37.277633619661174,70,HIGH RISK,24140.160000000003,0.0,NORMAL,NORMAL,0
2026-09-10 00:08:27,MAITRI,-40.47,56.99,951.19,94.81,0.0,89.91,0.25,58.03,24995.87,34.16,4999.72,32,0.24559232142857138,-1,ANOMALY,580.3000000000001,7073.058857142855,0.08204371145787565,670.5600000000001,37.27611250298258,70,HIGH RISK,24140.160000000003,0.0,NORMAL,NORMAL,0
2026-09-10 00:08:27,BHARATI,-16.58,40.15,1007.09,72.87,0.0,62.81,0.17,81.16,24995.93,23.87,4999.71,26,0.1730295436507941,-1,ANOMALY,811.6,4983.25085714287,0.16286557174553484,669.96,37.30958564690429,70,HIGH RISK,24118.56,0.0,NORMAL,NORMAL,1
2026-09-10 00:08:30,MAITRI,-16.68,16.18,1009.42,57.99,0.0,61.31,0.17,81.61,24996.86,23.3,4999.78,22,0.1702241269841275,-1,ANOMALY,816.1,4902.454857142871,0.16646762158573336,670.5600000000001,37.27758888093533,70,HIGH RISK,24140.160000000003,0.0,NORMAL,NORMAL,0
2026-09-10 00:08:30,BHARATI,-33.86,14.45,989.84,68.61,0.0,76.95,0.21,76.92,24996.84,29.24,4999.77,16,0.22513142857142845,-1,ANOMALY,769.2,6483.785142857139,0.11863440614582811,669.96,37.31094393695146,70,HIGH RISK,24118.56,0.0,NORMAL,NORMAL,1
2026-09-10 00:08:32,MAITRI,-20.26,27.01,986.53,71.4,0.0,69.08,0.19,79.28,24995.83,26.25,4999.71,32,0.1891858333333334,-1,ANOMALY,792.8000000000001,5448.5520000000015,0.14550654926299683,670.5600000000001,37.276052851348126,70,HIGH RISK,24140.160000000003,0.0,NORMAL,NORMAL,0
2026-09-10 00:08:32,BHARATI,-28.46,19.93,1004.84,76.34,0.0,75.68,0.21,77.3,24995.89,28.76,4999.71,27,0.20901666666666718,-1,ANOMALY,773.0,6019.680000000014,0.12841214150918293,669.96,37.30952594184727,70,HIGH RISK,24118.56,0.0,NORMAL,NORMAL,1
2026-09-10 00:08:35,MAITRI,-18.34,38.24,1012.25,69.13,0.0,67.06,0.19,79.88,24996.82,25.48,4999.78,32,0.18352416666666665,-1,ANOMALY,798.8,5285.495999999999,0.15113056560822297,670.5600000000001,37.27752922930088,70,HIGH RISK,24140.160000000003,0.0,NORMAL,NORMAL,0
2026-09-10 00:08:35,BHARATI,-31.75,24.23,1006.92,62.06,0.0,76.34,0.21,77.1,24996.8,29.01,4999.77,20,0.21932285714285682,-1,ANOMALY,770.9999999999999,6316.498285714275,0.12206130123453593,669.96,37.31088423189444,70,HIGH RISK,24118.56,0.0,NORMAL,NORMAL,1
2026-09-10 00:08:37,BHARATI,-23.83,38.14,974.97,75.48,0.0,93.18,0.19,72.05,24995.85,35.41,4999.7,25,0.19697494047619057,-1,ANOMALY,720.4999999999999,5672.878285714289,0.12700783688844464,669.96,37.30946623679025,70,HIGH RISK,24118.56,0.0,NORMAL,NORMAL,1
2026-09-10 00:08:37,MAITRI,-18.22,23.57,990.96,54.11,0.0,60.13,0.17,81.96,24995.8,22.85,4999.71,15,0.16953746031746075,-1,ANOMALY,819.5999999999999,4882.67885714287,0.1678586743015071,670.5600000000001,37.27600811262228,70,HIGH RISK,24140.160000000003,0.0,NORMAL,NORMAL,0
2026-09-10 00:08:40,MAITRI,-21.72,12.9,1004.46,74.53,0.0,65.01,0.18,80.5,24996.79,24.7,4999.78,18,0.18197702380952369,-1,ANOMALY,805.0,5240.938285714282,0.15359845052826976,670.5600000000001,37.27748449057504,70,HIGH RISK,24140.160000000003,0.0,NORMAL,NORMAL,0
2026-09-10 00:08:40,BHARATI,-20.63,27.47,1010.15,51.22,0.0,69.86,0.19,79.04,24996.77,26.55,4999.77,33,0.18919000000000008,-1,ANOMALY,790.4000000000001,5448.672000000002,0.14506287036547616,669.96,37.31083945310168,70,HIGH RISK,24118.56,0.0,NORMAL,NORMAL,1
2026-09-10 00:08:42,MAITRI,-27.78,23.5,997.57,78.01,0.0,72.57,0.2,78.23,24995.76,27.58,4999.71,21,0.2043750000000001,-1,ANOMALY,782.3,5886.000000000003,0.1329085966700645,670.5600000000001,37.27594846098783,70,HIGH RISK,24140.160000000003,0.0,NORMAL,NORMAL,0
2026-09-10 00:08:42,BHARATI,-19.9,35.59,998.05,53.15,0.0,68.3,0.19,79.51,24995.81,25.95,4999.7,31,0.1881075000000001,-1,ANOMALY,795.1,5417.496000000003,0.1467652214233291,669.96,37.30940653173324,70,HIGH RISK,24118.56,0.0,NORMAL,NORMAL,1
2026-09-10 00:08:45,MAITRI,-35.61,73.43,963.1,85.89,0.0,92.66,0.24,57.2,24996.74,35.21,4999.77,31,0.23517561507936485,-1,ANOMALY,572.0000000000001,6773.057714285707,0.08445225541095566,670.5600000000001,37.27740992603197,70,HIGH RISK,24140.160000000003,0.0,NORMAL,NORMAL,0
2026-09-10 00:08:45,BHARATI,-24.54,17.63,1000.92,65.89,0.0,70.36,0.2,78.89,24996.73,26.74,4999.76,24,0.1972957738095239,-1,ANOMALY,788.9000000000001,5682.1182857142885,0.1388390667585036,669.96,37.31077974804466,70,HIGH RISK,24118.56,0.0,NORMAL,NORMAL,1
2026-09-10 00:08:47,MAITRI,-24.12,29.23,1000.79,58.67,0.0,70.33,0.2,78.9,24995.73,26.73,4999.71,25,0.19676244047619057,1,NORMAL,789.0,5666.758285714288,0.13923304298844777,670.5600000000001,37.27590372226199,30,LOW RISK,24140.160000000003,0.0,NORMAL,NORMAL,0
2026-09-10 00:08:47,BHARATI,-20.74,34.35,1006.26,56.82,0.0,69.98,0.19,79.01,24995.77,26.59,4999.7,33,0.18853583333333343,-1,ANOMALY,790.1,5429.832000000002,0.14551094766836242,669.96,37.30934682667622,70,HIGH RISK,24118.56,0.0,NORMAL,NORMAL,1
2026-09-10 00:08:50,BHARATI,-20.13,37.2,1005.17,53.16,0.0,62.54,0.17,81.24,24996.7,23.77,4999.76,16,0.17315079365079394,-1,ANOMALY,812.3999999999999,4986.742857142865,0.16291194939725873,669.96,37.3107349692519,70,HIGH RISK,24118.56,0.0,NORMAL,NORMAL,1
2026-09-10 00:08:50,MAITRI,-20.67,44.49,997.69,73.29,0.0,70.31,0.2,78.91,24996.7,26.72,4999.77,34,0.18885666666666673,-1,ANOMALY,789.0999999999999,5439.072000000002,0.14507989598225574,670.5600000000001,37.27735027439751,70,HIGH RISK,24140.160000000003,0.0,NORMAL,NORMAL,0
2026-09-10 00:08:52,BHARATI,-27.96,37.42,976.87,83.67,0.0,95.65,0.2,71.3,24995.72,36.35,4999.69,23,0.20850000000000032,-1,ANOMALY,713.0,6004.800000000009,0.11873834265920578,669.96,37.30927219535494,70,HIGH RISK,24118.56,0.0,NORMAL,NORMAL,1
2026-09-10 00:08:52,MAITRI,-16.49,15.17,995.21,51.94,0.0,63.52,0.18,80.94,24995.69,24.14,4999.7,28,0.1811182738095237,-1,ANOMALY,809.4,5216.206285714282,0.15517024359575624,670.5600000000001,37.27584407062753,70,HIGH RISK,24140.160000000003,0.0,NORMAL,NORMAL,0
2026-09-10 00:08:55,MAITRI,-29.18,18.81,987.34,66.03,0.0,72.04,0.2,78.39,24996.67,27.37,4999.77,16,0.20407500000000006,-1,ANOMALY,783.9000000000001,5877.3600000000015,0.1333762097268161,670.5600000000001,37.27730553567167,70,HIGH RISK,24140.160000000003,0.0,NORMAL,NORMAL,0
2026-09-10 00:08:55,BHARATI,-29.86,34.83,1004.17,71.04,0.0,75.16,0.21,77.45,24996.66,28.56,4999.76,22,0.20693869047619073,-1,ANOMALY,774.5000000000001,5959.8342857142925,0.12995327770379028,669.96,37.31067526419488,70,HIGH RISK,24118.56,0.0,NORMAL,NORMAL,1
2026-09-10 00:08:57,MAITRI,-27.7,16.61,999.06,63.27,0.0,74.08,0.21,77.78,24995.65,28.15,4999.7,25,0.20825416666666693,-1,ANOMALY,777.8000000000001,5997.7200000000075,0.12968261272616913,670.5600000000001,37.27578441899308,70,HIGH RISK,24140.160000000003,0.0,NORMAL,NORMAL,0
2026-09-10 00:08:57,BHARATI,-21.1,50.58,978.46,78.09,0.0,97.59,0.19,70.72,24995.67,37.08,4999.69,32,0.18894666666666673,-1,ANOMALY,707.1999999999999,5441.664000000002,0.12996024745371998,669.96,37.30919756403367,70,HIGH RISK,24118.56,0.0,NORMAL,NORMAL,1
2026-09-10 00:09:00,MAITRI,-28.72,40.91,972.44,74.89,0.0,93.46,0.2,71.96,24996.62,35.51,4999.77,18,0.2056833333333335,-1,ANOMALY,719.5999999999999,5923.680000000005,0.1214785403667989,670.5600000000001,37.2772309711286,70,HIGH RISK,24140.160000000003,0.0,NORMAL,NORMAL,0
2026-09-10 00:09:00,BHARATI,-19.4,44.62,991.85,70.42,0.0,62.56,0.17,81.23,24996.62,23.77,4999.76,18,0.17305079365079393,-1,ANOMALY,812.3000000000001,4983.862857142864,0.16298602575626916,669.96,37.31061555913786,70,HIGH RISK,24118.56,0.0,NORMAL,NORMAL,1
2026-09-10 00:09:02,MAITRI,-21.5,46.11,989.09,81.34,0.0,92.56,0.18,72.23,24995.61,35.17,4999.7,19,0.18615619047619048,-1,ANOMALY,722.3000000000001,5361.298285714285,0.13472482997721663,670.5600000000001,37.275724767358625,70,HIGH RISK,24140.160000000003,0.0,NORMAL,NORMAL,0
2026-09-10 00:09:02,BHARATI,-34.79,24.47,1009.64,78.27,0.0,83.93,0.23,74.82,24995.63,31.89,4999.69,31,0.22793083333333328,-1,ANOMALY,748.1999999999999,6564.4079999999985,0.11397829019768425,669.96,37.309137858976655,70,HIGH RISK,24118.56,0.0,NORMAL,NORMAL,1
2026-09-10 00:09:05,MAITRI,-31.85,38.8,993.73,72.96,0.0,76.05,0.21,77.19,24996.58,28.9,4999.76,19,0.21951869047619021,-1,ANOMALY,771.9,6322.138285714277,0.12209476685193868,670.5600000000001,37.27717131949415,70,HIGH RISK,24140.160000000003,0.0,NORMAL,NORMAL,0
2026-09-10 00:09:05,BHARATI,-32.08,37.39,993.72,66.51,0.0,79.08,0.22,76.28,24996.58,30.05,4999.76,26,0.22108035714285673,-1,ANOMALY,762.8000000000001,6367.114285714273,0.11980309536951055,669.96,37.31055585408084,70,HIGH RISK,24118.56,0.0,NORMAL,NORMAL,1
2026-09-10 00:09:07,BHARATI,-32.4,32.13,1005.42,77.88,0.0,81.82,0.23,75.45,24995.58,31.09,4999.68,32,0.2222398809523807,-1,ANOMALY,754.5000000000001,6400.508571428564,0.11788125765006188,669.96,37.309063227655386,70,HIGH RISK,24118.56,0.0,NORMAL,NORMAL,1
2026-09-10 00:09:07,MAITRI,-26.23,49.79,977.02,88.64,0.0,95.3,0.2,71.41,24995.56,36.21,4999.7,26,0.2088550000000002,-1,ANOMALY,714.0999999999999,6015.024000000006,0.11871939330582874,670.5600000000001,37.275650202815555,70,HIGH RISK,24140.160000000003,0.0,NORMAL,NORMAL,0
2026-09-10 00:09:10,MAITRI,-27.62,31.89,996.14,52.93,0.0,77.6,0.22,76.72,24996.54,29.49,4999.76,34,0.20992500000000047,-1,ANOMALY,767.2,6045.840000000013,0.12689717227051964,670.5600000000001,37.2771116678597,70,HIGH RISK,24140.160000000003,0.0,NORMAL,NORMAL,0
2026-09-10 00:09:10,BHARATI,-32.5,12.3,990.99,65.01,0.0,78.32,0.22,76.5,24996.54,29.76,4999.75,23,0.22071869047619014,-1,ANOMALY,765.0,6356.698285714276,0.12034549472313678,669.96,37.31049614902382,70,HIGH RISK,24118.56,0.0,NORMAL,NORMAL,1
2026-09-10 00:09:12,MAITRI,-28.67,31.52,1014.66,59.77,0.0,72.7,0.2,78.19,24995.52,27.63,4999.69,19,0.20404583333333343,-1,ANOMALY,781.9,5876.520000000002,0.13305493727580264,670.5600000000001,37.2755905511811,70,HIGH RISK,24140.160000000003,0.0,NORMAL,NORMAL,0
2026-09-10 00:09:12,BHARATI,-39.28,42.93,992.67,89.89,0.0,98.38,0.24,70.49,24995.53,37.39,4999.68,26,0.23970763888888874,-1,ANOMALY,704.9,6903.579999999995,0.10210644332360898,669.96,37.3089885963341,70,HIGH RISK,24118.56,0.0,NORMAL,NORMAL,1
2026-09-10 00:09:15,MAITRI,-28.54,24.01,998.84,58.83,0.0,71.77,0.2,78.47,24996.5,27.27,4999.76,17,0.20420833333333344,-1,ANOMALY,784.6999999999999,5881.200000000003,0.13342515132966054,670.5600000000001,37.27705201622524,70,HIGH RISK,24140.160000000003,0.0,NORMAL,NORMAL,0
2026-09-10 00:09:15,BHARATI,-21.41,11.64,1006.47,78.71,0.0,67.88,0.19,79.64,24996.5,25.8,4999.75,26,0.18852869047619056,-1,ANOMALY,796.4,5429.626285714287,0.1466767615471772,669.96,37.3104364439668,70,HIGH RISK,24118.56,0.0,NORMAL,NORMAL,1
2026-09-10 00:09:17,MAITRI,-32.84,16.79,1006.63,52.83,0.0,81.89,0.23,75.43,24995.47,31.12,4999.69,31,0.22252738095238073,-1,ANOMALY,754.3000000000001,6408.788571428565,0.1176977507672501,670.5600000000001,37.275515986638034,70,HIGH RISK,24140.160000000003,0.0,NORMAL,NORMAL,0
2026-09-10 00:09:17,BHARATI,-32.16,44.77,999.3,54.27,0.0,76.76,0.21,76.97,24995.49,29.17,4999.68,20,0.2195936904761901,-1,ANOMALY,769.6999999999999,6324.298285714274,0.12170520194132005,669.96,37.30892889127709,70,HIGH RISK,24118.56,0.0,NORMAL,NORMAL,1
2026-09-10 00:09:20,BHARATI,-28.44,24.99,1003.43,58.8,0.0,72.07,0.2,78.38,24996.47,27.39,4999.75,18,0.20449166666666677,-1,ANOMALY,783.8,5889.360000000002,0.13308746621025028,669.96,37.31039166517404,70,HIGH RISK,24118.56,0.0,NORMAL,NORMAL,1
2026-09-10 00:09:20,MAITRI,-15.37,26.56,1014.71,54.15,0.0,62.33,0.17,81.3,24996.46,23.69,4999.76,28,0.17217871031746074,-1,ANOMALY,813.0,4958.746857142869,0.16395271293772684,670.5600000000001,37.27699236459078,70,HIGH RISK,24140.160000000003,0.0,NORMAL,NORMAL,0
2026-09-10 00:09:22,MAITRI,-16.42,32.13,987.81,65.55,0.0,64.24,0.18,80.73,24995.44,24.41,4999.69,30,0.18071291666666656,-1,ANOMALY,807.3000000000001,5204.5319999999965,0.15511481147584463,670.5600000000001,37.275471247912186,70,HIGH RISK,24140.160000000003,0.0,NORMAL,NORMAL,0
2026-09-10 00:09:22,BHARATI,-20.37,26.45,1011.18,73.7,0.0,67.58,0.19,79.72,24995.45,25.68,4999.67,28,0.1883916666666667,-1,ANOMALY,797.2,5425.68,0.14693089161174266,669.96,37.30886918622007,70,HIGH RISK,24118.56,0.0,NORMAL,NORMAL,1
2026-09-10 00:09:25,MAITRI,-23.43,24.79,1012.27,68.89,0.0,66.4,0.18,80.08,24996.43,25.23,4999.75,17,0.1874829166666666,-1,ANOMALY,800.8,5399.507999999998,0.14830980896778007,670.5600000000001,37.27694762586495,70,HIGH RISK,24140.160000000003,0.0,NORMAL,NORMAL,0
2026-09-10 00:09:25,BHARATI,-22.76,52.04,991.24,81.68,0.0,97.59,0.2,70.72,24996.41,37.09,4999.74,30,0.18957583333333336,-1,ANOMALY,707.1999999999999,5459.784000000001,0.12952893374536426,669.96,37.31030210758851,70,HIGH RISK,24118.56,0.0,NORMAL,NORMAL,1
2026-09-10 00:09:27,MAITRI,-26.59,34.92,1001.03,56.64,0.0,76.52,0.21,77.04,24995.4,29.08,4999.68,34,0.20918333333333386,-1,ANOMALY,770.4000000000001,6024.480000000014,0.12787825671261224,670.5600000000001,37.275411596277735,70,HIGH RISK,24140.160000000003,0.0,NORMAL,NORMAL,0
2026-09-10 00:09:27,BHARATI,-24.92,36.04,1011.35,58.09,0.0,68.77,0.19,79.37,24995.42,26.13,4999.67,19,0.1952145833333334,-1,ANOMALY,793.7,5622.180000000002,0.14117299695136046,669.96,37.3088244074273,70,HIGH RISK,24118.56,0.0,NORMAL,NORMAL,1
2026-09-10 00:09:30,MAITRI,-32.58,34.94,1000.23,78.4,0.0,77.21,0.21,76.84,24996.39,29.34,4999.75,20,0.21991035714285687,-1,ANOMALY,768.4000000000001,6333.418285714278,0.12132468839666107,670.5600000000001,37.27688797423049,70,HIGH RISK,24140.160000000003,0.0,NORMAL,NORMAL,0
2026-09-10 00:09:30,BHARATI,-15.46,33.4,993.75,78.66,0.0,64.84,0.18,80.55,24996.38,24.64,4999.74,34,0.1801870833333333,-1,ANOMALY,805.5,5189.387999999999,0.15522061561016445,669.96,37.31025732879575,70,HIGH RISK,24118.56,0.0,NORMAL,NORMAL,1
2026-09-10 00:09:32,MAITRI,-32.25,43.83,986.09,56.9,0.0,76.07,0.21,77.18,24995.36,28.91,4999.68,18,0.2196186904761902,-1,ANOMALY,771.8000000000001,6325.018285714277,0.1220233626427914,670.5600000000001,37.27535194464328,70,HIGH RISK,24140.160000000003,0.0,NORMAL,NORMAL,0
2026-09-10 00:09:32,BHARATI,-19.7,10.14,1014.2,54.55,0.0,63.28,0.18,81.01,24995.39,24.05,4999.67,19,0.18168535714285702,-1,ANOMALY,810.1,5232.538285714281,0.15481969854128172,669.96,37.30877962863454,70,HIGH RISK,24118.56,0.0,NORMAL,NORMAL,1
2026-09-10 00:09:35,BHARATI,-38.91,58.64,970.86,95.68,0.0,90.83,0.23,57.75,24996.33,34.52,4999.74,21,0.23999263888888872,-1,ANOMALY,577.5,6911.787999999995,0.0835529098982782,669.96,37.310182697474474,70,HIGH RISK,24118.56,0.0,NORMAL,NORMAL,1
2026-09-10 00:09:35,MAITRI,-42.17,64.92,965.48,88.08,0.0,94.71,0.24,56.59,24996.34,35.99,4999.75,16,0.2450337499999999,-1,ANOMALY,565.9000000000001,7056.971999999998,0.08019020055627261,670.5600000000001,37.27681340968742,70,HIGH RISK,24140.160000000003,0.0,NORMAL,NORMAL,0
2026-09-10 00:09:37,MAITRI,-28.87,38.31,992.42,69.7,0.0,77.31,0.21,76.81,24995.32,29.38,4999.68,30,0.2092083333333338,-1,ANOMALY,768.1,6025.2000000000135,0.12748124543583586,670.5600000000001,37.275292293008825,70,HIGH RISK,24140.160000000003,0.0,NORMAL,NORMAL,0
2026-09-10 00:09:37,BHARATI,-22.07,29.51,1005.24,63.77,0.0,65.37,0.18,80.39,24995.35,24.84,4999.67,18,0.1816158333333332,-1,ANOMALY,803.9000000000001,5230.5359999999955,0.15369361763306874,669.96,37.30871992357752,70,HIGH RISK,24118.56,0.0,NORMAL,NORMAL,1
2026-09-10 00:09:40,MAITRI,-34.43,44.05,987.03,68.61,0.0,83.56,0.23,74.93,24996.29,31.75,4999.75,31,0.2283091666666666,-1,ANOMALY,749.3000000000001,6575.303999999997,0.11395670831341036,670.5600000000001,37.27673884514436,70,HIGH RISK,24140.160000000003,0.0,NORMAL,NORMAL,0
2026-09-10 00:09:40,BHARATI,-28.48,41.69,1006.8,59.72,0.0,72.1,0.2,78.37,24996.29,27.4,4999.74,18,0.20429166666666673,-1,ANOMALY,783.7,5883.600000000001,0.133200761438575,669.96,37.310122992417455,70,HIGH RISK,24118.56,0.0,NORMAL,NORMAL,1
2026-09-10 00:09:42,MAITRI,-19.45,29.94,989.83,73.95,0.0,66.22,0.18,80.13,24995.28,25.16,4999.67,27,0.18174666666666653,-1,ANOMALY,801.3,5234.303999999996,0.15308625559386702,670.5600000000001,37.275232641374366,70,HIGH RISK,24140.160000000003,0.0,NORMAL,NORMAL,0
2026-09-10 00:09:42,BHARATI,-20.74,22.7,1006.66,69.99,0.0,69.57,0.19,79.13,24995.31,26.44,4999.66,32,0.18927869047619056,-1,ANOMALY,791.3,5451.226285714288,0.1451599985995287,669.96,37.30866021852051,70,HIGH RISK,24118.56,0.0,NORMAL,NORMAL,1
2026-09-10 00:09:45,MAITRI,-25.72,46.85,982.02,83.58,0.0,97.99,0.2,70.6,24996.24,37.24,4999.74,29,0.20645666666666695,-1,ANOMALY,706.0,5945.952000000008,0.11873624274127995,670.5600000000001,37.27666428060129,70,HIGH RISK,24140.160000000003,0.0,NORMAL,NORMAL,0
2026-09-10 00:09:45,BHARATI,-34.28,35.78,994.88,71.97,0.0,79.39,0.22,76.18,24996.25,30.17,4999.73,21,0.22596892857142845,-1,ANOMALY,761.8000000000001,6507.905142857138,0.11705763733144245,669.96,37.310063287360435,70,HIGH RISK,24118.56,0.0,NORMAL,NORMAL,1
2026-09-10 00:09:47,BHARATI,-19.74,44.84,988.88,55.01,0.0,68.12,0.19,79.56,24995.28,25.89,4999.66,31,0.18774916666666674,-1,ANOMALY,795.6,5407.176000000002,0.14713780354107203,669.96,37.30861543972774,70,HIGH RISK,24118.56,0.0,NORMAL,NORMAL,1
2026-09-10 00:09:47,MAITRI,-31.92,42.07,1006.7,68.92,0.0,75.72,0.21,77.28,24995.24,28.77,4999.67,18,0.2196186904761902,-1,ANOMALY,772.8000000000001,6325.018285714277,0.12218146495251256,670.5600000000001,37.275172989739914,70,HIGH RISK,24140.160000000003,0.0,NORMAL,NORMAL,0
2026-09-10 00:09:50,MAITRI,-22.91,22.86,1002.13,56.24,0.0,70.66,0.2,78.8,24996.21,26.85,4999.74,29,0.19162702380952384,-1,ANOMALY,787.9999999999999,5518.8582857142865,0.14278315535656336,670.5600000000001,37.27661954187544,70,HIGH RISK,24140.160000000003,0.0,NORMAL,NORMAL,0
2026-09-10 00:09:50,BHARATI,-23.82,32.14,1008.95,56.16,0.0,72.02,0.2,78.4,24996.21,27.37,4999.73,30,0.19766375000000017,-1,ANOMALY,784.0,5692.716000000004,0.13771985112203022,669.96,37.310003582303416,70,HIGH RISK,24118.56,0.0,NORMAL,NORMAL,1
2026-09-10 00:09:52,MAITRI,-38.63,77.66,971.66,90.26,0.0,94.97,0.25,56.51,24995.19,36.09,4999.67,32,0.24163996031746005,-1,ANOMALY,565.0999999999999,6959.230857142849,0.08120150223497613,670.5600000000001,37.275098425196845,70,HIGH RISK,24140.160000000003,0.0,NORMAL,NORMAL,0
2026-09-10 00:09:52,BHARATI,-27.15,31.89,1003.12,69.57,0.0,70.7,0.2,78.79,24995.24,26.87,4999.66,18,0.20444166666666677,-1,ANOMALY,787.9000000000001,5887.920000000002,0.13381635620049182,669.96,37.308555734670726,70,HIGH RISK,24118.56,0.0,NORMAL,NORMAL,1
2026-09-10 00:09:55,MAITRI,-28.88,37.21,988.87,69.52,0.0,76.92,0.21,76.92,24996.16,29.23,4999.74,29,0.20879583333333382,-1,ANOMALY,769.2,6013.320000000014,0.1279160264213443,670.5600000000001,37.27654497733238,70,HIGH RISK,24140.160000000003,0.0,NORMAL,NORMAL,0
2026-09-10 00:09:55,BHARATI,-28.8,18.63,990.08,51.69,0.0,72.84,0.2,78.15,24996.18,27.68,4999.73,19,0.20458333333333345,-1,ANOMALY,781.5000000000001,5892.000000000003,0.13263747454175148,669.96,37.30995880351065,70,HIGH RISK,24118.56,0.0,NORMAL,NORMAL,1
2026-09-10 00:09:57,MAITRI,-31.58,25.37,1010.07,72.4,0.0,78.56,0.22,76.43,24995.15,29.85,4999.66,26,0.2210845238095235,-1,ANOMALY,764.3000000000001,6367.234285714276,0.1200364185930471,670.5600000000001,37.27503877356239,70,HIGH RISK,24140.160000000003,0.0,NORMAL,NORMAL,0
2026-09-10 00:09:57,BHARATI,-24.55,32.65,996.99,53.66,0.0,71.18,0.2,78.65,24995.2,27.05,4999.66,26,0.19779875000000005,1,NORMAL,786.5000000000001,5696.604000000001,0.13806471364342685,669.96,37.30849602961371,30,LOW RISK,24118.56,0.0,NORMAL,NORMAL,1
2026-09-10 00:10:00,BHARATI,-15.84,29.35,994.59,63.32,0.0,62.03,0.17,81.39,24996.14,23.57,4999.72,26,0.17087597222222273,-1,ANOMALY,813.9,4921.228000000014,0.16538555011066297,669.96,37.309899098453634,70,HIGH RISK,24118.56,0.0,NORMAL,NORMAL,1
2026-09-10 00:10:00,MAITRI,-36.05,41.15,984.08,76.87,0.0,96.24,0.23,71.13,24996.11,36.57,4999.73,27,0.23379347222222205,-1,ANOMALY,711.3,6733.251999999995,0.10563988990758114,670.5600000000001,37.27647041278931,70,HIGH RISK,24140.160000000003,0.0,NORMAL,NORMAL,0
2026-09-10 00:10:02,MAITRI,-22.78,23.91,1013.31,54.09,0.0,70.92,0.2,78.72,24995.11,26.95,4999.66,30,0.19126452380952383,-1,ANOMALY,787.2,5508.418285714286,0.1429085372912857,670.5600000000001,37.27497912192794,70,HIGH RISK,24140.160000000003,0.0,NORMAL,NORMAL,0
2026-09-10 00:10:02,BHARATI,-44.29,78.94,974.47,96.61,0.0,90.66,0.26,57.8,24995.16,34.45,4999.65,26,0.24461791666666652,-1,ANOMALY,578.0,7044.995999999996,0.08204404942174565,669.96,37.30843632455669,70,HIGH RISK,24118.56,0.0,NORMAL,NORMAL,1
2026-09-10 00:10:05,MAITRI,-29.03,43.52,1006.33,61.16,0.0,79.08,0.22,76.28,24996.07,30.05,4999.73,34,0.20960500000000037,-1,ANOMALY,762.8000000000001,6036.624000000011,0.12636201956590284,670.5600000000001,37.27641076115485,70,HIGH RISK,24140.160000000003,0.0,NORMAL,NORMAL,0
2026-09-10 00:10:05,BHARATI,-31.2,13.23,997.26,67.82,0.0,81.36,0.23,75.59,24996.1,30.92,4999.72,34,0.22206488095238064,-1,ANOMALY,755.9,6395.468571428562,0.11819305990759545,669.96,37.309839393396615,70,HIGH RISK,24118.56,0.0,NORMAL,NORMAL,1
2026-09-10 00:10:07,MAITRI,-35.32,57.29,962.31,94.81,0.0,92.64,0.24,57.21,24995.07,35.2,4999.66,34,0.23031964285714276,-1,ANOMALY,572.1,6633.205714285712,0.08624789048346375,670.5600000000001,37.27491947029348,70,HIGH RISK,24140.160000000003,0.0,NORMAL,NORMAL,0
2026-09-10 00:10:07,BHARATI,-31.05,22.12,993.51,76.46,0.0,73.6,0.2,77.92,24995.12,27.97,4999.65,15,0.2191353571428568,-1,ANOMALY,779.2,6311.098285714276,0.12346503963720348,669.96,37.30837661949967,70,HIGH RISK,24118.56,0.0,NORMAL,NORMAL,1
2026-09-10 00:10:10,MAITRI,-24.83,52.41,982.79,72.11,0.0,98.67,0.19,70.4,24996.02,37.49,4999.73,15,0.19705327380952395,-1,ANOMALY,704.0000000000001,5675.134285714289,0.12404992808225553,670.5600000000001,37.27633619661179,70,HIGH RISK,24140.160000000003,0.0,NORMAL,NORMAL,0
2026-09-10 00:10:10,BHARATI,-23.73,43.21,1014.76,57.09,0.0,72.72,0.2,78.19,24996.06,27.63,4999.72,32,0.19763458333333347,-1,ANOMALY,781.9,5691.876000000004,0.13737122874778007,669.96,37.3097796883396,70,HIGH RISK,24118.56,0.0,NORMAL,NORMAL,1
2026-09-10 00:10:12,MAITRI,-19.2,21.67,1009.39,63.28,0.0,62.36,0.17,81.29,24995.03,23.7,4999.66,18,0.1729228174603178,-1,ANOMALY,812.9000000000001,4980.177142857152,0.16322712559851543,670.5600000000001,37.274859818659024,70,HIGH RISK,24140.160000000003,0.0,NORMAL,NORMAL,0
2026-09-10 00:10:12,BHARATI,-15.87,41.01,1004.84,64.72,0.0,60.47,0.17,81.86,24995.08,22.98,4999.65,22,0.16928335317460366,-1,ANOMALY,818.6,4875.360571428586,0.16790552985912435,669.96,37.308316914442656,70,HIGH RISK,24118.56,0.0,NORMAL,NORMAL,1
2026-09-10 00:10:15,BHARATI,-27.2,13.47,989.04,59.36,0.0,76.36,0.21,77.09,24996.02,29.02,4999.71,32,0.20970833333333394,-1,ANOMALY,770.9,6039.600000000017,0.12764090337108383,669.96,37.309719983282584,70,HIGH RISK,24118.56,0.0,NORMAL,NORMAL,1
2026-09-10 00:10:15,MAITRI,-20.82,42.35,990.06,69.16,0.0,68.06,0.19,79.58,24995.98,25.86,4999.72,28,0.18749833333333338,-1,ANOMALY,795.8,5399.952000000001,0.14737168034086226,670.5600000000001,37.27627654497733,70,HIGH RISK,24140.160000000003,0.0,NORMAL,NORMAL,0
2026-09-10 00:10:17,MAITRI,-31.47,40.37,998.85,67.79,0.0,80.05,0.22,75.99,24994.99,30.42,4999.65,30,0.22229404761904736,-1,ANOMALY,759.8999999999999,6402.068571428565,0.11869601075366722,670.5600000000001,37.27480016702457,70,HIGH RISK,24140.160000000003,0.0,NORMAL,NORMAL,0
2026-09-10 00:10:17,BHARATI,-28.55,37.65,994.4,64.27,0.0,74.98,0.21,77.51,24995.04,28.49,4999.65,25,0.20818750000000036,1,NORMAL,775.1,5995.80000000001,0.1292738250108407,669.96,37.30825720938564,30,LOW RISK,24118.56,0.0,NORMAL,NORMAL,1
2026-09-10 00:10:20,MAITRI,-15.66,20.49,995.68,64.01,0.0,61.04,0.17,81.69,24995.95,23.2,4999.72,24,0.16892537698412757,-1,ANOMALY,816.9,4865.0508571428745,0.16791191376768985,670.5600000000001,37.27623180625149,70,HIGH RISK,24140.160000000003,0.0,NORMAL,NORMAL,0
2026-09-10 00:10:20,BHARATI,-21.14,41.27,987.64,82.74,0.0,95.32,0.2,71.4,24995.97,36.22,4999.71,34,0.18954666666666675,-1,ANOMALY,714.0000000000001,5458.944000000001,0.13079452729319077,669.96,37.30964535196131,70,HIGH RISK,24118.56,0.0,NORMAL,NORMAL,1
2026-09-10 00:10:22,MAITRI,-17.94,29.05,1009.96,75.19,0.0,66.63,0.19,80.01,24994.96,25.32,4999.65,32,0.18200333333333327,-1,ANOMALY,800.1,5241.695999999998,0.15264143513855064,670.5600000000001,37.27475542829873,70,HIGH RISK,24140.160000000003,0.0,NORMAL,NORMAL,0
2026-09-10 00:10:22,BHARATI,-15.45,38.39,1003.35,53.99,0.0,64.02,0.18,80.79,24995.01,24.33,4999.64,32,0.18014958333333328,-1,ANOMALY,807.9000000000001,5188.307999999998,0.15571550493918257,669.96,37.30821243059287,70,HIGH RISK,24118.56,0.0,NORMAL,NORMAL,1
2026-09-10 00:10:25,MAITRI,-26.31,11.27,990.94,58.72,0.0,69.03,0.19,79.29,24995.92,26.23,4999.72,16,0.2032083333333334,-1,ANOMALY,792.9000000000001,5852.4000000000015,0.13548287881894605,670.5600000000001,37.27618706752565,70,HIGH RISK,24140.160000000003,0.0,NORMAL,NORMAL,0
2026-09-10 00:10:25,BHARATI,-33.55,38.66,990.09,71.03,0.0,97.04,0.21,70.89,24995.92,36.87,4999.71,16,0.22263916666666636,-1,ANOMALY,708.9,6412.007999999991,0.11055819019564558,669.96,37.30957072064003,70,HIGH RISK,24118.56,0.0,NORMAL,NORMAL,1
2026-09-10 00:10:27,BHARATI,-30.61,21.94,987.12,51.4,0.0,80.74,0.22,75.78,24994.97,30.68,4999.64,34,0.22135404761904734,-1,ANOMALY,757.8000000000001,6374.996571428563,0.11887065216572908,669.96,37.308152725535855,70,HIGH RISK,24118.56,0.0,NORMAL,NORMAL,1
2026-09-10 00:10:27,MAITRI,-25.89,16.98,990.72,72.43,0.0,70.59,0.2,78.82,24994.92,26.82,4999.65,21,0.20417500000000008,-1,ANOMALY,788.1999999999999,5880.240000000002,0.13404214793953984,670.5600000000001,37.274695776664274,70,HIGH RISK,24140.160000000003,0.0,NORMAL,NORMAL,0
2026-09-10 00:10:30,MAITRI,-18.68,15.76,992.08,69.66,0.0,63.02,0.18,81.1,24995.88,23.95,4999.72,21,0.17854035714285726,-1,ANOMALY,811.0,5141.962285714289,0.15772188805296558,670.5600000000001,37.276127415891196,70,HIGH RISK,24140.160000000003,0.0,NORMAL,NORMAL,0
2026-09-10 00:10:30,BHARATI,-26.85,26.88,990.88,74.1,0.0,69.2,0.19,79.24,24995.88,26.29,4999.71,15,0.2030750000000001,-1,ANOMALY,792.4,5848.560000000002,0.13548634193716055,669.96,37.30951101558302,70,HIGH RISK,24118.56,0.0,NORMAL,NORMAL,1
2026-09-10 00:10:32,MAITRI,-22.59,19.39,1007.24,65.91,0.0,67.12,0.19,79.86,24994.88,25.51,4999.64,21,0.18681071428571427,-1,ANOMALY,798.6,5380.148571428571,0.14843456261430912,670.5600000000001,37.27463612502982,70,HIGH RISK,24140.160000000003,0.0,NORMAL,NORMAL,0
2026-09-10 00:10:32,BHARATI,-33.87,16.69,992.44,71.32,0.0,76.96,0.21,76.91,24994.93,29.24,4999.64,16,0.22513142857142845,-1,ANOMALY,769.1,6483.785142857139,0.11861898305610556,669.96,37.308093020478836,70,HIGH RISK,24118.56,0.0,NORMAL,NORMAL,1
2026-09-10 00:10:35,MAITRI,-15.32,40.6,989.02,75.58,0.0,60.29,0.17,81.91,24995.85,22.91,4999.71,23,0.1689033531746037,-1,ANOMALY,819.0999999999999,4864.416571428586,0.16838607219846838,670.5600000000001,37.27608267716535,70,HIGH RISK,24140.160000000003,0.0,NORMAL,NORMAL,0
2026-09-10 00:10:35,BHARATI,-26.97,16.91,1006.55,79.47,0.0,74.52,0.21,77.64,24995.84,28.32,4999.7,28,0.20934166666666715,-1,ANOMALY,776.4,6029.040000000014,0.12877672067194748,669.96,37.309451310526,70,HIGH RISK,24118.56,0.0,NORMAL,NORMAL,1
2026-09-10 00:10:37,MAITRI,-18.74,28.4,986.93,58.48,0.0,63.08,0.18,81.08,24994.85,23.97,4999.64,21,0.17795583333333337,-1,ANOMALY,810.8,5125.128000000001,0.15820092688416754,670.5600000000001,37.27459138630398,70,HIGH RISK,24140.160000000003,0.0,NORMAL,NORMAL,0
2026-09-10 00:10:37,BHARATI,-19.65,23.0,999.98,58.68,0.0,68.44,0.19,79.47,24994.89,26.01,4999.63,32,0.1893086904761905,-1,ANOMALY,794.6999999999999,5452.090285714286,0.14576060893237483,669.96,37.30803331542182,70,HIGH RISK,24118.56,0.0,NORMAL,NORMAL,1
2026-09-10 00:10:40,BHARATI,-34.45,34.79,1005.64,52.97,0.0,80.77,0.22,75.77,24995.8,30.69,4999.7,24,0.22632726190476185,-1,ANOMALY,757.6999999999999,6518.22514285714,0.11624329988513968,669.96,37.30939160546898,70,HIGH RISK,24118.56,0.0,NORMAL,NORMAL,1
2026-09-10 00:10:40,MAITRI,-20.43,36.78,1012.68,76.35,0.0,66.45,0.18,80.06,24995.82,25.25,4999.71,25,0.18175916666666656,-1,ANOMALY,800.6,5234.663999999996,0.15294200353642576,670.5600000000001,37.27603793843951,70,HIGH RISK,24140.160000000003,0.0,NORMAL,NORMAL,0
2026-09-10 00:10:42,BHARATI,-36.8,70.83,963.2,94.91,0.0,95.45,0.24,56.37,24994.84,36.27,4999.63,34,0.2367928769841267,-1,ANOMALY,563.6999999999999,6819.634857142849,0.08265838447487897,669.96,37.30795868410054,70,HIGH RISK,24118.56,0.0,NORMAL,NORMAL,1
2026-09-10 00:10:42,MAITRI,-22.82,10.62,1010.11,72.05,0.0,68.16,0.19,79.55,24994.81,25.9,4999.64,23,0.18909821428571433,-1,ANOMALY,795.5,5446.028571428572,0.1460697441385859,670.5600000000001,37.27453173466953,70,HIGH RISK,24140.160000000003,0.0,NORMAL,NORMAL,0
2026-09-10 00:10:45,MAITRI,-31.16,16.29,1011.35,57.06,0.0,76.52,0.21,77.04,24995.78,29.08,4999.71,22,0.21983535714285687,-1,ANOMALY,770.4000000000001,6331.258285714277,0.12168197303501502,670.5600000000001,37.275978286805056,70,HIGH RISK,24140.160000000003,0.0,NORMAL,NORMAL,0
2026-09-10 00:10:45,BHARATI,-42.2,60.51,974.2,90.2,0.0,96.72,0.25,55.98,24995.75,36.75,4999.7,27,0.2452254166666666,-1,ANOMALY,559.8,7062.491999999998,0.07926380659971015,669.96,37.309316974147706,70,HIGH RISK,24118.56,0.0,NORMAL,NORMAL,1
2026-09-10 00:10:47,MAITRI,-17.68,43.59,992.95,71.83,0.0,66.77,0.19,79.97,24994.78,25.37,4999.63,33,0.18224916666666663,-1,ANOMALY,799.6999999999999,5248.775999999998,0.15235933101355445,670.5600000000001,37.27448699594368,70,HIGH RISK,24140.160000000003,0.0,NORMAL,NORMAL,0
2026-09-10 00:10:47,BHARATI,-22.91,11.94,1010.4,59.65,0.0,72.26,0.2,78.32,24994.8,27.46,4999.62,33,0.1922978571428572,-1,ANOMALY,783.1999999999999,5538.178285714287,0.1414183436492577,669.96,37.30789897904352,70,HIGH RISK,24118.56,0.0,NORMAL,NORMAL,1
2026-09-10 00:10:50,MAITRI,-15.95,30.87,997.72,76.77,0.0,65.35,0.18,80.39,24995.74,24.83,4999.7,34,0.18077124999999994,-1,ANOMALY,803.9000000000001,5206.211999999998,0.15441169126420523,670.5600000000001,37.275918635170605,70,HIGH RISK,24140.160000000003,0.0,NORMAL,NORMAL,0
2026-09-10 00:10:50,BHARATI,-23.97,16.01,1001.03,67.64,0.0,68.57,0.19,79.43,24995.71,26.06,4999.69,21,0.19327244047619055,-1,ANOMALY,794.3000000000001,5566.246285714287,0.14269939906154758,669.96,37.309257269090686,70,HIGH RISK,24118.56,0.0,NORMAL,NORMAL,1
2026-09-10 00:10:52,MAITRI,-20.07,18.63,998.1,62.94,0.0,66.87,0.19,79.94,24994.74,25.41,4999.63,27,0.18382702380952373,-1,ANOMALY,799.4,5294.218285714283,0.1509949074364898,670.5600000000001,37.27442734430923,70,HIGH RISK,24140.160000000003,0.0,NORMAL,NORMAL,0
2026-09-10 00:10:52,BHARATI,-35.43,56.33,983.84,80.31,0.0,95.35,0.22,71.4,24994.75,36.23,4999.62,16,0.23189454365079346,-1,ANOMALY,714.0000000000001,6678.562857142851,0.10690922811879557,669.96,37.30782434772225,70,HIGH RISK,24118.56,0.0,NORMAL,NORMAL,1
2026-09-10 00:10:55,MAITRI,-34.04,32.12,986.59,53.56,0.0,78.75,0.22,76.38,24995.7,29.92,4999.7,20,0.2258605952380952,-1,ANOMALY,763.8,6504.785142857141,0.11742124962247574,670.5600000000001,37.275858983536146,70,HIGH RISK,24140.160000000003,0.0,NORMAL,NORMAL,0
2026-09-10 00:10:55,BHARATI,-21.54,59.31,980.52,76.13,0.0,97.9,0.18,70.63,24995.66,37.2,4999.69,20,0.1859811904761905,-1,ANOMALY,706.3,5356.258285714286,0.13186444012301976,669.96,37.30918263776942,70,HIGH RISK,24118.56,0.0,NORMAL,NORMAL,1
2026-09-10 00:10:57,BHARATI,-22.43,27.84,1006.91,76.64,0.0,69.35,0.19,79.2,24994.72,26.35,4999.62,27,0.18890916666666668,-1,ANOMALY,792.0,5440.584,0.14557260764653207,669.96,37.30777956892949,70,HIGH RISK,24118.56,0.0,NORMAL,NORMAL,1
2026-09-10 00:10:57,MAITRI,-27.03,14.5,991.77,73.58,0.0,71.78,0.2,78.47,24994.7,27.28,4999.63,21,0.20469166666666677,-1,ANOMALY,784.6999999999999,5895.120000000003,0.13311009784364009,670.5600000000001,37.27436769267478,70,HIGH RISK,24140.160000000003,0.0,NORMAL,NORMAL,0
2026-09-10 00:11:00,MAITRI,-23.37,31.56,994.21,70.18,0.0,67.94,0.19,79.62,24995.66,25.82,4999.7,21,0.19187660714285726,-1,ANOMALY,796.2,5526.046285714288,0.14408131217762402,670.5600000000001,37.27579933190169,70,HIGH RISK,24140.160000000003,0.0,NORMAL,NORMAL,0
2026-09-10 00:11:00,BHARATI,-29.13,25.54,1011.83,76.41,0.0,76.78,0.21,76.96,24995.62,29.18,4999.69,28,0.20902083333333382,-1,ANOMALY,769.5999999999999,6019.800000000014,0.12784477889630855,669.96,37.3091229327124,70,HIGH RISK,24118.56,0.0,NORMAL,NORMAL,1
2026-09-10 00:11:02,MAITRI,-29.67,40.56,1010.95,50.8,0.0,79.36,0.22,76.19,24994.66,30.16,4999.62,33,0.21006785714285758,-1,ANOMALY,761.9,6049.954285714298,0.1259348358712507,670.5600000000001,37.27430804104032,70,HIGH RISK,24140.160000000003,0.0,NORMAL,NORMAL,0
2026-09-10 00:11:02,BHARATI,-31.16,24.65,989.56,79.09,0.0,80.92,0.22,75.72,24994.67,30.75,4999.62,33,0.22206488095238064,-1,ANOMALY,757.1999999999999,6395.468571428562,0.11839632882925158,669.96,37.30770493760821,70,HIGH RISK,24118.56,0.0,NORMAL,NORMAL,1
2026-09-10 00:11:05,MAITRI,-31.87,12.92,997.73,57.52,0.0,78.46,0.22,76.46,24995.62,29.82,4999.7,25,0.2210395238095235,-1,ANOMALY,764.5999999999999,6365.9382857142755,0.12010798183762313,670.5600000000001,37.275739680267236,70,HIGH RISK,24140.160000000003,0.0,NORMAL,NORMAL,0
2026-09-10 00:11:05,BHARATI,-18.84,38.02,1005.34,68.22,0.0,67.19,0.19,79.84,24995.59,25.53,4999.69,31,0.18641583333333336,-1,ANOMALY,798.4,5368.776,0.14871173615736621,669.96,37.309078153919636,70,HIGH RISK,24118.56,0.0,NORMAL,NORMAL,1
2026-09-10 00:11:07,MAITRI,-30.16,55.28,990.13,77.31,0.0,98.5,0.21,70.45,24994.61,37.43,4999.62,23,0.2180608333333332,-1,ANOMALY,704.5,6280.151999999996,0.11217881350642475,670.5600000000001,37.27423347649725,70,HIGH RISK,24140.160000000003,0.0,NORMAL,NORMAL,0
2026-09-10 00:11:07,BHARATI,-15.0,26.1,996.48,73.39,0.0,61.15,0.17,81.65,24994.64,23.24,4999.61,26,0.16898501984127037,-1,ANOMALY,816.5,4866.768571428587,0.16777045960094322,669.96,37.30766015881545,70,HIGH RISK,24118.56,0.0,NORMAL,NORMAL,1
2026-09-10 00:11:10,BHARATI,-30.68,25.97,1010.47,55.47,0.0,77.22,0.21,76.83,24995.55,29.34,4999.68,25,0.21957369047619013,-1,ANOMALY,768.3,6323.722285714275,0.12149489893565418,669.96,37.309018448862616,70,HIGH RISK,24118.56,0.0,NORMAL,NORMAL,1
2026-09-10 00:11:10,MAITRI,-30.25,47.88,974.83,86.81,0.0,93.26,0.21,72.02,24995.57,35.44,4999.69,23,0.22067749999999972,-1,ANOMALY,720.1999999999999,6355.5119999999915,0.11331895840964519,670.5600000000001,37.275665115724166,70,HIGH RISK,24140.160000000003,0.0,NORMAL,NORMAL,0
2026-09-10 00:11:13,MAITRI,-28.18,32.0,1007.58,70.72,0.0,76.58,0.21,77.02,24994.57,29.1,4999.62,30,0.20927500000000054,-1,ANOMALY,770.2,6027.120000000015,0.12778906011494678,670.5600000000001,37.2741738248628,70,HIGH RISK,24140.160000000003,0.0,NORMAL,NORMAL,0
2026-09-10 00:11:13,BHARATI,-27.58,28.88,1007.36,70.41,0.0,71.96,0.2,78.41,24994.6,27.35,4999.61,20,0.20458333333333345,-1,ANOMALY,784.1,5892.000000000003,0.13307875084860823,669.96,37.30760045375843,70,HIGH RISK,24118.56,0.0,NORMAL,NORMAL,1
2026-09-10 00:11:15,MAITRI,-15.6,31.5,1006.92,68.91,0.0,64.98,0.18,80.51,24995.54,24.69,4999.69,34,0.18016208333333328,-1,ANOMALY,805.1,5188.667999999998,0.15516506355773782,670.5600000000001,37.275620376998326,70,HIGH RISK,24140.160000000003,0.0,NORMAL,NORMAL,0
2026-09-10 00:11:15,BHARATI,-22.13,21.32,997.05,69.96,0.0,71.43,0.2,78.57,24995.51,27.14,4999.68,33,0.19101702380952382,-1,ANOMALY,785.6999999999999,5501.290285714285,0.14282104000952295,669.96,37.3089587438056,70,HIGH RISK,24118.56,0.0,NORMAL,NORMAL,1
2026-09-10 00:11:18,MAITRI,-31.77,34.4,1013.09,54.59,0.0,74.76,0.21,77.57,24994.53,28.41,4999.62,16,0.21958535714285687,-1,ANOMALY,775.6999999999999,6324.058285714278,0.1226585785510969,670.5600000000001,37.27411417322834,70,HIGH RISK,24140.160000000003,0.0,NORMAL,NORMAL,0
2026-09-10 00:11:18,BHARATI,-22.82,13.14,994.47,76.32,0.0,68.96,0.19,79.31,24994.57,26.21,4999.61,25,0.18946904761904768,-1,ANOMALY,793.1,5456.708571428573,0.14534402737809496,669.96,37.30755567496567,70,HIGH RISK,24118.56,0.0,NORMAL,NORMAL,1
2026-09-10 00:11:20,MAITRI,-25.61,25.47,1003.58,73.88,0.0,75.49,0.21,77.35,24995.5,28.69,4999.69,34,0.20640083333333378,-1,ANOMALY,773.5,5944.344000000013,0.13012369405269922,670.5600000000001,37.275560725363874,70,HIGH RISK,24140.160000000003,0.0,NORMAL,NORMAL,0
2026-09-10 00:11:21,BHARATI,-24.58,23.03,1007.44,66.76,0.0,67.21,0.19,79.84,24995.47,25.54,4999.68,16,0.19221827380952372,-1,ANOMALY,798.4,5535.886285714283,0.14422261563795546,669.96,37.308899038748585,70,HIGH RISK,24118.56,0.0,NORMAL,NORMAL,1
2026-09-10 00:11:23,MAITRI,-31.86,13.1,987.05,64.91,0.0,80.85,0.22,75.74,24994.49,30.72,4999.61,31,0.22235238095238072,-1,ANOMALY,757.4,6403.748571428564,0.11827447495038633,670.5600000000001,37.27405452159389,70,HIGH RISK,24140.160000000003,0.0,NORMAL,NORMAL,0
2026-09-10 00:11:23,BHARATI,-25.26,16.06,1005.69,64.54,0.0,67.93,0.19,79.62,24994.53,25.81,4999.61,16,0.19656875000000007,-1,ANOMALY,796.2,5661.180000000002,0.14064205695632354,669.96,37.30749596990865,70,HIGH RISK,24118.56,0.0,NORMAL,NORMAL,1
2026-09-10 00:11:26,BHARATI,-18.47,42.74,1002.11,61.71,0.0,60.8,0.17,81.76,24995.44,23.1,4999.67,16,0.16970710317460358,-1,ANOMALY,817.6000000000001,4887.564571428583,0.16728167741853983,669.96,37.308854259955815,70,HIGH RISK,24118.56,0.0,NORMAL,NORMAL,1
2026-09-10 00:11:26,MAITRI,-33.97,42.79,1006.13,77.04,0.0,81.47,0.23,75.56,24995.46,30.96,4999.68,27,0.2264805952380952,-1,ANOMALY,755.6,6522.641142857141,0.1158426446359766,670.5600000000001,37.275501073729416,70,HIGH RISK,24140.160000000003,0.0,NORMAL,NORMAL,0
2026-09-10 00:11:28,MAITRI,-37.97,49.89,975.09,84.1,0.0,94.69,0.23,71.59,24994.44,35.98,4999.61,24,0.2365763888888887,-1,ANOMALY,715.9,6813.399999999994,0.10507235741333264,670.5600000000001,37.27397995705082,70,HIGH RISK,24140.160000000003,0.0,NORMAL,NORMAL,0
2026-09-10 00:11:28,BHARATI,-33.95,44.8,1001.34,56.97,0.0,82.65,0.23,75.21,24994.49,31.41,4999.6,30,0.2277591666666666,-1,ANOMALY,752.1,6559.463999999998,0.11465875870345507,669.96,37.30743626485163,70,HIGH RISK,24118.56,0.0,NORMAL,NORMAL,1
2026-09-10 00:11:31,MAITRI,-34.2,45.01,976.78,85.85,0.0,93.54,0.22,71.94,24995.41,35.54,4999.68,19,0.2272644047619047,-1,ANOMALY,719.4,6545.214857142855,0.10991235821921291,670.5600000000001,37.275426509186346,70,HIGH RISK,24140.160000000003,0.0,NORMAL,NORMAL,0
2026-09-10 00:11:31,BHARATI,-17.42,20.74,1000.5,72.55,0.0,64.49,0.18,80.65,24995.41,24.5,4999.67,28,0.18218369047619035,-1,ANOMALY,806.5000000000001,5246.890285714281,0.15371009418585696,669.96,37.30880948116305,70,HIGH RISK,24118.56,0.0,NORMAL,NORMAL,1
2026-09-10 00:11:33,MAITRI,-24.02,16.86,1008.76,69.96,0.0,73.02,0.2,78.09,24994.4,27.75,4999.61,32,0.1991595833333335,-1,ANOMALY,780.9000000000001,5735.796000000004,0.13614500934133633,670.5600000000001,37.27392030541637,70,HIGH RISK,24140.160000000003,0.0,NORMAL,NORMAL,0
2026-09-10 00:11:33,BHARATI,-18.34,27.24,990.14,60.33,0.0,67.85,0.19,79.64,24994.45,25.78,4999.6,34,0.18874750000000012,-1,ANOMALY,796.4,5435.9280000000035,0.14650672341502674,669.96,37.30737655979461,70,HIGH RISK,24118.56,0.0,NORMAL,NORMAL,1
2026-09-10 00:11:36,MAITRI,-38.08,54.89,975.04,84.78,0.0,96.24,0.24,71.13,24995.36,36.57,4999.68,31,0.2384199603174601,-1,ANOMALY,711.3,6866.49485714285,0.10358997054517158,670.5600000000001,37.27535194464328,70,HIGH RISK,24140.160000000003,0.0,NORMAL,NORMAL,0
2026-09-10 00:11:36,BHARATI,-20.37,56.13,976.5,89.68,0.0,95.41,0.19,71.38,24995.36,36.26,4999.67,26,0.18828833333333336,-1,ANOMALY,713.8,5422.704000000001,0.13163174681856135,669.96,37.308734849841784,70,HIGH RISK,24118.56,0.0,NORMAL,NORMAL,1
2026-09-10 00:11:38,BHARATI,-24.32,30.13,996.3,66.64,0.0,70.54,0.2,78.84,24994.41,26.81,4999.6,25,0.19678744047619057,-1,ANOMALY,788.4,5667.478285714288,0.13910948754533,669.96,37.30731685473759,70,HIGH RISK,24118.56,0.0,NORMAL,NORMAL,1
2026-09-10 00:11:38,MAITRI,-23.2,20.31,1002.07,58.3,0.0,70.96,0.2,78.71,24994.36,26.96,4999.6,29,0.19617958333333355,-1,ANOMALY,787.0999999999999,5649.972000000005,0.13931042490122061,670.5600000000001,37.27386065378191,70,HIGH RISK,24140.160000000003,0.0,NORMAL,NORMAL,0
2026-09-10 00:11:41,MAITRI,-27.9,39.18,1002.96,53.28,0.0,70.69,0.2,78.79,24995.32,26.86,4999.68,16,0.20415000000000003,-1,ANOMALY,787.9000000000001,5879.52,0.1340075380303154,670.5600000000001,37.275292293008825,70,HIGH RISK,24140.160000000003,0.0,NORMAL,NORMAL,0
2026-09-10 00:11:41,BHARATI,-22.02,56.0,994.49,70.14,0.0,95.13,0.18,71.46,24995.31,36.15,4999.67,20,0.18655452380952378,-1,ANOMALY,714.5999999999999,5372.770285714284,0.13300401133844442,669.96,37.30866021852051,70,HIGH RISK,24118.56,0.0,NORMAL,NORMAL,1
2026-09-10 00:11:43,MAITRI,-22.82,32.82,985.69,68.7,0.0,71.76,0.2,78.47,24994.32,27.27,4999.6,32,0.19151750000000006,-1,ANOMALY,784.6999999999999,5515.7040000000015,0.14226651756511946,670.5600000000001,37.27380100214746,70,HIGH RISK,24140.160000000003,0.0,NORMAL,NORMAL,0
2026-09-10 00:11:43,BHARATI,-34.2,16.19,997.56,59.78,0.0,84.51,0.23,74.65,24994.37,32.11,4999.59,34,0.22770083333333324,-1,ANOMALY,746.5,6557.783999999997,0.113834185450451,669.96,37.307257149680574,70,HIGH RISK,24118.56,0.0,NORMAL,NORMAL,1
2026-09-10 00:11:46,MAITRI,-25.32,13.6,998.73,66.03,0.0,70.78,0.2,78.77,24995.28,26.9,4999.67,23,0.20030875000000015,-1,ANOMALY,787.6999999999999,5768.8920000000035,0.13654268445309767,670.5600000000001,37.275232641374366,70,HIGH RISK,24140.160000000003,0.0,NORMAL,NORMAL,0
2026-09-10 00:11:46,BHARATI,-26.12,40.85,997.82,76.46,0.0,71.63,0.2,78.51,24995.27,27.22,4999.66,23,0.20655000000000018,-1,ANOMALY,785.1,5948.640000000005,0.13197974663116266,669.96,37.30860051346349,70,HIGH RISK,24118.56,0.0,NORMAL,NORMAL,1
2026-09-10 00:11:48,MAITRI,-18.09,12.59,996.29,58.15,0.0,65.99,0.18,80.2,24994.29,25.08,4999.6,30,0.18233785714285705,-1,ANOMALY,802.0,5251.330285714283,0.15272320657143973,670.5600000000001,37.27375626342162,70,HIGH RISK,24140.160000000003,0.0,NORMAL,NORMAL,0
2026-09-10 00:11:48,BHARATI,-30.29,21.16,999.31,62.14,0.0,75.2,0.21,77.44,24994.33,28.58,4999.59,21,0.2184486904761902,-1,ANOMALY,774.4,6291.322285714277,0.12309018117835613,669.96,37.30719744462356,70,HIGH RISK,24118.56,0.0,NORMAL,NORMAL,1
2026-09-10 00:11:51,BHARATI,-25.43,36.14,996.02,60.11,0.0,72.5,0.2,78.25,24995.23,27.55,4999.66,27,0.2013904166666668,1,NORMAL,782.5,5800.0440000000035,0.1349127696272648,669.96,37.30854080840647,30,LOW RISK,24118.56,0.0,NORMAL,NORMAL,1
2026-09-10 00:11:51,MAITRI,-19.38,42.03,989.86,50.73,0.0,67.75,0.19,79.67,24995.24,25.75,4999.67,31,0.18774250000000006,-1,ANOMALY,796.6999999999999,5406.984000000001,0.14734646893721154,670.5600000000001,37.275172989739914,70,HIGH RISK,24140.160000000003,0.0,NORMAL,NORMAL,0
2026-09-10 00:11:53,MAITRI,-34.21,43.79,1014.82,76.76,0.0,76.92,0.21,76.92,24994.25,29.23,4999.59,15,0.22598142857142853,-1,ANOMALY,769.2,6508.265142857141,0.11818817812673191,670.5600000000001,37.27369661178716,70,HIGH RISK,24140.160000000003,0.0,NORMAL,NORMAL,0
2026-09-10 00:11:53,BHARATI,-21.78,35.47,1008.82,50.14,0.0,67.86,0.19,79.64,24994.29,25.79,4999.59,25,0.1874286904761906,-1,ANOMALY,796.4,5397.946285714288,0.14753759260400193,669.96,37.30713773956654,70,HIGH RISK,24118.56,0.0,NORMAL,NORMAL,1
2026-09-10 00:11:56,MAITRI,-32.48,40.22,1008.31,57.84,0.0,76.31,0.21,77.11,24995.2,29.0,4999.67,18,0.21951869047619021,-1,ANOMALY,771.1,6322.138285714277,0.12196822738635824,670.5600000000001,37.27511333810546,70,HIGH RISK,24140.160000000003,0.0,NORMAL,NORMAL,0
2026-09-10 00:11:56,BHARATI,-21.25,24.53,1006.11,56.92,0.0,70.51,0.2,78.85,24995.19,26.79,4999.66,33,0.1907520238095239,-1,ANOMALY,788.5,5493.6582857142885,0.14352913104377382,669.96,37.30848110334945,70,HIGH RISK,24118.56,0.0,NORMAL,NORMAL,1
2026-09-10 00:11:58,MAITRI,-32.29,32.93,986.65,56.51,0.0,76.9,0.21,76.93,24994.21,29.22,4999.59,20,0.21972285714285686,-1,ANOMALY,769.3000000000001,6328.018285714277,0.12157044516396574,670.5600000000001,37.2736369601527,70,HIGH RISK,24140.160000000003,0.0,NORMAL,NORMAL,0
2026-09-10 00:11:58,BHARATI,-15.53,16.78,1008.93,68.12,0.0,61.71,0.17,81.49,24994.26,23.45,4999.58,26,0.16942787698412753,-1,ANOMALY,814.9,4879.522857142872,0.16700403376676706,669.96,37.30709296077377,70,HIGH RISK,24118.56,0.0,NORMAL,NORMAL,1
2026-09-10 00:12:01,MAITRI,-27.3,48.29,972.57,75.49,0.0,95.34,0.21,71.4,24995.15,36.23,4999.66,32,0.20961333333333368,-1,ANOMALY,714.0000000000001,6036.86400000001,0.11827332866865958,670.5600000000001,37.27503877356239,70,HIGH RISK,24140.160000000003,0.0,NORMAL,NORMAL,0
2026-09-10 00:12:01,BHARATI,-30.88,32.25,992.81,60.03,0.0,80.23,0.22,75.93,24995.15,30.49,4999.65,32,0.2215623809523807,-1,ANOMALY,759.3000000000001,6380.9965714285645,0.11899395204188451,669.96,37.30842139829244,70,HIGH RISK,24118.56,0.0,NORMAL,NORMAL,1
2026-09-10 00:12:03,MAITRI,-21.93,33.31,1013.0,58.41,0.0,70.03,0.19,78.99,24994.17,26.61,4999.59,30,0.18863416666666674,-1,ANOMALY,789.9,5432.664000000002,0.14539827973900094,670.5600000000001,37.27357730851825,70,HIGH RISK,24140.160000000003,0.0,NORMAL,NORMAL,0
2026-09-10 00:12:03,BHARATI,-33.76,26.07,996.93,76.93,0.0,78.45,0.22,76.47,24994.22,29.81,4999.58,20,0.22549392857142844,-1,ANOMALY,764.6999999999999,6494.225142857139,0.1177507682869722,669.96,37.30703325571676,70,HIGH RISK,24118.56,0.0,NORMAL,NORMAL,1
2026-09-10 00:12:06,BHARATI,-28.98,40.58,992.82,72.85,0.0,74.23,0.21,77.73,24995.11,28.21,4999.65,22,0.20487916666666678,-1,ANOMALY,777.3,5900.520000000003,0.1317341522442089,669.96,37.30836169323542,70,HIGH RISK,24118.56,0.0,NORMAL,NORMAL,1
2026-09-10 00:12:06,MAITRI,-26.05,43.51,1005.7,60.18,0.0,69.55,0.19,79.13,24995.12,26.43,4999.66,18,0.20278333333333337,-1,ANOMALY,791.3,5840.160000000001,0.13549286320922713,670.5600000000001,37.27499403483655,70,HIGH RISK,24140.160000000003,0.0,NORMAL,NORMAL,0
2026-09-10 00:12:08,BHARATI,-24.01,36.02,1011.65,58.29,0.0,67.81,0.19,79.66,24994.18,25.77,4999.58,19,0.1929516071428571,-1,ANOMALY,796.6,5557.006285714284,0.14335056666174115,669.96,37.30697355065974,70,HIGH RISK,24118.56,0.0,NORMAL,NORMAL,1
2026-09-10 00:12:08,MAITRI,-16.07,33.46,1002.46,50.76,0.0,63.07,0.18,81.08,24994.14,23.97,4999.59,28,0.1774279166666667,-1,ANOMALY,810.8,5109.924000000001,0.15867163582080668,670.5600000000001,37.27353256979241,70,HIGH RISK,24140.160000000003,0.0,NORMAL,NORMAL,0
2026-09-10 00:12:11,MAITRI,-22.4,15.28,1014.76,52.36,0.0,69.72,0.19,79.08,24995.08,26.49,4999.66,28,0.1891811904761905,-1,ANOMALY,790.8,5448.418285714286,0.14514304125171004,670.5600000000001,37.2749343832021,70,HIGH RISK,24140.160000000003,0.0,NORMAL,NORMAL,0
2026-09-10 00:12:11,BHARATI,-29.79,11.33,986.0,61.71,0.0,72.28,0.2,78.32,24995.07,27.46,4999.65,15,0.20500952380952392,-1,ANOMALY,783.1999999999999,5904.274285714288,0.13264966397225053,669.96,37.3083019881784,70,HIGH RISK,24118.56,0.0,NORMAL,NORMAL,1
2026-09-10 00:12:13,MAITRI,-18.71,28.16,1008.31,60.44,0.0,65.44,0.18,80.37,24994.1,24.87,4999.58,27,0.18154499999999987,-1,ANOMALY,803.7,5228.4959999999965,0.15371533228676096,670.5600000000001,37.27347291815795,70,HIGH RISK,24140.160000000003,0.0,NORMAL,NORMAL,0
2026-09-10 00:12:13,BHARATI,-36.41,36.61,980.96,80.39,0.0,92.85,0.23,72.15,24994.14,35.28,4999.58,24,0.23340263888888876,-1,ANOMALY,721.5,6721.995999999996,0.10733419061838187,669.96,37.30691384560272,70,HIGH RISK,24118.56,0.0,NORMAL,NORMAL,1
2026-09-10 00:12:16,MAITRI,-23.55,16.94,1005.96,78.46,0.0,68.52,0.19,79.44,24995.04,26.04,4999.66,22,0.19354744047619055,-1,ANOMALY,794.4,5574.166285714287,0.14251458590963142,670.5600000000001,37.27487473156764,70,HIGH RISK,24140.160000000003,0.0,NORMAL,NORMAL,0
2026-09-10 00:12:16,BHARATI,-15.13,33.39,1011.85,67.67,0.0,60.49,0.17,81.85,24995.04,22.99,4999.65,24,0.16869335317460366,-1,ANOMALY,818.4999999999999,4858.368571428585,0.1684721914293388,669.96,37.30825720938564,70,HIGH RISK,24118.56,0.0,NORMAL,NORMAL,1
2026-09-10 00:12:18,MAITRI,-32.28,41.05,988.44,74.4,0.0,76.49,0.21,77.05,24994.06,29.07,4999.58,19,0.2196186904761902,-1,ANOMALY,770.5,6325.018285714277,0.12181782964015389,670.5600000000001,37.2734132665235,70,HIGH RISK,24140.160000000003,0.0,NORMAL,NORMAL,0
2026-09-10 00:12:18,BHARATI,-15.88,37.04,988.52,70.83,0.0,60.88,0.17,81.74,24994.1,23.13,4999.57,23,0.16961251984127038,-1,ANOMALY,817.3999999999999,4884.840571428586,0.16733401797818526,669.96,37.3068541405457,70,HIGH RISK,24118.56,0.0,NORMAL,NORMAL,1
2026-09-10 00:12:21,BHARATI,-22.14,27.56,1005.13,50.78,0.0,65.04,0.18,80.49,24995.01,24.72,4999.64,17,0.18222833333333316,-1,ANOMALY,804.9,5248.175999999995,0.15336756999003096,669.96,37.30821243059287,70,HIGH RISK,24118.56,0.0,NORMAL,NORMAL,1
2026-09-10 00:12:21,MAITRI,-20.34,27.91,989.4,79.04,0.0,64.36,0.18,80.69,24995.01,24.46,4999.65,20,0.18197166666666653,-1,ANOMALY,806.9,5240.783999999996,0.1539655135567504,670.5600000000001,37.274829992841795,70,HIGH RISK,24140.160000000003,0.0,NORMAL,NORMAL,0
2026-09-10 00:12:23,MAITRI,-29.31,24.47,992.92,61.23,0.0,76.57,0.21,77.03,24994.02,29.1,4999.58,27,0.20878452380952425,-1,ANOMALY,770.3,6012.994285714298,0.12810589257170635,670.5600000000001,37.27335361488905,70,HIGH RISK,24140.160000000003,0.0,NORMAL,NORMAL,0
2026-09-10 00:12:23,BHARATI,-20.85,26.82,1006.55,70.87,0.0,67.7,0.19,79.69,24994.07,25.72,4999.57,27,0.18842916666666676,-1,ANOMALY,796.9,5426.760000000002,0.1468463687356728,669.96,37.30680936175294,70,HIGH RISK,24118.56,0.0,NORMAL,NORMAL,1
2026-09-10 00:12:26,MAITRI,-35.41,47.29,986.6,77.98,0.0,95.17,0.23,71.45,24994.96,36.16,4999.65,23,0.23227787698412683,-1,ANOMALY,714.5,6689.602857142852,0.10680753630046805,670.5600000000001,37.27475542829873,70,HIGH RISK,24140.160000000003,0.0,NORMAL,NORMAL,0
2026-09-10 00:12:26,BHARATI,-17.33,34.05,985.59,55.67,0.0,62.8,0.17,81.16,24994.97,23.86,4999.64,24,0.17378246031746072,-1,ANOMALY,811.6,5004.934857142868,0.16215995275976727,669.96,37.308152725535855,70,HIGH RISK,24118.56,0.0,NORMAL,NORMAL,1
2026-09-10 00:12:28,MAITRI,-28.2,22.28,994.11,64.73,0.0,77.81,0.22,76.66,24993.98,29.57,4999.57,33,0.20997500000000044,-1,ANOMALY,766.5999999999999,6047.2800000000125,0.1267677368998952,670.5600000000001,37.27329396325459,70,HIGH RISK,24140.160000000003,0.0,NORMAL,NORMAL,0
2026-09-10 00:12:28,BHARATI,-33.43,40.96,988.8,70.63,0.0,82.5,0.23,75.25,24994.02,31.35,4999.57,31,0.22388154761904736,-1,ANOMALY,752.5,6447.788571428564,0.11670668038565617,669.96,37.306734730431664,70,HIGH RISK,24118.56,0.0,NORMAL,NORMAL,1
2026-09-10 00:12:31,MAITRI,-29.09,35.35,1008.14,67.74,0.0,76.75,0.21,76.98,24994.92,29.16,4999.65,28,0.2087083333333338,1,NORMAL,769.8000000000001,6010.800000000014,0.12806947494509854,670.5600000000001,37.274695776664274,30,LOW RISK,24140.160000000003,0.0,NORMAL,NORMAL,0
2026-09-10 00:12:31,BHARATI,-27.82,12.62,993.51,63.2,0.0,75.01,0.21,77.5,24994.93,28.5,4999.64,27,0.20949166666666716,-1,ANOMALY,775.0,6033.360000000014,0.12845247092830497,669.96,37.308093020478836,70,HIGH RISK,24118.56,0.0,NORMAL,NORMAL,1
2026-09-10 00:12:33,MAITRI,-33.5,27.07,1013.35,71.56,0.0,78.97,0.22,76.31,24993.94,30.01,4999.57,22,0.2222228571428569,-1,ANOMALY,763.1,6400.018285714279,0.1192340343313306,670.5600000000001,37.273234311620136,70,HIGH RISK,24140.160000000003,0.0,NORMAL,NORMAL,0
2026-09-10 00:12:33,BHARATI,-23.02,13.22,1013.09,70.75,0.0,69.17,0.19,79.25,24993.99,26.28,4999.56,25,0.18951904761904767,-1,ANOMALY,792.5,5458.148571428573,0.14519575449969427,669.96,37.3066899516389,70,HIGH RISK,24118.56,0.0,NORMAL,NORMAL,1
2026-09-10 00:12:36,BHARATI,-17.56,12.97,1001.06,66.19,0.0,65.43,0.18,80.37,24994.9,24.86,4999.63,30,0.18235452380952372,-1,ANOMALY,803.7,5251.810285714282,0.15303294602742706,669.96,37.30804824168607,70,HIGH RISK,24118.56,0.0,NORMAL,NORMAL,1
2026-09-10 00:12:36,MAITRI,-18.02,44.94,996.56,55.03,0.0,60.72,0.17,81.78,24994.89,23.07,4999.65,17,0.1695071031746036,-1,ANOMALY,817.8,4881.804571428584,0.16752002011434136,670.5600000000001,37.27465103793843,70,HIGH RISK,24140.160000000003,0.0,NORMAL,NORMAL,0
2026-09-10 00:12:38,MAITRI,-37.52,35.62,990.67,88.95,0.0,95.72,0.23,71.28,24993.89,36.37,4999.57,20,0.2364013888888887,-1,ANOMALY,712.8,6808.359999999995,0.10469481637281232,670.5600000000001,37.27315974707707,70,HIGH RISK,24140.160000000003,0.0,NORMAL,NORMAL,0
2026-09-10 00:12:38,BHARATI,-20.61,38.67,1003.89,70.25,0.0,68.64,0.19,79.41,24993.95,26.08,4999.56,30,0.18782750000000006,-1,ANOMALY,794.0999999999999,5409.432000000002,0.14679914637987865,669.96,37.30663024658188,70,HIGH RISK,24118.56,0.0,NORMAL,NORMAL,1
2026-09-10 00:12:41,MAITRI,-32.54,41.76,1003.65,61.03,0.0,77.56,0.22,76.73,24994.85,29.47,4999.64,21,0.22033119047619013,-1,ANOMALY,767.3000000000001,6345.538285714275,0.12091960767574665,670.5600000000001,37.27459138630398,70,HIGH RISK,24140.160000000003,0.0,NORMAL,NORMAL,0
2026-09-10 00:12:41,BHARATI,-37.52,60.53,952.46,90.77,0.0,90.8,0.24,57.76,24994.85,34.5,4999.63,29,0.2392374603174601,-1,ANOMALY,577.6,6890.03885714285,0.08383116728016803,669.96,37.30797361036479,70,HIGH RISK,24118.56,0.0,NORMAL,NORMAL,1
2026-09-10 00:12:43,MAITRI,-34.93,42.92,993.36,72.29,0.0,95.14,0.22,71.46,24993.84,36.15,4999.57,21,0.2273444047619047,-1,ANOMALY,714.5999999999999,6547.518857142855,0.10914057914020737,670.5600000000001,37.273085182534,70,HIGH RISK,24140.160000000003,0.0,NORMAL,NORMAL,0
2026-09-10 00:12:43,BHARATI,-31.1,33.31,1009.33,64.67,0.0,77.65,0.22,76.7,24993.91,29.51,4999.56,25,0.22092702380952342,1,NORMAL,767.0,6362.698285714274,0.12054634143537687,669.96,37.30657054152486,30,LOW RISK,24118.56,0.0,NORMAL,NORMAL,1
2026-09-10 00:12:46,MAITRI,-15.77,40.15,992.92,68.87,0.0,63.96,0.18,80.81,24994.81,24.31,4999.64,31,0.18043374999999995,-1,ANOMALY,808.1,5196.491999999998,0.15550875475224446,670.5600000000001,37.27453173466953,70,HIGH RISK,24140.160000000003,0.0,NORMAL,NORMAL,0
2026-09-10 00:12:46,BHARATI,-34.82,11.98,1012.19,69.76,0.0,81.56,0.23,75.53,24994.81,30.99,4999.63,25,0.22623226190476184,-1,ANOMALY,755.3,6515.489142857141,0.11592376004924006,669.96,37.30791390530778,70,HIGH RISK,24118.56,0.0,NORMAL,NORMAL,1
2026-09-10 00:12:48,BHARATI,-15.09,17.1,1008.46,53.48,0.0,62.45,0.17,81.27,24993.88,23.73,4999.55,29,0.17201656746031788,-1,ANOMALY,812.6999999999999,4954.077142857155,0.16404669862110646,669.96,37.3065257627321,70,HIGH RISK,24118.56,0.0,NORMAL,NORMAL,1
2026-09-10 00:12:48,MAITRI,-27.79,38.52,995.41,63.0,0.0,70.98,0.2,78.71,24993.8,26.97,4999.56,17,0.20425000000000007,-1,ANOMALY,787.0999999999999,5882.4000000000015,0.13380592955256354,670.5600000000001,37.273025530899545,70,HIGH RISK,24140.160000000003,0.0,NORMAL,NORMAL,0
2026-09-10 00:12:51,MAITRI,-18.74,39.75,1008.48,57.85,0.0,63.48,0.18,80.96,24994.78,24.12,4999.64,22,0.1810574999999999,-1,ANOMALY,809.6,5214.4559999999965,0.15526068299358564,670.5600000000001,37.27448699594368,70,HIGH RISK,24140.160000000003,0.0,NORMAL,NORMAL,0
2026-09-10 00:12:51,BHARATI,-20.88,25.78,992.47,54.87,0.0,68.53,0.19,79.44,24994.77,26.04,4999.63,29,0.18878166666666668,-1,ANOMALY,794.4,5436.912,0.14611235201158304,669.96,37.30785420025076,70,HIGH RISK,24118.56,0.0,NORMAL,NORMAL,1
2026-09-10 00:12:53,MAITRI,-24.3,36.49,985.49,87.21,0.0,97.22,0.2,70.83,24993.75,36.94,4999.56,28,0.19885958333333348,-1,ANOMALY,708.3,5727.156000000004,0.12367394916429716,670.5600000000001,37.272950966356476,70,HIGH RISK,24140.160000000003,0.0,NORMAL,NORMAL,0
2026-09-10 00:12:53,BHARATI,-25.29,14.91,1001.82,55.21,0.0,75.16,0.21,77.45,24993.84,28.56,4999.55,34,0.20263625000000032,-1,ANOMALY,774.5000000000001,5835.924000000009,0.1327124890591445,669.96,37.30646605767508,70,HIGH RISK,24118.56,0.0,NORMAL,NORMAL,1
2026-09-10 00:12:56,MAITRI,-32.88,27.13,1010.27,52.37,0.0,76.73,0.21,76.98,24994.74,29.16,4999.64,18,0.21958535714285687,-1,ANOMALY,769.8000000000001,6324.058285714278,0.12172563332297848,670.5600000000001,37.27442734430923,70,HIGH RISK,24140.160000000003,0.0,NORMAL,NORMAL,0
2026-09-10 00:12:56,BHARATI,-23.25,43.16,987.67,79.0,0.0,94.52,0.19,71.64,24994.72,35.92,4999.62,19,0.1933282738095239,-1,ANOMALY,716.4000000000001,5567.8542857142875,0.12866716031669545,669.96,37.30777956892949,70,HIGH RISK,24118.56,0.0,NORMAL,NORMAL,1
2026-09-10 00:12:58,MAITRI,-23.72,39.92,985.62,68.24,0.0,67.91,0.19,79.63,24993.71,25.8,4999.56,20,0.19258077380952388,-1,ANOMALY,796.3,5546.326285714287,0.1435725125027418,670.5600000000001,37.27289131472202,70,HIGH RISK,24140.160000000003,0.0,NORMAL,NORMAL,0
2026-09-10 00:12:58,BHARATI,-26.22,37.67,986.48,69.95,0.0,71.33,0.2,78.6,24993.8,27.11,4999.55,22,0.20449166666666677,-1,ANOMALY,785.9999999999999,5889.360000000002,0.13346102123150896,669.96,37.30640635261806,70,HIGH RISK,24118.56,0.0,NORMAL,NORMAL,1
2026-09-10 00:13:01,BHARATI,-23.97,10.83,985.16,64.12,0.0,72.97,0.2,78.11,24994.68,27.73,4999.62,32,0.19834708333333353,-1,ANOMALY,781.1,5712.396000000006,0.1367377191637273,669.96,37.30771986387247,70,HIGH RISK,24118.56,0.0,NORMAL,NORMAL,1
2026-09-10 00:13:01,MAITRI,-22.86,41.48,1004.97,79.58,0.0,70.2,0.19,78.94,24994.7,26.68,4999.63,28,0.18954416666666674,-1,ANOMALY,789.4,5458.872000000001,0.14460862976820116,670.5600000000001,37.27436769267478,70,HIGH RISK,24140.160000000003,0.0,NORMAL,NORMAL,0
2026-09-10 00:13:03,BHARATI,-29.54,41.97,994.07,54.49,0.0,74.82,0.21,77.55,24993.76,28.43,4999.55,22,0.20545535714285734,-1,ANOMALY,775.5,5917.114285714291,0.13106050729361307,669.96,37.30634664756104,70,HIGH RISK,24118.56,0.0,NORMAL,NORMAL,1
2026-09-10 00:13:03,MAITRI,-32.8,36.73,997.1,67.2,0.0,77.44,0.22,76.77,24993.67,29.43,4999.56,20,0.22025619047619013,-1,ANOMALY,767.6999999999999,6343.378285714276,0.12102384020339968,670.5600000000001,37.272831663087565,70,HIGH RISK,24140.160000000003,0.0,NORMAL,NORMAL,0
2026-09-10 00:13:06,MAITRI,-21.28,44.08,1008.39,74.3,0.0,64.14,0.18,80.76,24994.67,24.37,4999.63,17,0.1813133333333332,-1,ANOMALY,807.6000000000001,5221.823999999996,0.15465860205169701,670.5600000000001,37.27432295394893,70,HIGH RISK,24140.160000000003,0.0,NORMAL,NORMAL,0
2026-09-10 00:13:06,BHARATI,-35.44,59.76,986.09,75.82,0.0,95.72,0.23,71.28,24994.63,36.37,4999.62,25,0.23188787698412677,-1,ANOMALY,712.8,6678.370857142851,0.10673261716779697,669.96,37.307645232551195,70,HIGH RISK,24118.56,0.0,NORMAL,NORMAL,1
2026-09-10 00:13:08,MAITRI,-27.28,45.13,991.17,75.09,0.0,92.43,0.2,72.27,24993.63,35.12,4999.55,24,0.2086466666666669,-1,ANOMALY,722.7,6009.024000000007,0.12026911525066288,670.5600000000001,37.272772011453114,70,HIGH RISK,24140.160000000003,0.0,NORMAL,NORMAL,0
2026-09-10 00:13:08,BHARATI,-28.64,24.56,1010.93,51.7,0.0,74.67,0.21,77.6,24993.72,28.37,4999.54,24,0.20801666666666704,-1,ANOMALY,775.9999999999999,5990.88000000001,0.12953021926661837,669.96,37.30628694250403,70,HIGH RISK,24118.56,0.0,NORMAL,NORMAL,1
2026-09-10 00:13:11,MAITRI,-33.83,46.94,977.38,89.16,0.0,94.96,0.22,71.51,24994.62,36.08,4999.63,19,0.22689773809523803,-1,ANOMALY,715.1,6534.654857142854,0.10943194638938637,670.5600000000001,37.27424838940586,70,HIGH RISK,24140.160000000003,0.0,NORMAL,NORMAL,0
2026-09-10 00:13:11,BHARATI,-29.0,31.85,990.97,77.16,0.0,73.85,0.21,77.85,24994.59,28.06,4999.61,21,0.20425833333333343,-1,ANOMALY,778.5,5882.640000000002,0.13233854187915625,669.96,37.307585527494176,70,HIGH RISK,24118.56,0.0,NORMAL,NORMAL,1
2026-09-10 00:13:13,MAITRI,-20.72,44.4,991.81,78.41,0.0,94.5,0.17,71.65,24993.58,35.91,4999.55,15,0.18605619047619049,-1,ANOMALY,716.5,5358.418285714286,0.1337148318395023,670.5600000000001,37.272697446910044,70,HIGH RISK,24140.160000000003,0.0,NORMAL,NORMAL,0
2026-09-10 00:13:13,BHARATI,-29.28,22.01,1007.74,63.05,0.0,79.34,0.22,76.2,24993.68,30.15,4999.54,34,0.21004166666666713,-1,ANOMALY,762.0,6049.200000000013,0.12596707002578827,669.96,37.30622723744701,70,HIGH RISK,24118.56,0.0,NORMAL,NORMAL,1
2026-09-10 00:13:16,MAITRI,-24.3,50.35,981.62,81.21,0.0,98.52,0.2,70.44,24994.57,37.44,4999.62,28,0.19863541666666684,-1,ANOMALY,704.4,5720.700000000004,0.12313178457181803,670.5600000000001,37.2741738248628,70,HIGH RISK,24140.160000000003,0.0,NORMAL,NORMAL,0
2026-09-10 00:13:16,BHARATI,-22.38,49.38,994.0,77.67,0.0,97.11,0.19,70.87,24994.54,36.9,4999.61,23,0.1877795238095238,-1,ANOMALY,708.7,5408.050285714286,0.13104537912158046,669.96,37.30751089617291,70,HIGH RISK,24118.56,0.0,NORMAL,NORMAL,1
2026-09-10 00:13:18,BHARATI,-30.04,40.25,1001.55,74.17,0.0,73.74,0.2,77.88,24993.64,28.02,4999.54,18,0.21424119047619025,-1,ANOMALY,778.8,6170.14628571428,0.12622067029482803,669.96,37.30616753238999,70,HIGH RISK,24118.56,0.0,NORMAL,NORMAL,1
2026-09-10 00:13:18,MAITRI,-18.57,17.19,988.36,72.39,0.0,61.69,0.17,81.49,24993.54,23.44,4999.55,18,0.16998996031746078,-1,ANOMALY,814.9,4895.71085714287,0.1664518236020937,670.5600000000001,37.272637795275585,70,HIGH RISK,24140.160000000003,0.0,NORMAL,NORMAL,0
2026-09-10 00:13:21,MAITRI,-20.12,35.19,1004.64,63.1,0.0,64.52,0.18,80.64,24994.53,24.52,4999.62,21,0.1813383333333332,-1,ANOMALY,806.4,5222.543999999996,0.15440750714594279,670.5600000000001,37.27411417322834,70,HIGH RISK,24140.160000000003,0.0,NORMAL,NORMAL,0
2026-09-10 00:13:21,BHARATI,-20.45,11.89,1008.39,71.59,0.0,64.87,0.18,80.54,24994.51,24.65,4999.61,21,0.18217702380952366,-1,ANOMALY,805.4000000000001,5246.698285714281,0.153506063459556,669.96,37.30746611738014,70,HIGH RISK,24118.56,0.0,NORMAL,NORMAL,1
2026-09-10 00:13:23,MAITRI,-30.94,41.3,995.7,78.31,0.0,75.49,0.21,77.35,24993.5,28.69,4999.55,20,0.21874452380952356,-1,ANOMALY,773.5,6299.842285714278,0.12278085147528425,670.5600000000001,37.272578143641134,70,HIGH RISK,24140.160000000003,0.0,NORMAL,NORMAL,0
2026-09-10 00:13:23,BHARATI,-18.18,13.95,991.84,51.4,0.0,60.49,0.17,81.85,24993.61,22.99,4999.53,16,0.16951662698412742,-1,ANOMALY,818.4999999999999,4882.078857142869,0.16765399002158052,669.96,37.30612275359723,70,HIGH RISK,24118.56,0.0,NORMAL,NORMAL,1
2026-09-10 00:13:26,MAITRI,-34.89,37.71,1010.39,77.54,0.0,80.04,0.22,75.99,24994.49,30.41,4999.62,21,0.2263489285714285,-1,ANOMALY,759.8999999999999,6518.849142857141,0.11656965567804871,670.5600000000001,37.27405452159389,70,HIGH RISK,24140.160000000003,0.0,NORMAL,NORMAL,0
2026-09-10 00:13:26,BHARATI,-22.86,29.57,1009.84,50.5,0.0,70.21,0.2,78.94,24994.47,26.68,4999.61,28,0.18986083333333345,-1,ANOMALY,789.4,5467.992000000004,0.14436743872339233,669.96,37.307406412323125,70,HIGH RISK,24118.56,0.0,NORMAL,NORMAL,1
2026-09-10 00:13:28,MAITRI,-20.78,41.79,1011.99,71.69,0.0,65.22,0.18,80.43,24993.47,24.78,4999.55,21,0.18134666666666654,-1,ANOMALY,804.3000000000001,5222.783999999996,0.153998327328873,670.5600000000001,37.27253340491529,70,HIGH RISK,24140.160000000003,0.0,NORMAL,NORMAL,0
2026-09-10 00:13:28,BHARATI,-25.92,14.55,993.28,55.0,0.0,69.01,0.19,79.3,24993.57,26.23,4999.53,17,0.2030750000000001,-1,ANOMALY,792.9999999999999,5848.560000000002,0.13558893129248903,669.96,37.30606304854021,70,HIGH RISK,24118.56,0.0,NORMAL,NORMAL,1
2026-09-10 00:13:31,BHARATI,-19.92,38.49,1009.26,62.51,0.0,67.91,0.19,79.63,24994.44,25.81,4999.6,30,0.1877575000000001,-1,ANOMALY,796.3,5407.416000000003,0.14726072490076583,669.96,37.307361633530356,70,HIGH RISK,24118.56,0.0,NORMAL,NORMAL,1
2026-09-10 00:13:31,MAITRI,-18.09,29.69,1007.95,71.78,0.0,67.6,0.19,79.72,24994.45,25.69,4999.62,34,0.18752833333333338,-1,ANOMALY,797.2,5400.816000000001,0.14760732452281283,670.5600000000001,37.27399486995944,70,HIGH RISK,24140.160000000003,0.0,NORMAL,NORMAL,0
2026-09-10 00:13:33,MAITRI,-26.35,29.5,1013.14,79.71,0.0,73.86,0.21,77.84,24993.43,28.07,4999.54,28,0.20837916666666703,1,NORMAL,778.4,6001.320000000011,0.129704798277712,670.5600000000001,37.272473753280835,30,LOW RISK,24140.160000000003,0.0,NORMAL,NORMAL,0
2026-09-10 00:13:33,BHARATI,-21.11,26.31,992.91,75.55,0.0,64.36,0.18,80.69,24993.54,24.46,4999.53,18,0.18216333333333318,-1,ANOMALY,806.9,5246.3039999999955,0.15380351577034054,669.96,37.30601826974745,70,HIGH RISK,24118.56,0.0,NORMAL,NORMAL,1
2026-09-10 00:13:36,MAITRI,-22.12,19.31,1004.49,52.13,0.0,68.23,0.19,79.53,24994.42,25.93,4999.61,25,0.1886782142857143,-1,ANOMALY,795.3,5433.9325714285715,0.14635809140909473,670.5600000000001,37.27395013123359,70,HIGH RISK,24140.160000000003,0.0,NORMAL,NORMAL,0
2026-09-10 00:13:36,BHARATI,-32.9,13.25,993.24,75.34,0.0,79.15,0.22,76.25,24994.39,30.08,4999.6,24,0.2209270238095235,-1,ANOMALY,762.5,6362.6982857142775,0.11983909432134918,669.96,37.30728700220909,70,HIGH RISK,24118.56,0.0,NORMAL,NORMAL,1
2026-09-10 00:13:38,MAITRI,-17.46,40.67,988.1,78.75,0.0,66.14,0.18,80.16,24993.39,25.13,4999.54,32,0.18198249999999994,-1,ANOMALY,801.6,5241.095999999998,0.15294510919090212,670.5600000000001,37.27241410164638,70,HIGH RISK,24140.160000000003,0.0,NORMAL,NORMAL,0
2026-09-10 00:13:38,BHARATI,-17.63,44.68,990.06,79.49,0.0,62.31,0.17,81.31,24993.51,23.68,4999.53,22,0.17333246031746072,-1,ANOMALY,813.1,4991.974857142868,0.16288142934785807,669.96,37.30597349095468,70,HIGH RISK,24118.56,0.0,NORMAL,NORMAL,1
2026-09-10 00:13:41,MAITRI,-26.42,35.58,989.58,72.79,0.0,73.94,0.21,77.82,24994.38,28.1,4999.61,28,0.20845833333333372,-1,ANOMALY,778.1999999999999,6003.60000000001,0.12962222666400136,670.5600000000001,37.27389047959914,70,HIGH RISK,24140.160000000003,0.0,NORMAL,NORMAL,0
2026-09-10 00:13:41,BHARATI,-21.78,10.45,1000.05,51.27,0.0,68.67,0.19,79.4,24994.36,26.09,4999.6,27,0.1885703571428572,-1,ANOMALY,794.0,5430.826285714286,0.14620243002222444,669.96,37.307242223416324,70,HIGH RISK,24118.56,0.0,NORMAL,NORMAL,1
2026-09-10 00:13:43,BHARATI,-30.85,31.15,996.29,79.21,0.0,74.59,0.21,77.62,24993.47,28.34,4999.53,18,0.2184486904761902,-1,ANOMALY,776.2,6291.322285714277,0.12337628955402896,669.96,37.305913785897665,70,HIGH RISK,24118.56,0.0,NORMAL,NORMAL,1
2026-09-10 00:13:43,MAITRI,-33.43,23.43,990.73,75.09,0.0,78.1,0.22,76.57,24993.35,29.68,4999.54,20,0.22182285714285688,-1,ANOMALY,765.6999999999999,6388.498285714279,0.11985602339633239,670.5600000000001,37.272354450011925,70,HIGH RISK,24140.160000000003,0.0,NORMAL,NORMAL,0
2026-09-10 00:13:46,MAITRI,-26.24,26.19,997.71,55.46,0.0,70.96,0.2,78.71,24994.34,26.96,4999.61,21,0.20412500000000008,-1,ANOMALY,787.0999999999999,5878.800000000002,0.13388786827243648,670.5600000000001,37.27383082796468,70,HIGH RISK,24140.160000000003,0.0,NORMAL,NORMAL,0
2026-09-10 00:13:46,BHARATI,-22.68,19.4,987.32,62.74,0.0,70.82,0.2,78.75,24994.32,26.91,4999.59,30,0.19096869047619047,-1,ANOMALY,787.5,5499.8982857142855,0.14318446616467298,669.96,37.307182518359305,70,HIGH RISK,24118.56,0.0,NORMAL,NORMAL,1
2026-09-10 00:13:48,MAITRI,-21.28,37.35,1002.63,60.58,0.0,69.35,0.19,79.2,24993.32,26.35,4999.53,30,0.18785250000000006,-1,ANOMALY,792.0,5410.152000000002,0.14639145073927678,670.5600000000001,37.272309711286084,70,HIGH RISK,24140.160000000003,0.0,NORMAL,NORMAL,0
2026-09-10 00:13:48,BHARATI,-25.35,30.37,1010.79,70.98,0.0,68.01,0.19,79.6,24993.43,25.85,4999.52,16,0.19628541666666674,-1,ANOMALY,795.9999999999999,5653.020000000002,0.1408096911031625,669.96,37.305854080840646,70,HIGH RISK,24118.56,0.0,NORMAL,NORMAL,1
2026-09-10 00:13:51,MAITRI,-15.58,20.76,1006.72,64.48,0.0,60.16,0.17,81.95,24994.31,22.86,4999.6,22,0.16857121031746083,-1,ANOMALY,819.5,4854.850857142872,0.1688002420907084,670.5600000000001,37.27378608923885,70,HIGH RISK,24140.160000000003,0.0,NORMAL,NORMAL,0
2026-09-10 00:13:51,BHARATI,-24.75,38.62,1004.29,60.18,0.0,68.58,0.19,79.42,24994.28,26.06,4999.59,19,0.1944874404761906,-1,ANOMALY,794.2,5601.238285714289,0.14179007560267023,669.96,37.307122813302286,70,HIGH RISK,24118.56,0.0,NORMAL,NORMAL,1
2026-09-10 00:13:53,MAITRI,-30.37,27.55,1006.77,57.76,0.0,79.69,0.22,76.09,24993.27,30.28,4999.53,32,0.22147488095238074,-1,ANOMALY,760.9,6378.476571428566,0.11929180760941226,670.5600000000001,37.27223514674302,70,HIGH RISK,24140.160000000003,0.0,NORMAL,NORMAL,0
2026-09-10 00:13:53,BHARATI,-25.22,25.59,1001.47,64.29,0.0,67.48,0.19,79.75,24993.39,25.64,4999.52,15,0.19591041666666664,-1,ANOMALY,797.5,5642.219999999998,0.14134507339309707,669.96,37.30579437578363,70,HIGH RISK,24118.56,0.0,NORMAL,NORMAL,1
2026-09-10 00:13:56,MAITRI,-24.81,29.58,1006.61,67.26,0.0,69.05,0.19,79.28,24994.27,26.24,4999.6,20,0.1944707738095239,-1,ANOMALY,792.8000000000001,5600.758285714288,0.141552261239728,670.5600000000001,37.27372643760439,70,HIGH RISK,24140.160000000003,0.0,NORMAL,NORMAL,0
2026-09-10 00:13:56,BHARATI,-22.93,20.28,1007.81,70.2,0.0,69.48,0.19,79.16,24994.25,26.4,4999.59,26,0.18981785714285718,-1,ANOMALY,791.6,5466.754285714286,0.14480255717155752,669.96,37.30707803450952,70,HIGH RISK,24118.56,0.0,NORMAL,NORMAL,1
2026-09-10 00:13:58,BHARATI,-21.65,51.03,970.91,75.97,0.0,98.14,0.18,70.56,24993.34,37.29,4999.52,18,0.18608119047619048,-1,ANOMALY,705.6,5359.138285714285,0.13166295818133664,669.96,37.30571974446235,70,HIGH RISK,24118.56,0.0,NORMAL,NORMAL,1
2026-09-10 00:13:58,MAITRI,-22.54,26.6,993.43,50.7,0.0,69.86,0.19,79.04,24993.24,26.55,4999.53,28,0.18940250000000003,-1,ANOMALY,790.4000000000001,5454.792,0.14490011718137008,670.5600000000001,37.27219040801718,70,HIGH RISK,24140.160000000003,0.0,NORMAL,NORMAL,0
2026-09-10 00:14:01,MAITRI,-32.52,31.85,1012.49,59.52,0.0,79.15,0.22,76.26,24994.23,30.08,4999.6,25,0.22098952380952352,-1,ANOMALY,762.6,6364.498285714277,0.11982091372571008,670.5600000000001,37.27366678596993,70,HIGH RISK,24140.160000000003,0.0,NORMAL,NORMAL,0
2026-09-10 00:14:01,BHARATI,-16.47,36.52,1008.39,62.53,0.0,65.1,0.18,80.47,24994.21,24.74,4999.58,32,0.1810837499999999,-1,ANOMALY,804.6999999999999,5215.211999999997,0.1542986171990708,669.96,37.307018329452504,70,HIGH RISK,24118.56,0.0,NORMAL,NORMAL,1
2026-09-10 00:14:03,MAITRI,-27.66,19.82,988.08,73.38,0.0,73.64,0.2,77.91,24993.2,27.98,4999.52,24,0.2072666666666669,-1,ANOMALY,779.1,5969.280000000007,0.1305182534577033,670.5600000000001,37.27213075638272,70,HIGH RISK,24140.160000000003,0.0,NORMAL,NORMAL,0
2026-09-10 00:14:03,BHARATI,-39.35,76.88,968.94,89.09,0.0,86.14,0.23,59.16,24993.3,32.73,4999.52,20,0.24014097222222205,-1,ANOMALY,591.6,6916.059999999995,0.08554003290891063,669.96,37.30566003940533,70,HIGH RISK,24118.56,0.0,NORMAL,NORMAL,1
2026-09-10 00:14:06,MAITRI,-32.79,25.19,994.2,61.13,0.0,80.63,0.22,75.81,24994.19,30.64,4999.6,28,0.2220690476190474,-1,ANOMALY,758.1,6395.588571428565,0.11853482936452639,670.5600000000001,37.27360713433548,70,HIGH RISK,24140.160000000003,0.0,NORMAL,NORMAL,0
2026-09-10 00:14:06,BHARATI,-23.59,39.78,988.95,66.18,0.0,68.57,0.19,79.43,24994.18,26.05,4999.58,22,0.19297244047619055,-1,ANOMALY,794.3000000000001,5557.606285714288,0.1429212432772958,669.96,37.30697355065974,70,HIGH RISK,24118.56,0.0,NORMAL,NORMAL,1
2026-09-10 00:14:08,MAITRI,-24.7,37.67,995.16,70.87,0.0,70.54,0.2,78.84,24993.16,26.8,4999.52,24,0.19748160714285729,-1,ANOMALY,788.4,5687.470285714289,0.1386205044411911,670.5600000000001,37.272071104748264,70,HIGH RISK,24140.160000000003,0.0,NORMAL,NORMAL,0
2026-09-10 00:14:08,BHARATI,-32.34,23.65,1004.57,68.6,0.0,80.15,0.22,75.95,24993.25,30.46,4999.51,28,0.22168988095238062,-1,ANOMALY,759.5000000000001,6384.668571428562,0.11895684035954004,669.96,37.30558540808406,70,HIGH RISK,24118.56,0.0,NORMAL,NORMAL,1
2026-09-10 00:14:11,BHARATI,-33.74,36.41,1007.2,60.15,0.0,78.02,0.22,76.59,24994.14,29.65,4999.58,19,0.22560226190476176,-1,ANOMALY,765.9,6497.345142857139,0.11787891564325972,669.96,37.30691384560272,70,HIGH RISK,24118.56,0.0,NORMAL,NORMAL,1
2026-09-10 00:14:11,MAITRI,-34.71,58.47,975.0,73.11,0.0,93.8,0.22,71.86,24994.14,35.64,4999.59,20,0.22737773809523806,-1,ANOMALY,718.6,6548.478857142856,0.1097354081270608,670.5600000000001,37.27353256979241,70,HIGH RISK,24140.160000000003,0.0,NORMAL,NORMAL,0
2026-09-10 00:14:13,MAITRI,-17.3,26.68,1001.83,52.75,0.0,65.56,0.18,80.33,24993.13,24.91,4999.52,31,0.18260749999999987,-1,ANOMALY,803.3000000000001,5259.095999999996,0.15274488239043377,670.5600000000001,37.27202636602243,70,HIGH RISK,24140.160000000003,0.0,NORMAL,NORMAL,0
2026-09-10 00:14:13,BHARATI,-32.92,40.26,998.32,70.45,0.0,78.77,0.22,76.37,24993.21,29.93,4999.51,23,0.22087702380952343,-1,ANOMALY,763.7,6361.258285714274,0.12005486425776342,669.96,37.305525703027044,70,HIGH RISK,24118.56,0.0,NORMAL,NORMAL,1
2026-09-10 00:14:16,MAITRI,-17.6,42.5,995.23,63.82,0.0,62.69,0.17,81.19,24994.11,23.82,4999.59,23,0.17362829365079407,-1,ANOMALY,811.9,5000.494857142869,0.1623639306098387,670.5600000000001,37.27348783106657,70,HIGH RISK,24140.160000000003,0.0,NORMAL,NORMAL,0
2026-09-10 00:14:16,BHARATI,-31.68,29.22,994.49,65.01,0.0,77.46,0.22,76.76,24994.1,29.44,4999.58,23,0.2205186904761901,-1,ANOMALY,767.6,6350.938285714274,0.12086403070970324,669.96,37.3068541405457,70,HIGH RISK,24118.56,0.0,NORMAL,NORMAL,1
2026-09-10 00:14:18,MAITRI,-21.17,14.15,996.91,68.08,0.0,63.63,0.18,80.91,24993.09,24.18,4999.51,16,0.18184369047619037,-1,ANOMALY,809.0999999999999,5237.098285714283,0.15449394986667653,670.5600000000001,37.27196671438797,70,HIGH RISK,24140.160000000003,0.0,NORMAL,NORMAL,0
2026-09-10 00:14:18,BHARATI,-21.84,55.55,976.3,88.22,0.0,96.37,0.2,71.09,24993.16,36.62,4999.51,34,0.1893133333333334,-1,ANOMALY,710.9000000000001,5452.224000000001,0.13038715944172505,669.96,37.30545107170577,70,HIGH RISK,24118.56,0.0,NORMAL,NORMAL,1
2026-09-10 00:14:21,MAITRI,-19.73,14.56,1008.13,74.15,0.0,66.92,0.19,79.93,24994.07,25.43,4999.59,28,0.1840061904761904,-1,ANOMALY,799.3000000000001,5299.378285714283,0.15082901368915305,670.5600000000001,37.27342817943211,70,HIGH RISK,24140.160000000003,0.0,NORMAL,NORMAL,0
2026-09-10 00:14:21,BHARATI,-19.63,36.48,1011.45,72.75,0.0,65.21,0.18,80.44,24994.06,24.78,4999.57,24,0.18161749999999988,-1,ANOMALY,804.4,5230.583999999996,0.15378779883852367,669.96,37.30679443548868,70,HIGH RISK,24118.56,0.0,NORMAL,NORMAL,1
2026-09-10 00:14:23,BHARATI,-21.55,45.35,990.97,83.44,0.0,96.56,0.18,71.03,24993.11,36.69,4999.51,18,0.18633119047619048,-1,ANOMALY,710.3000000000001,5366.338285714286,0.13236213637349098,669.96,37.3053764403845,70,HIGH RISK,24118.56,0.0,NORMAL,NORMAL,1
2026-09-10 00:14:23,MAITRI,-20.07,39.36,985.07,69.38,0.0,69.27,0.19,79.22,24993.06,26.32,4999.51,33,0.1880658333333334,-1,ANOMALY,792.2,5416.296000000001,0.14626231653513763,670.5600000000001,37.27192197566213,70,HIGH RISK,24140.160000000003,0.0,NORMAL,NORMAL,0
2026-09-10 00:14:26,BHARATI,-25.4,24.63,1012.04,67.65,0.0,71.67,0.2,78.5,24994.02,27.24,4999.57,25,0.20092958333333347,-1,ANOMALY,785.0,5786.772000000004,0.13565421274589695,669.96,37.306734730431664,70,HIGH RISK,24118.56,0.0,NORMAL,NORMAL,1
2026-09-10 00:14:26,MAITRI,-23.54,39.6,1012.93,53.8,0.0,72.51,0.2,78.25,24994.03,27.55,4999.58,32,0.1976345833333335,-1,ANOMALY,782.5,5691.876000000005,0.13747664214750976,670.5600000000001,37.27336852779766,70,HIGH RISK,24140.160000000003,0.0,NORMAL,NORMAL,0
2026-09-10 00:14:28,MAITRI,-32.93,15.33,1013.62,71.34,0.0,81.98,0.23,75.41,24993.01,31.15,4999.51,31,0.2237732142857141,-1,ANOMALY,754.1,6444.668571428565,0.11701144777920544,670.5600000000001,37.27184741111906,70,HIGH RISK,24140.160000000003,0.0,NORMAL,NORMAL,0
2026-09-10 00:14:28,BHARATI,-22.44,24.88,988.33,59.9,0.0,69.37,0.19,79.19,24993.07,26.36,4999.5,27,0.18918535714285714,-1,ANOMALY,791.9,5448.538285714285,0.14534173359418442,669.96,37.30531673532748,70,HIGH RISK,24118.56,0.0,NORMAL,NORMAL,1
2026-09-10 00:14:31,MAITRI,-39.72,79.14,966.32,85.86,0.0,96.43,0.23,56.07,24993.98,36.64,4999.58,16,0.24143180555555538,-1,ANOMALY,560.6999999999999,6953.235999999994,0.08063871267996663,670.5600000000001,37.27329396325459,70,HIGH RISK,24140.160000000003,0.0,NORMAL,NORMAL,0
2026-09-10 00:14:31,BHARATI,-26.44,56.16,985.46,81.75,0.0,96.53,0.21,71.04,24993.97,36.68,4999.57,28,0.20907666666666697,-1,ANOMALY,710.4,6021.4080000000085,0.11797905074693477,669.96,37.306660099110395,70,HIGH RISK,24118.56,0.0,NORMAL,NORMAL,1
2026-09-10 00:14:33,MAITRI,-33.97,29.47,1008.41,55.54,0.0,80.67,0.22,75.8,24992.97,30.65,4999.5,25,0.2261522619047619,-1,ANOMALY,758.0,6513.185142857143,0.11637931110115622,670.5600000000001,37.27178775948461,70,HIGH RISK,24140.160000000003,0.0,NORMAL,NORMAL,0
2026-09-10 00:14:33,BHARATI,-20.29,20.18,1012.55,78.36,0.0,69.51,0.19,79.15,24993.04,26.41,4999.5,33,0.18927869047619056,-1,ANOMALY,791.5000000000001,5451.226285714288,0.1451966875919714,669.96,37.30527195653472,70,HIGH RISK,24118.56,0.0,NORMAL,NORMAL,1
2026-09-10 00:14:36,MAITRI,-43.15,68.17,957.87,95.25,0.0,99.29,0.24,55.21,24993.93,37.73,4999.58,15,0.2451962499999999,-1,ANOMALY,552.1,7061.651999999996,0.07818283880315828,670.5600000000001,37.273219398711525,70,HIGH RISK,24140.160000000003,0.0,NORMAL,NORMAL,0
2026-09-10 00:14:36,BHARATI,-23.72,41.76,998.21,51.9,0.0,68.71,0.19,79.39,24993.94,26.11,4999.57,22,0.19297244047619055,-1,ANOMALY,793.9000000000001,5557.606285714288,0.14284926984495172,669.96,37.306615320317626,70,HIGH RISK,24118.56,0.0,NORMAL,NORMAL,1
2026-09-10 00:14:38,MAITRI,-23.87,41.54,1003.37,78.18,0.0,68.87,0.19,79.34,24992.93,26.17,4999.5,22,0.1931807738095239,-1,ANOMALY,793.4,5563.606285714288,0.1426053461110681,670.5600000000001,37.27172810785015,70,HIGH RISK,24140.160000000003,0.0,NORMAL,NORMAL,0
2026-09-10 00:14:39,BHARATI,-26.51,29.32,1013.85,59.45,0.0,74.83,0.21,77.55,24993.0,28.44,4999.5,30,0.20920833333333388,-1,ANOMALY,775.5,6025.200000000015,0.12870942043417613,669.96,37.3052122514777,70,HIGH RISK,24118.56,0.0,NORMAL,NORMAL,1
2026-09-10 00:14:41,BHARATI,-25.87,21.14,995.33,73.18,0.0,73.76,0.2,77.87,24993.9,28.03,4999.56,29,0.20783750000000045,-1,ANOMALY,778.7,5985.720000000012,0.13009295456519826,669.96,37.30655561526061,70,HIGH RISK,24118.56,0.0,NORMAL,NORMAL,1
2026-09-10 00:14:41,MAITRI,-16.41,39.84,996.58,64.71,0.0,61.43,0.17,81.57,24993.9,23.34,4999.58,23,0.16983751984127035,-1,ANOMALY,815.6999999999999,4891.320571428586,0.16676478020367455,670.5600000000001,37.273174659985685,70,HIGH RISK,24140.160000000003,0.0,NORMAL,NORMAL,0
2026-09-10 00:14:44,MAITRI,-24.7,44.73,996.2,77.44,0.0,68.94,0.19,79.32,24992.9,26.2,4999.5,20,0.1943541071428572,-1,ANOMALY,793.1999999999999,5597.398285714287,0.1417086938452119,670.5600000000001,37.27168336912431,70,HIGH RISK,24140.160000000003,0.0,NORMAL,NORMAL,0
2026-09-10 00:14:44,BHARATI,-33.87,41.46,1004.86,77.23,0.0,82.56,0.23,75.23,24992.96,31.37,4999.49,30,0.2276674999999999,-1,ANOMALY,752.3000000000001,6556.823999999997,0.11473542678589518,669.96,37.30515254642068,70,HIGH RISK,24118.56,0.0,NORMAL,NORMAL,1
2026-09-10 00:14:46,MAITRI,-20.79,28.97,1005.75,76.36,0.0,67.23,0.19,79.83,24993.86,25.55,4999.58,26,0.18630833333333335,-1,ANOMALY,798.3,5365.68,0.14877890593550117,670.5600000000001,37.273115008351226,70,HIGH RISK,24140.160000000003,0.0,NORMAL,NORMAL,0
2026-09-10 00:14:46,BHARATI,-18.15,44.5,1009.21,70.9,0.0,65.66,0.18,80.3,24993.86,24.95,4999.56,29,0.18146999999999988,-1,ANOMALY,802.9999999999999,5226.335999999996,0.15364492447481382,669.96,37.306495910203594,70,HIGH RISK,24118.56,0.0,NORMAL,NORMAL,1
2026-09-10 00:14:49,MAITRI,-18.66,40.85,1002.8,53.63,0.0,61.79,0.17,81.46,24992.87,23.48,4999.5,18,0.17004293650793692,-1,ANOMALY,814.6,4897.236571428583,0.1663387071705975,670.5600000000001,37.27163863039847,70,HIGH RISK,24140.160000000003,0.0,NORMAL,NORMAL,0
2026-09-10 00:14:49,BHARATI,-15.47,23.45,989.02,54.44,0.0,57.25,0.16,82.83,24992.92,21.75,4999.49,15,0.16489621031746055,-1,ANOMALY,828.3000000000001,4749.010857142864,0.17441526770867993,669.96,37.30509284136366,70,HIGH RISK,24118.56,0.0,NORMAL,NORMAL,1
2026-09-10 00:14:52,MAITRI,-37.8,58.43,991.07,79.99,0.0,96.88,0.24,70.94,24993.81,36.81,4999.57,28,0.2374341269841268,-1,ANOMALY,709.4,6838.1028571428515,0.10374222424264716,670.5600000000001,37.273040443808156,70,HIGH RISK,24140.160000000003,0.0,NORMAL,NORMAL,0
2026-09-10 00:14:52,BHARATI,-17.26,19.43,1007.11,62.37,0.0,65.92,0.18,80.22,24993.83,25.05,4999.55,32,0.18273785714285704,-1,ANOMALY,802.2,5262.850285714283,0.15242690869955539,669.96,37.30645113141083,70,HIGH RISK,24118.56,0.0,NORMAL,NORMAL,1
2026-09-10 00:14:54,BHARATI,-25.9,35.57,998.99,50.42,0.0,68.19,0.19,79.54,24992.89,25.91,4999.49,15,0.20270000000000007,-1,ANOMALY,795.4000000000001,5837.760000000002,0.1362508907526174,669.96,37.3050480625709,70,HIGH RISK,24118.56,0.0,NORMAL,NORMAL,1
2026-09-10 00:14:54,MAITRI,-28.26,18.06,1014.75,54.12,0.0,75.87,0.21,77.24,24992.83,28.83,4999.49,28,0.20935833333333387,-1,ANOMALY,772.4,6029.520000000015,0.1281030662473958,670.5600000000001,37.27157897876402,70,HIGH RISK,24140.160000000003,0.0,NORMAL,NORMAL,0
2026-09-10 00:14:57,MAITRI,-27.66,29.74,1004.35,71.01,0.0,71.65,0.2,78.51,24993.77,27.23,4999.57,19,0.20433333333333345,-1,ANOMALY,785.1,5884.800000000003,0.1334115008156606,670.5600000000001,37.272980792173705,70,HIGH RISK,24140.160000000003,0.0,NORMAL,NORMAL,0
2026-09-10 00:14:57,BHARATI,-17.53,29.95,1006.95,59.26,0.0,61.0,0.17,81.7,24993.8,23.18,4999.55,19,0.16960710317460362,-1,ANOMALY,817.0000000000001,4884.684571428584,0.16725747344644995,669.96,37.30640635261806,70,HIGH RISK,24118.56,0.0,NORMAL,NORMAL,1
2026-09-10 00:14:59,MAITRI,-24.71,53.6,990.54,83.97,0.0,98.44,0.19,70.47,24992.77,37.41,4999.49,18,0.19705327380952395,-1,ANOMALY,704.7,5675.134285714289,0.12417327318120093,670.5600000000001,37.27148950131233,70,HIGH RISK,24140.160000000003,0.0,NORMAL,NORMAL,0
2026-09-10 00:14:59,BHARATI,-28.61,43.54,994.41,51.36,0.0,71.04,0.2,78.69,24992.85,26.99,4999.49,15,0.20413750000000003,-1,ANOMALY,786.9,5879.16,0.13384565141959057,669.96,37.30498835751388,70,HIGH RISK,24118.56,0.0,NORMAL,NORMAL,1
2026-09-10 00:15:02,MAITRI,-26.0,41.54,986.17,77.73,0.0,97.4,0.21,70.78,24993.72,37.01,4999.57,33,0.20970500000000036,-1,ANOMALY,707.8,6039.50400000001,0.11719505442831046,670.5600000000001,37.272906227630635,70,HIGH RISK,24140.160000000003,0.0,NORMAL,NORMAL,0
2026-09-10 00:15:02,BHARATI,-30.69,30.78,1002.4,75.35,0.0,76.43,0.21,77.07,24993.76,29.04,4999.55,23,0.21909869047619018,-1,ANOMALY,770.6999999999999,6310.042285714277,0.12213864267515906,669.96,37.30634664756104,70,HIGH RISK,24118.56,0.0,NORMAL,NORMAL,1
2026-09-10 00:15:04,MAITRI,-28.98,10.72,999.95,56.9,0.0,77.03,0.21,76.89,24992.73,29.27,4999.49,29,0.2091375000000005,-1,ANOMALY,768.9,6023.160000000014,0.1276572430418581,670.5600000000001,37.27142984967788,70,HIGH RISK,24140.160000000003,0.0,NORMAL,NORMAL,0
2026-09-10 00:15:04,BHARATI,-16.13,40.01,1010.91,51.37,0.0,61.53,0.17,81.54,24992.82,23.38,4999.48,24,0.17016501984127036,-1,ANOMALY,815.4,4900.752571428586,0.16638260922491505,669.96,37.304943578721115,70,HIGH RISK,24118.56,0.0,NORMAL,NORMAL,1
2026-09-10 00:15:07,MAITRI,-19.55,30.53,989.35,66.13,0.0,65.13,0.18,80.46,24993.69,24.75,4999.56,24,0.1815466666666665,-1,ANOMALY,804.6,5228.543999999994,0.15388605317273812,670.5600000000001,37.27286148890479,70,HIGH RISK,24140.160000000003,0.0,NORMAL,NORMAL,0
2026-09-10 00:15:07,BHARATI,-17.73,35.78,996.5,51.36,0.0,62.02,0.17,81.4,24993.72,23.57,4999.55,21,0.17154138888888934,-1,ANOMALY,814.0,4940.392000000013,0.1647642535248211,669.96,37.30628694250403,70,HIGH RISK,24118.56,0.0,NORMAL,NORMAL,1
2026-09-10 00:15:09,BHARATI,-19.08,32.11,1005.96,71.28,0.0,65.84,0.18,80.25,24992.78,25.02,4999.48,27,0.18156166666666654,-1,ANOMALY,802.5,5228.975999999996,0.15347173136767134,669.96,37.304883873664096,70,HIGH RISK,24118.56,0.0,NORMAL,NORMAL,1
2026-09-10 00:15:09,MAITRI,-25.6,39.1,1005.13,63.34,0.0,67.88,0.19,79.64,24992.7,25.8,4999.49,15,0.2004733333333333,-1,ANOMALY,796.4,5773.631999999999,0.13793743695476265,670.5600000000001,37.27138511095204,70,HIGH RISK,24140.160000000003,0.0,NORMAL,NORMAL,0
2026-09-10 00:15:12,MAITRI,-23.34,16.2,1005.87,68.65,0.0,69.11,0.19,79.27,24993.65,26.26,4999.56,24,0.19252577380952396,-1,ANOMALY,792.6999999999999,5544.74228571429,0.14296426400959084,670.5600000000001,37.27280183727034,70,HIGH RISK,24140.160000000003,0.0,NORMAL,NORMAL,0
2026-09-10 00:15:12,BHARATI,-19.13,41.62,998.84,52.85,0.0,63.49,0.18,80.95,24993.69,24.13,4999.55,21,0.1811883333333332,-1,ANOMALY,809.5,5218.223999999996,0.1551294080131479,669.96,37.30624216371126,70,HIGH RISK,24118.56,0.0,NORMAL,NORMAL,1
2026-09-10 00:15:14,MAITRI,-17.1,32.0,988.78,64.59,0.0,60.15,0.17,81.95,24992.67,22.86,4999.48,18,0.16940710317460358,-1,ANOMALY,819.5,4878.924571428583,0.16796734362303223,670.5600000000001,37.27134037222619,70,HIGH RISK,24140.160000000003,0.0,NORMAL,NORMAL,0
2026-09-10 00:15:14,BHARATI,-31.23,35.81,994.56,61.75,0.0,78.2,0.22,76.54,24992.74,29.71,4999.48,26,0.22105535714285673,1,NORMAL,765.4000000000001,6366.394285714273,0.12022503879747162,669.96,37.304824168607084,30,LOW RISK,24118.56,0.0,NORMAL,NORMAL,1
2026-09-10 00:15:17,MAITRI,-22.29,41.6,1011.08,70.12,0.0,65.61,0.18,80.32,24993.62,24.93,4999.56,18,0.1816199999999999,-1,ANOMALY,803.1999999999999,5230.655999999996,0.15355626521797658,670.5600000000001,37.272757098544496,70,HIGH RISK,24140.160000000003,0.0,NORMAL,NORMAL,0
2026-09-10 00:15:17,BHARATI,-32.09,39.0,1001.32,53.25,0.0,79.89,0.22,76.03,24993.65,30.36,4999.54,28,0.22173988095238062,-1,ANOMALY,760.3,6386.108571428561,0.11905528875622017,669.96,37.30618245865425,70,HIGH RISK,24118.56,0.0,NORMAL,NORMAL,1
2026-09-10 00:15:19,MAITRI,-24.7,14.52,994.16,77.3,0.0,72.53,0.2,78.24,24992.63,27.56,4999.48,29,0.1997620833333335,-1,ANOMALY,782.4,5753.148000000005,0.13599511085061594,670.5600000000001,37.27128072059174,70,HIGH RISK,24140.160000000003,0.0,NORMAL,NORMAL,0
2026-09-10 00:15:19,BHARATI,-18.6,29.98,1004.88,58.39,0.0,66.13,0.18,80.16,24992.71,25.13,4999.48,29,0.18171583333333324,-1,ANOMALY,801.6,5233.415999999997,0.15316955502868498,669.96,37.304779389814314,70,HIGH RISK,24118.56,0.0,NORMAL,NORMAL,1
2026-09-10 00:15:22,BHARATI,-24.62,21.34,990.59,63.18,0.0,72.85,0.2,78.14,24993.61,27.68,4999.54,30,0.1996120833333335,-1,ANOMALY,781.4,5748.828000000004,0.13592335689987584,669.96,37.30612275359723,70,HIGH RISK,24118.56,0.0,NORMAL,NORMAL,1
2026-09-10 00:15:22,MAITRI,-32.46,55.16,970.45,74.27,0.0,97.31,0.22,70.81,24993.56,36.98,4999.56,27,0.22215166666666636,-1,ANOMALY,708.1,6397.96799999999,0.11067576455524647,670.5600000000001,37.272667621092815,70,HIGH RISK,24140.160000000003,0.0,NORMAL,NORMAL,0
2026-09-10 00:15:24,MAITRI,-33.51,15.58,1014.01,78.07,0.0,79.79,0.22,76.06,24992.59,30.32,4999.48,24,0.22238119047619023,-1,ANOMALY,760.6,6404.5782857142785,0.11875879504768566,670.5600000000001,37.27122106895729,70,HIGH RISK,24140.160000000003,0.0,NORMAL,NORMAL,0
2026-09-10 00:15:24,BHARATI,-31.92,10.22,988.36,68.07,0.0,81.71,0.23,75.49,24992.66,31.05,4999.47,33,0.22208988095238066,-1,ANOMALY,754.8999999999999,6396.188571428563,0.11802341215706154,669.96,37.304704758493045,70,HIGH RISK,24118.56,0.0,NORMAL,NORMAL,1
2026-09-10 00:15:27,MAITRI,-27.4,47.1,990.2,85.36,0.0,93.47,0.21,71.96,24993.52,35.52,4999.55,28,0.2093383333333336,-1,ANOMALY,719.5999999999999,6028.944000000007,0.11935755250007284,670.5600000000001,37.27260796945836,70,HIGH RISK,24140.160000000003,0.0,NORMAL,NORMAL,0
2026-09-10 00:15:27,BHARATI,-27.49,31.45,987.54,73.85,0.0,77.07,0.21,76.88,24993.57,29.29,4999.53,33,0.2094541666666672,-1,ANOMALY,768.8,6032.280000000015,0.1274476648961915,669.96,37.30606304854021,70,HIGH RISK,24118.56,0.0,NORMAL,NORMAL,1
2026-09-10 00:15:29,MAITRI,-22.52,19.05,995.83,79.78,0.0,71.84,0.2,78.45,24992.55,27.3,4999.48,33,0.19112535714285714,-1,ANOMALY,784.5,5504.410285714285,0.14252207943801531,670.5600000000001,37.27116141732283,70,HIGH RISK,24140.160000000003,0.0,NORMAL,NORMAL,0
2026-09-10 00:15:29,BHARATI,-36.29,57.86,990.19,77.73,0.0,98.83,0.23,70.35,24992.61,37.55,4999.47,26,0.23431763888888876,-1,ANOMALY,703.4999999999999,6748.347999999996,0.1042477358903246,669.96,37.30463012717177,70,HIGH RISK,24118.56,0.0,NORMAL,NORMAL,1
2026-09-10 00:15:32,MAITRI,-28.55,36.71,989.85,61.49,0.0,72.58,0.2,78.23,24993.48,27.58,4999.55,19,0.20413333333333344,-1,ANOMALY,782.3,5879.040000000003,0.1330659427389505,670.5600000000001,37.272548317823905,70,HIGH RISK,24140.160000000003,0.0,NORMAL,NORMAL,0
2026-09-10 00:15:32,BHARATI,-29.91,10.44,1013.52,78.32,0.0,76.81,0.21,76.96,24993.53,29.19,4999.53,26,0.21020535714285749,-1,ANOMALY,769.5999999999999,6053.914285714295,0.12712436345788064,669.96,37.30600334348319,70,HIGH RISK,24118.56,0.0,NORMAL,NORMAL,1
2026-09-10 00:15:34,BHARATI,-27.66,35.32,1007.89,57.94,0.0,76.84,0.21,76.95,24992.57,29.2,4999.46,32,0.20946250000000055,-1,ANOMALY,769.5000000000001,6032.520000000015,0.12755863221340305,669.96,37.30457042211475,70,HIGH RISK,24118.56,0.0,NORMAL,NORMAL,1
2026-09-10 00:15:34,MAITRI,-29.08,34.77,995.08,53.05,0.0,73.93,0.21,77.82,24992.51,28.09,4999.47,21,0.20449583333333343,-1,ANOMALY,778.1999999999999,5889.480000000002,0.13213390655881327,670.5600000000001,37.27110176568837,70,HIGH RISK,24140.160000000003,0.0,NORMAL,NORMAL,0
2026-09-10 00:15:37,MAITRI,-20.12,38.06,1010.21,68.95,0.0,68.12,0.19,79.56,24993.44,25.89,4999.55,30,0.18785750000000004,-1,ANOMALY,795.6,5410.296,0.14705295237081298,670.5600000000001,37.272488666189446,70,HIGH RISK,24140.160000000003,0.0,NORMAL,NORMAL,0
2026-09-10 00:15:37,BHARATI,-31.45,15.62,1004.89,55.78,0.0,78.83,0.22,76.35,24993.49,29.95,4999.53,27,0.22099702380952344,-1,ANOMALY,763.5,6364.714285714274,0.11995825196956456,669.96,37.30594363842617,70,HIGH RISK,24118.56,0.0,NORMAL,NORMAL,1
2026-09-10 00:15:39,MAITRI,-24.62,59.14,971.65,72.94,0.0,94.78,0.2,71.57,24992.46,36.02,4999.47,25,0.19808244047619059,-1,ANOMALY,715.6999999999999,5704.774285714288,0.1254563220480489,670.5600000000001,37.27102720114531,70,HIGH RISK,24140.160000000003,0.0,NORMAL,NORMAL,0
2026-09-10 00:15:39,BHARATI,-21.01,25.17,1006.54,61.69,0.0,70.66,0.2,78.8,24992.53,26.85,4999.46,34,0.19080916666666675,-1,ANOMALY,787.9999999999999,5495.304000000002,0.14339516066809035,669.96,37.30451071705773,70,HIGH RISK,24118.56,0.0,NORMAL,NORMAL,1
2026-09-10 00:15:42,MAITRI,-29.42,57.42,986.17,82.27,0.0,92.99,0.2,72.1,24993.39,35.34,4999.54,17,0.2055050000000001,-1,ANOMALY,721.0,5918.544000000003,0.12182050179909107,670.5600000000001,37.27241410164638,70,HIGH RISK,24140.160000000003,0.0,NORMAL,NORMAL,0
2026-09-10 00:15:42,BHARATI,-16.08,37.23,999.38,68.58,0.0,57.89,0.16,82.63,24993.46,22.0,4999.53,15,0.16583335317460335,-1,ANOMALY,826.3,4776.000571428576,0.17301086707216218,669.96,37.30589885963341,70,HIGH RISK,24118.56,0.0,NORMAL,NORMAL,1
2026-09-10 00:15:44,MAITRI,-35.33,58.31,992.36,89.69,0.0,93.74,0.22,71.88,24992.41,35.62,4999.47,18,0.22751523809523808,-1,ANOMALY,718.8,6552.438857142857,0.10969961195691759,670.5600000000001,37.27095263660224,70,HIGH RISK,24140.160000000003,0.0,NORMAL,NORMAL,0
2026-09-10 00:15:44,BHARATI,-31.45,39.98,976.67,81.55,0.0,94.78,0.21,71.57,24992.48,36.02,4999.46,21,0.22092249999999963,-1,ANOMALY,715.6999999999999,6362.567999999988,0.11248602765424295,669.96,37.30443608573646,70,HIGH RISK,24118.56,0.0,NORMAL,NORMAL,1
2026-09-10 00:15:47,MAITRI,-25.64,48.91,981.31,80.02,0.0,94.29,0.2,71.71,24993.34,35.83,4999.54,27,0.2060683333333336,-1,ANOMALY,717.0999999999999,5934.768000000007,0.12083033405855108,670.5600000000001,37.27233953710331,70,HIGH RISK,24140.160000000003,0.0,NORMAL,NORMAL,0
2026-09-10 00:15:47,BHARATI,-44.39,75.1,970.4,93.41,0.0,98.36,0.24,55.49,24993.4,37.37,4999.53,15,0.24519208333333328,-1,ANOMALY,554.9000000000001,7061.531999999997,0.07858068192567849,669.96,37.305809302047884,70,HIGH RISK,24118.56,0.0,NORMAL,NORMAL,1
2026-09-10 00:15:49,MAITRI,-15.95,22.01,1012.25,53.47,0.0,57.74,0.16,82.68,24992.38,21.94,4999.47,15,0.1654803769841272,-1,ANOMALY,826.8000000000001,4765.834857142863,0.17348481950876282,670.5600000000001,37.2709078978764,70,HIGH RISK,24140.160000000003,0.0,NORMAL,NORMAL,0
2026-09-10 00:15:49,BHARATI,-16.23,34.68,999.7,75.82,0.0,63.65,0.18,80.91,24992.45,24.19,4999.45,29,0.18032958333333324,-1,ANOMALY,809.0999999999999,5193.4919999999975,0.15579113244036966,669.96,37.3043913069437,70,HIGH RISK,24118.56,0.0,NORMAL,NORMAL,1
2026-09-10 00:15:52,MAITRI,-26.44,10.53,1004.5,78.07,0.0,74.77,0.21,77.57,24993.3,28.41,4999.54,30,0.20933333333333384,-1,ANOMALY,775.6999999999999,6028.800000000014,0.12866573779193174,670.5600000000001,37.272279885468855,70,HIGH RISK,24140.160000000003,0.0,NORMAL,NORMAL,0
2026-09-10 00:15:52,BHARATI,-26.09,14.46,987.8,50.44,0.0,74.79,0.21,77.56,24993.36,28.42,4999.52,31,0.20927500000000052,-1,ANOMALY,775.6,6027.120000000014,0.1286850104195699,669.96,37.305749596990864,70,HIGH RISK,24118.56,0.0,NORMAL,NORMAL,1
2026-09-10 00:15:54,BHARATI,-30.49,21.05,1008.7,76.59,0.0,79.82,0.22,76.05,24992.41,30.33,4999.45,32,0.2214123809523807,-1,ANOMALY,760.5,6376.676571428563,0.11926275254534756,669.96,37.30433160188668,70,HIGH RISK,24118.56,0.0,NORMAL,NORMAL,1
2026-09-10 00:15:54,MAITRI,-34.31,42.19,998.48,54.15,0.0,84.63,0.24,74.61,24992.33,32.16,4999.46,34,0.22815916666666658,-1,ANOMALY,746.1,6570.983999999997,0.11354463806334035,670.5600000000001,37.270833333333336,70,HIGH RISK,24140.160000000003,0.0,NORMAL,NORMAL,0
2026-09-10 00:15:57,MAITRI,-41.46,79.51,973.74,93.32,0.0,87.99,0.25,58.6,24993.26,33.43,4999.53,33,0.246233988095238,-1,ANOMALY,586.0,7091.538857142854,0.0826336866799735,670.5600000000001,37.2722202338344,70,HIGH RISK,24140.160000000003,0.0,NORMAL,NORMAL,0
2026-09-10 00:15:57,BHARATI,-16.9,32.91,1001.92,54.47,0.0,61.95,0.17,81.42,24993.33,23.54,4999.52,23,0.17118876984127035,-1,ANOMALY,814.2,4930.236571428586,0.1651442051925872,669.96,37.3057048181981,70,HIGH RISK,24118.56,0.0,NORMAL,NORMAL,1
2026-09-10 00:15:59,MAITRI,-15.58,19.72,1003.93,64.56,0.0,61.36,0.17,81.59,24992.3,23.32,4999.46,25,0.16892537698412757,-1,ANOMALY,815.9000000000001,4865.0508571428745,0.16770636607058167,670.5600000000001,37.27078859460749,70,HIGH RISK,24140.160000000003,0.0,NORMAL,NORMAL,0
2026-09-10 00:15:59,BHARATI,-29.6,46.05,987.78,81.95,0.0,95.33,0.21,71.4,24992.36,36.23,4999.45,22,0.20623000000000016,-1,ANOMALY,714.0000000000001,5939.4240000000045,0.12021367728587816,669.96,37.304256970565405,70,HIGH RISK,24118.56,0.0,NORMAL,NORMAL,1
2026-09-10 00:16:02,MAITRI,-25.5,36.48,995.43,63.88,0.0,70.58,0.2,78.83,24993.22,26.82,4999.53,22,0.20198416666666674,-1,ANOMALY,788.3,5817.144000000002,0.13551323467323478,670.5600000000001,37.27216058219995,70,HIGH RISK,24140.160000000003,0.0,NORMAL,NORMAL,0
2026-09-10 00:16:02,BHARATI,-15.88,33.08,986.56,55.27,0.0,64.47,0.18,80.66,24993.3,24.5,4999.52,32,0.18077124999999994,-1,ANOMALY,806.6,5206.211999999998,0.15493030249248405,669.96,37.30566003940533,70,HIGH RISK,24118.56,0.0,NORMAL,NORMAL,1
2026-09-10 00:16:04,MAITRI,-25.19,16.7,1004.63,67.73,0.0,72.24,0.2,78.33,24992.26,27.45,4999.46,27,0.20053625000000014,-1,ANOMALY,783.3,5775.444000000004,0.13562593629165123,670.5600000000001,37.27072894297303,70,HIGH RISK,24140.160000000003,0.0,NORMAL,NORMAL,0
2026-09-10 00:16:04,BHARATI,-23.83,38.06,994.01,72.24,0.0,73.23,0.2,78.03,24992.32,27.83,4999.44,33,0.19774708333333346,-1,ANOMALY,780.3,5695.116000000004,0.13701213460796927,669.96,37.304197265508385,70,HIGH RISK,24118.56,0.0,NORMAL,NORMAL,1
2026-09-10 00:16:07,BHARATI,-19.24,28.69,1013.99,65.52,0.0,67.2,0.19,79.84,24993.26,25.54,4999.51,30,0.18670500000000007,-1,ANOMALY,798.4,5377.104000000002,0.14848141304315476,669.96,37.30560033434831,70,HIGH RISK,24118.56,0.0,NORMAL,NORMAL,1
2026-09-10 00:16:07,MAITRI,-28.74,32.87,999.96,50.44,0.0,73.97,0.21,77.81,24993.18,28.11,4999.53,22,0.20467083333333347,-1,ANOMALY,778.1,5894.520000000004,0.13200396300292466,670.5600000000001,37.27210093056549,70,HIGH RISK,24140.160000000003,0.0,NORMAL,NORMAL,0
2026-09-10 00:16:09,MAITRI,-26.7,59.19,987.71,75.08,0.0,96.46,0.21,71.06,24992.21,36.65,4999.45,28,0.20896333333333367,-1,ANOMALY,710.6,6018.144000000009,0.11807627069076428,670.5600000000001,37.27065437842997,70,HIGH RISK,24140.160000000003,0.0,NORMAL,NORMAL,0
2026-09-10 00:16:09,BHARATI,-27.56,45.2,990.26,70.6,0.0,93.78,0.2,71.87,24992.27,35.64,4999.44,20,0.20597166666666678,-1,ANOMALY,718.7,5931.984000000002,0.12115676643767073,669.96,37.30412263418712,70,HIGH RISK,24118.56,0.0,NORMAL,NORMAL,1
2026-09-10 00:16:12,MAITRI,-26.31,44.39,986.36,77.66,0.0,69.42,0.19,79.17,24993.14,26.38,4999.53,17,0.20269166666666666,-1,ANOMALY,791.7,5837.519999999999,0.13562266167824696,670.5600000000001,37.27204127893104,70,HIGH RISK,24140.160000000003,0.0,NORMAL,NORMAL,0
2026-09-10 00:16:12,BHARATI,-35.73,49.51,980.68,85.21,0.0,93.28,0.22,72.01,24993.21,35.45,4999.51,21,0.23290537698412683,-1,ANOMALY,720.1,6707.6748571428525,0.1073546370890625,669.96,37.305525703027044,70,HIGH RISK,24118.56,0.0,NORMAL,NORMAL,1
2026-09-10 00:16:14,MAITRI,-39.66,66.45,963.13,92.44,0.0,88.72,0.24,58.38,24992.17,33.71,4999.45,21,0.240565972222222,-1,ANOMALY,583.8,6928.299999999994,0.08426309484289082,670.5600000000001,37.27059472679551,70,HIGH RISK,24140.160000000003,0.0,NORMAL,NORMAL,0
2026-09-10 00:16:14,BHARATI,-30.36,51.27,975.36,88.15,0.0,95.64,0.21,71.31,24992.22,36.34,4999.44,20,0.21978166666666632,-1,ANOMALY,713.1,6329.711999999989,0.11265915416056865,669.96,37.30404800286584,70,HIGH RISK,24118.56,0.0,NORMAL,NORMAL,1
2026-09-10 00:16:17,MAITRI,-24.45,30.18,1013.71,58.19,0.0,72.27,0.2,78.32,24993.11,27.46,4999.52,29,0.19836375000000017,-1,ANOMALY,783.1999999999999,5712.876000000005,0.13709382104565185,670.5600000000001,37.2719965402052,70,HIGH RISK,24140.160000000003,0.0,NORMAL,NORMAL,0
2026-09-10 00:16:17,BHARATI,-33.55,16.43,1008.96,67.7,0.0,76.63,0.21,77.01,24993.17,29.12,4999.51,16,0.22084785714285687,-1,ANOMALY,770.1,6360.418285714278,0.121076942648516,669.96,37.305465997970025,70,HIGH RISK,24118.56,0.0,NORMAL,NORMAL,1
2026-09-10 00:16:19,BHARATI,-25.69,44.57,997.96,53.24,0.0,75.17,0.21,77.45,24992.18,28.56,4999.44,33,0.20642250000000043,-1,ANOMALY,774.5000000000001,5944.968000000012,0.1302782454001432,669.96,37.30398829780882,70,HIGH RISK,24118.56,0.0,NORMAL,NORMAL,1
2026-09-10 00:16:19,MAITRI,-26.16,34.14,993.21,56.08,0.0,68.46,0.19,79.46,24992.13,26.02,4999.45,15,0.2028416666666667,-1,ANOMALY,794.6,5841.84,0.1360187886008518,670.5600000000001,37.27053507516106,70,HIGH RISK,24140.160000000003,0.0,NORMAL,NORMAL,0
2026-09-10 00:16:22,BHARATI,-18.37,11.63,999.55,69.24,0.0,65.89,0.18,80.23,24993.14,25.04,4999.5,29,0.18223369047619034,-1,ANOMALY,802.3000000000001,5248.330285714282,0.15286766577626115,669.96,37.30542121917726,70,HIGH RISK,24118.56,0.0,NORMAL,NORMAL,1
2026-09-10 00:16:22,MAITRI,-24.18,35.93,1013.97,50.85,0.0,71.19,0.2,78.64,24993.07,27.05,4999.52,27,0.19783041666666673,-1,ANOMALY,786.4,5697.516000000001,0.13802506214989124,670.5600000000001,37.27193688857074,70,HIGH RISK,24140.160000000003,0.0,NORMAL,NORMAL,0
2026-09-10 00:16:24,MAITRI,-33.6,30.13,1003.76,70.95,0.0,83.08,0.23,75.08,24992.09,31.57,4999.44,32,0.22388154761904744,-1,ANOMALY,750.8000000000001,6447.788571428566,0.11644302409774171,670.5600000000001,37.2704754235266,70,HIGH RISK,24140.160000000003,0.0,NORMAL,NORMAL,0
2026-09-10 00:16:24,BHARATI,-30.65,39.38,986.68,86.27,0.0,93.19,0.22,72.04,24992.13,35.41,4999.43,26,0.22081499999999962,-1,ANOMALY,720.4000000000001,6359.471999999989,0.11327984461603123,669.96,37.30391366648755,70,HIGH RISK,24118.56,0.0,NORMAL,NORMAL,1
2026-09-10 00:16:27,MAITRI,-19.97,43.48,986.47,78.22,0.0,62.76,0.17,81.17,24993.03,23.85,4999.52,17,0.17303412698412723,-1,ANOMALY,811.6999999999999,4983.382857142864,0.16288132444742046,670.5600000000001,37.271877236936284,70,HIGH RISK,24140.160000000003,0.0,NORMAL,NORMAL,0
2026-09-10 00:16:27,BHARATI,-23.61,39.13,977.94,88.76,0.0,95.72,0.2,71.28,24993.09,36.37,4999.5,29,0.19787208333333353,-1,ANOMALY,712.8,5698.716000000005,0.12508080767667654,669.96,37.305346587855986,70,HIGH RISK,24118.56,0.0,NORMAL,NORMAL,1
2026-09-10 00:16:29,MAITRI,-40.68,73.72,957.09,91.47,0.0,88.66,0.23,58.4,24992.04,33.69,4999.44,17,0.2436987499999999,-1,ANOMALY,584.0,7018.523999999997,0.08320837828580487,670.5600000000001,37.270400858983535,70,HIGH RISK,24140.160000000003,0.0,NORMAL,NORMAL,0
2026-09-10 00:16:29,BHARATI,-34.95,32.62,991.23,72.82,0.0,81.29,0.23,75.61,24992.09,30.89,4999.43,24,0.22640726190476188,-1,ANOMALY,756.1,6520.529142857142,0.11595684697280485,669.96,37.303853961430534,70,HIGH RISK,24118.56,0.0,NORMAL,NORMAL,1
2026-09-10 00:16:32,MAITRI,-19.91,32.15,1013.64,73.72,0.0,64.31,0.18,80.71,24993.0,24.44,4999.52,21,0.18129249999999986,-1,ANOMALY,807.0999999999999,5221.223999999996,0.15458061174927576,670.5600000000001,37.27183249821045,70,HIGH RISK,24140.160000000003,0.0,NORMAL,NORMAL,0
2026-09-10 00:16:32,BHARATI,-24.0,13.03,1005.89,79.59,0.0,72.2,0.2,78.34,24993.05,27.44,4999.5,30,0.19896791666666683,-1,ANOMALY,783.4,5730.276000000004,0.13671243758590326,669.96,37.30528688279897,70,HIGH RISK,24118.56,0.0,NORMAL,NORMAL,1
2026-09-10 00:16:34,MAITRI,-30.99,11.89,988.81,77.66,0.0,73.54,0.2,77.94,24992.0,27.94,4999.44,15,0.2183903571428569,-1,ANOMALY,779.4,6289.642285714279,0.12391801705007266,670.5600000000001,37.27034120734908,70,HIGH RISK,24140.160000000003,0.0,NORMAL,NORMAL,0
2026-09-10 00:16:34,BHARATI,-34.56,33.76,989.76,57.94,0.0,79.29,0.22,76.21,24992.05,30.13,4999.43,20,0.22609059523809516,-1,ANOMALY,762.0999999999999,6511.409142857141,0.11704071780468675,669.96,37.303794256373514,70,HIGH RISK,24118.56,0.0,NORMAL,NORMAL,1
2026-09-10 00:16:37,BHARATI,-21.24,40.33,1011.3,50.82,0.0,64.1,0.18,80.77,24993.01,24.36,4999.5,17,0.18137999999999987,-1,ANOMALY,807.6999999999999,5223.743999999996,0.154620900258512,669.96,37.30522717774195,70,HIGH RISK,24118.56,0.0,NORMAL,NORMAL,1
2026-09-10 00:16:37,MAITRI,-21.74,39.04,1013.09,77.4,0.0,68.63,0.19,79.41,24992.96,26.08,4999.51,27,0.18740250000000003,-1,ANOMALY,794.0999999999999,5397.192,0.14713206422895458,670.5600000000001,37.27177284657599,70,HIGH RISK,24140.160000000003,0.0,NORMAL,NORMAL,0
2026-09-10 00:16:39,MAITRI,-18.74,20.95,1008.5,59.85,0.0,66.68,0.19,80.0,24991.96,25.34,4999.44,30,0.18273785714285704,-1,ANOMALY,800.0,5262.850285714283,0.1520088842678189,670.5600000000001,37.270281555714625,70,HIGH RISK,24140.160000000003,0.0,NORMAL,NORMAL,0
2026-09-10 00:16:39,BHARATI,-32.86,33.18,1011.14,75.49,0.0,75.91,0.21,77.23,24992.01,28.84,4999.43,16,0.21957285714285682,-1,ANOMALY,772.3,6323.698285714276,0.12212790128597462,669.96,37.303734551316495,70,HIGH RISK,24118.56,0.0,NORMAL,NORMAL,1
2026-09-10 00:16:42,MAITRI,-29.58,40.51,1002.23,68.1,0.0,76.06,0.21,77.18,24992.92,28.9,4999.51,25,0.20819702380952418,-1,ANOMALY,771.8000000000001,5996.074285714296,0.1287175513883844,670.5600000000001,37.27171319494153,70,HIGH RISK,24140.160000000003,0.0,NORMAL,NORMAL,0
2026-09-10 00:16:42,BHARATI,-22.24,35.03,1004.63,53.11,0.0,64.75,0.18,80.57,24992.98,24.61,4999.49,16,0.18159499999999987,-1,ANOMALY,805.6999999999999,5229.935999999996,0.15405542247553328,669.96,37.305182398949185,70,HIGH RISK,24118.56,0.0,NORMAL,NORMAL,1
2026-09-10 00:16:44,MAITRI,-32.49,14.53,985.56,65.93,0.0,80.31,0.22,75.91,24991.92,30.52,4999.43,28,0.22180238095238067,-1,ANOMALY,759.1,6387.908571428563,0.11883388616350192,670.5600000000001,37.27022190408017,70,HIGH RISK,24140.160000000003,0.0,NORMAL,NORMAL,0
2026-09-10 00:16:44,BHARATI,-16.19,22.76,991.8,67.73,0.0,60.8,0.17,81.76,24991.97,23.11,4999.42,22,0.1696053769841275,-1,ANOMALY,817.6000000000001,4884.634857142872,0.167382009896689,669.96,37.303674846259476,70,HIGH RISK,24118.56,0.0,NORMAL,NORMAL,1
2026-09-10 00:16:47,MAITRI,-30.88,26.37,1007.32,62.14,0.0,74.23,0.21,77.73,24992.89,28.21,4999.51,17,0.21848619047619025,-1,ANOMALY,777.3,6292.402285714279,0.1235299277931918,670.5600000000001,37.27166845621569,70,HIGH RISK,24140.160000000003,0.0,NORMAL,NORMAL,0
2026-09-10 00:16:47,BHARATI,-29.54,22.23,1009.01,52.27,0.0,75.62,0.21,77.31,24992.94,28.74,4999.49,24,0.2083886904761909,-1,ANOMALY,773.1,6001.594285714298,0.12881577180920473,669.96,37.305122693892166,70,HIGH RISK,24118.56,0.0,NORMAL,NORMAL,1
2026-09-10 00:16:49,BHARATI,-23.74,33.84,1000.42,79.77,0.0,66.33,0.18,80.1,24991.94,25.2,4999.42,16,0.18782041666666655,-1,ANOMALY,800.9999999999999,5409.2279999999955,0.14808028058717446,669.96,37.30363006746671,70,HIGH RISK,24118.56,0.0,NORMAL,NORMAL,1
2026-09-10 00:16:49,MAITRI,-17.93,30.18,1011.38,65.58,0.0,59.83,0.17,82.05,24991.89,22.74,4999.43,15,0.16888210317460345,-1,ANOMALY,820.5,4863.804571428579,0.1686951002965577,670.5600000000001,37.270177165354326,70,HIGH RISK,24140.160000000003,0.0,NORMAL,NORMAL,0
2026-09-10 00:16:52,MAITRI,-24.09,33.81,1006.58,58.85,0.0,66.69,0.19,79.99,24992.85,25.34,4999.51,16,0.1886662499999999,-1,ANOMALY,799.9,5433.587999999997,0.14721395880585728,670.5600000000001,37.27160880458124,70,HIGH RISK,24140.160000000003,0.0,NORMAL,NORMAL,0
2026-09-10 00:16:52,BHARATI,-35.47,60.52,962.91,91.91,0.0,92.05,0.23,57.38,24992.89,34.98,4999.49,29,0.2346464484126982,-1,ANOMALY,573.8,6757.817714285708,0.0849090674326734,669.96,37.3050480625709,70,HIGH RISK,24118.56,0.0,NORMAL,NORMAL,1
2026-09-10 00:16:54,MAITRI,-27.11,40.92,1012.7,77.95,0.0,72.67,0.2,78.2,24991.85,27.61,4999.43,23,0.20655833333333354,-1,ANOMALY,782.0,5948.880000000006,0.13145331558209264,670.5600000000001,37.27011751371987,70,HIGH RISK,24140.160000000003,0.0,NORMAL,NORMAL,0
2026-09-10 00:16:54,BHARATI,-33.7,32.9,1000.87,59.69,0.0,83.99,0.23,74.8,24991.9,31.92,4999.42,34,0.22373154761904737,-1,ANOMALY,748.0,6443.468571428563,0.11608654433681252,669.96,37.303570362409694,70,HIGH RISK,24118.56,0.0,NORMAL,NORMAL,1
2026-09-10 00:16:57,MAITRI,-32.96,34.33,1013.06,72.52,0.0,79.21,0.22,76.24,24992.81,30.1,4999.5,24,0.22234785714285688,-1,ANOMALY,762.4,6403.618285714278,0.11905768988461181,670.5600000000001,37.27154915294679,70,HIGH RISK,24140.160000000003,0.0,NORMAL,NORMAL,0
2026-09-10 00:16:57,BHARATI,-30.25,18.08,986.62,58.27,0.0,74.76,0.21,77.57,24992.85,28.41,4999.49,20,0.2184486904761902,-1,ANOMALY,775.6999999999999,6291.322285714277,0.12329681500523094,669.96,37.30498835751388,70,HIGH RISK,24118.56,0.0,NORMAL,NORMAL,1
2026-09-10 00:16:59,MAITRI,-20.58,23.11,1007.59,72.11,0.0,67.01,0.19,79.9,24991.82,25.46,4999.43,26,0.18411369047619044,-1,ANOMALY,799.0,5302.474285714285,0.15068437053106207,670.5600000000001,37.270072774994034,70,HIGH RISK,24140.160000000003,0.0,NORMAL,NORMAL,0
2026-09-10 00:16:59,BHARATI,-23.24,27.75,988.8,63.83,0.0,73.0,0.2,78.1,24991.86,27.74,4999.41,34,0.19613375000000027,-1,ANOMALY,780.9999999999999,5648.652000000007,0.13826307586305528,669.96,37.303510657352675,70,HIGH RISK,24118.56,0.0,NORMAL,NORMAL,1
2026-09-10 00:17:02,MAITRI,-15.97,41.72,1001.63,65.95,0.0,64.96,0.18,80.51,24992.77,24.69,4999.5,33,0.18074208333333328,-1,ANOMALY,805.1,5205.371999999998,0.15466714002380624,670.5600000000001,37.27148950131233,70,HIGH RISK,24140.160000000003,0.0,NORMAL,NORMAL,0
2026-09-10 00:17:02,BHARATI,-16.26,28.7,989.68,51.07,0.0,64.87,0.18,80.54,24992.82,24.65,4999.48,32,0.18110458333333326,-1,ANOMALY,805.4000000000001,5215.811999999997,0.15441507477646826,669.96,37.304943578721115,70,HIGH RISK,24118.56,0.0,NORMAL,NORMAL,1
2026-09-10 00:17:04,BHARATI,-15.39,19.75,990.58,77.35,0.0,64.76,0.18,80.57,24991.82,24.61,4999.41,34,0.18090494047619043,-1,ANOMALY,805.6999999999999,5210.062285714284,0.1546430648649224,669.96,37.303450952295655,70,HIGH RISK,24118.56,0.0,NORMAL,NORMAL,1
2026-09-10 00:17:04,MAITRI,-17.77,33.98,1008.93,64.19,0.0,62.86,0.17,81.14,24991.78,23.89,4999.42,23,0.17366579365079407,-1,ANOMALY,811.4,5001.5748571428685,0.16222890253081393,670.5600000000001,37.270013123359576,70,HIGH RISK,24140.160000000003,0.0,NORMAL,NORMAL,0
2026-09-10 00:17:07,MAITRI,-17.24,13.63,999.81,68.04,0.0,63.1,0.18,81.07,24992.74,23.98,4999.5,25,0.17864869047619059,-1,ANOMALY,810.6999999999999,5145.082285714288,0.15756793671715805,670.5600000000001,37.27144476258649,70,HIGH RISK,24140.160000000003,0.0,NORMAL,NORMAL,0
2026-09-10 00:17:07,BHARATI,-23.66,40.79,988.23,69.24,0.0,67.44,0.19,79.77,24992.78,25.63,4999.48,19,0.19193910714285714,-1,ANOMALY,797.6999999999999,5527.846285714286,0.14430574925021172,669.96,37.304883873664096,70,HIGH RISK,24118.56,0.0,NORMAL,NORMAL,1
2026-09-10 00:17:09,MAITRI,-27.03,15.43,1014.32,51.85,0.0,75.38,0.21,77.39,24991.74,28.64,4999.42,30,0.20965000000000056,-1,ANOMALY,773.9,6037.920000000016,0.1281732782150141,670.5600000000001,37.269953471725124,70,HIGH RISK,24140.160000000003,0.0,NORMAL,NORMAL,0
2026-09-10 00:17:09,BHARATI,-29.12,25.18,998.28,78.96,0.0,79.17,0.22,76.25,24991.78,30.09,4999.41,34,0.20991666666666714,-1,ANOMALY,762.5,6045.600000000013,0.12612478496757945,669.96,37.303391247238636,70,HIGH RISK,24118.56,0.0,NORMAL,NORMAL,1
2026-09-10 00:17:12,MAITRI,-24.21,31.89,1013.0,56.53,0.0,73.62,0.2,77.91,24992.7,27.97,4999.49,33,0.19850125000000018,-1,ANOMALY,779.1,5716.836000000005,0.1362816774873373,670.5600000000001,37.27138511095204,70,HIGH RISK,24140.160000000003,0.0,NORMAL,NORMAL,0
2026-09-10 00:17:12,BHARATI,-30.37,36.68,990.93,62.34,0.0,77.29,0.21,76.81,24992.74,29.37,4999.48,26,0.2198111904761901,1,NORMAL,768.1,6330.562285714274,0.12133203423861988,669.96,37.304824168607084,30,LOW RISK,24118.56,0.0,NORMAL,NORMAL,1
2026-09-10 00:17:14,MAITRI,-20.47,12.65,994.57,59.32,0.0,69.69,0.19,79.09,24991.71,26.48,4999.42,33,0.18924535714285717,-1,ANOMALY,790.9000000000001,5450.266285714286,0.14511217590836453,670.5600000000001,37.269908732999276,70,HIGH RISK,24140.160000000003,0.0,NORMAL,NORMAL,0
2026-09-10 00:17:14,BHARATI,-19.38,20.14,986.04,58.91,0.0,63.75,0.18,80.88,24991.75,24.22,4999.4,21,0.18206869047619034,-1,ANOMALY,808.8,5243.578285714281,0.15424581381830654,669.96,37.30334646844587,70,HIGH RISK,24118.56,0.0,NORMAL,NORMAL,1
2026-09-10 00:17:17,BHARATI,-15.42,33.27,998.96,67.13,0.0,64.39,0.18,80.68,24992.71,24.47,4999.47,33,0.1801870833333333,-1,ANOMALY,806.8000000000001,5189.387999999999,0.1554711268457861,669.96,37.304779389814314,70,HIGH RISK,24118.56,0.0,NORMAL,NORMAL,1
2026-09-10 00:17:17,MAITRI,-42.77,62.89,970.6,97.82,0.0,98.26,0.25,55.52,24992.65,37.34,4999.49,21,0.24538374999999996,-1,ANOMALY,555.2,7067.051999999998,0.07856175389681584,670.5600000000001,37.27131054640897,70,HIGH RISK,24140.160000000003,0.0,NORMAL,NORMAL,0
2026-09-10 00:17:19,MAITRI,-31.72,19.91,1012.09,79.51,0.0,74.31,0.21,77.71,24991.67,28.24,4999.42,15,0.21936035714285687,-1,ANOMALY,777.0999999999999,6317.578285714277,0.1230059945212281,670.5600000000001,37.269849081364825,70,HIGH RISK,24140.160000000003,0.0,NORMAL,NORMAL,0
2026-09-10 00:17:19,BHARATI,-18.11,34.74,987.24,71.42,0.0,67.62,0.19,79.72,24991.71,25.69,4999.4,34,0.1874325000000001,-1,ANOMALY,797.2,5398.056000000003,0.1476827954359865,669.96,37.303286763388854,70,HIGH RISK,24118.56,0.0,NORMAL,NORMAL,1
2026-09-10 00:17:22,MAITRI,-44.06,71.99,953.38,89.44,0.0,93.94,0.26,56.82,24992.6,35.7,4999.49,29,0.24640065476190467,-1,ANOMALY,568.2,7096.338857142855,0.08006945714381657,670.5600000000001,37.2712359818659,70,HIGH RISK,24140.160000000003,0.0,NORMAL,NORMAL,0
2026-09-10 00:17:22,BHARATI,-18.84,29.64,1009.95,69.81,0.0,63.58,0.18,80.92,24992.67,24.16,4999.47,22,0.1811449999999999,-1,ANOMALY,809.2,5216.975999999997,0.15510901334412897,669.96,37.304719684757295,70,HIGH RISK,24118.56,0.0,NORMAL,NORMAL,1
2026-09-10 00:17:24,MAITRI,-19.8,36.17,1005.85,70.68,0.0,66.19,0.18,80.14,24991.63,25.15,4999.41,26,0.18175083333333322,-1,ANOMALY,801.4,5234.423999999996,0.15310185036596205,670.5600000000001,37.26978942973037,70,HIGH RISK,24140.160000000003,0.0,NORMAL,NORMAL,0
2026-09-10 00:17:24,BHARATI,-17.14,26.45,998.26,52.74,0.0,65.8,0.18,80.26,24991.68,25.0,4999.4,32,0.1828074999999999,-1,ANOMALY,802.6000000000001,5264.855999999996,0.15244481520482245,669.96,37.30324198459609,70,HIGH RISK,24118.56,0.0,NORMAL,NORMAL,1
2026-09-10 00:17:27,MAITRI,-33.57,33.72,996.91,79.44,0.0,76.25,0.21,77.13,24992.56,28.97,4999.49,15,0.2211978571428569,-1,ANOMALY,771.3,6370.498285714279,0.12107373166234509,670.5600000000001,37.27117633023145,70,HIGH RISK,24140.160000000003,0.0,NORMAL,NORMAL,0
2026-09-10 00:17:27,BHARATI,-28.43,41.98,1004.46,78.74,0.0,70.85,0.2,78.74,24992.64,26.92,4999.47,15,0.20427500000000007,-1,ANOMALY,787.4,5883.120000000001,0.13384054719264607,669.96,37.30467490596453,70,HIGH RISK,24118.56,0.0,NORMAL,NORMAL,1
2026-09-10 00:17:29,BHARATI,-29.66,47.66,979.88,89.05,0.0,98.28,0.21,70.51,24991.62,37.35,4999.39,27,0.20963500000000024,-1,ANOMALY,705.1,6037.488000000007,0.11678698160559478,669.96,37.303152427010566,70,HIGH RISK,24118.56,0.0,NORMAL,NORMAL,1
2026-09-10 00:17:29,MAITRI,-30.83,38.06,1009.55,50.98,0.0,73.37,0.2,77.99,24991.59,27.88,4999.41,15,0.21840702380952354,-1,ANOMALY,779.9,6290.122285714277,0.12398805056163359,670.5600000000001,37.269729778095915,70,HIGH RISK,24140.160000000003,0.0,NORMAL,NORMAL,0
2026-09-10 00:17:32,MAITRI,-25.22,56.07,974.46,85.98,0.0,98.03,0.2,70.59,24992.51,37.25,4999.48,26,0.20133875000000018,-1,ANOMALY,705.9000000000001,5798.556000000005,0.12173720491791395,670.5600000000001,37.27110176568837,70,HIGH RISK,24140.160000000003,0.0,NORMAL,NORMAL,0
2026-09-10 00:17:32,BHARATI,-27.51,25.69,988.22,66.13,0.0,70.68,0.2,78.8,24992.6,26.86,4999.47,17,0.2045000000000001,-1,ANOMALY,787.9999999999999,5889.600000000002,0.1337951643575115,669.96,37.30461520090751,70,HIGH RISK,24118.56,0.0,NORMAL,NORMAL,1
2026-09-10 00:17:34,MAITRI,-20.14,54.23,984.27,88.03,0.0,93.15,0.18,72.05,24991.55,35.4,4999.41,23,0.18735285714285713,-1,ANOMALY,720.4999999999999,5395.762285714285,0.133530715744758,670.5600000000001,37.26967012646146,70,HIGH RISK,24140.160000000003,0.0,NORMAL,NORMAL,0
2026-09-10 00:17:34,BHARATI,-33.02,44.07,994.59,74.85,0.0,80.07,0.22,75.98,24991.58,30.43,4999.39,26,0.22225119047619013,-1,ANOMALY,759.8000000000001,6400.834285714276,0.11870327618006957,669.96,37.30309272195355,70,HIGH RISK,24118.56,0.0,NORMAL,NORMAL,1
2026-09-10 00:17:37,MAITRI,-18.15,23.43,986.57,76.11,0.0,64.86,0.18,80.54,24992.47,24.65,4999.48,27,0.18205452380952367,-1,ANOMALY,805.4000000000001,5243.170285714281,0.1536093539045299,670.5600000000001,37.27104211405393,70,HIGH RISK,24140.160000000003,0.0,NORMAL,NORMAL,0
2026-09-10 00:17:37,BHARATI,-21.01,41.98,987.42,79.67,0.0,93.56,0.18,71.93,24992.55,35.55,4999.46,17,0.18645619047619047,-1,ANOMALY,719.3000000000001,5369.938285714285,0.1339493978754957,669.96,37.304540569586244,70,HIGH RISK,24118.56,0.0,NORMAL,NORMAL,1
2026-09-10 00:17:39,MAITRI,-29.17,31.49,1004.45,58.02,0.0,77.23,0.21,76.83,24991.5,29.35,4999.4,29,0.2090333333333338,-1,ANOMALY,768.3,6020.160000000013,0.12762119279221787,670.5600000000001,37.26959556191839,70,HIGH RISK,24140.160000000003,0.0,NORMAL,NORMAL,0
2026-09-10 00:17:39,BHARATI,-18.93,18.51,1013.38,76.88,0.0,66.08,0.18,80.18,24991.55,25.11,4999.39,28,0.18268369047619035,-1,ANOMALY,801.8000000000001,5261.290285714282,0.1523960770948312,669.96,37.303047943160784,70,HIGH RISK,24118.56,0.0,NORMAL,NORMAL,1
2026-09-10 00:17:42,MAITRI,-33.03,34.4,1007.12,58.63,0.0,81.68,0.23,75.5,24992.43,31.04,4999.48,30,0.2238982142857141,-1,ANOMALY,755.0,6448.268571428565,0.11708569387840113,670.5600000000001,37.27098246241947,70,HIGH RISK,24140.160000000003,0.0,NORMAL,NORMAL,0
2026-09-10 00:17:42,BHARATI,-35.03,53.02,980.86,71.91,0.0,94.26,0.22,71.72,24992.5,35.82,4999.46,20,0.22696940476190466,-1,ANOMALY,717.1999999999999,6536.718857142853,0.10971865482883598,669.96,37.30446593826497,70,HIGH RISK,24118.56,0.0,NORMAL,NORMAL,1
2026-09-10 00:17:44,BHARATI,-38.63,44.48,991.69,85.42,0.0,93.8,0.24,71.86,24991.5,35.64,4999.38,30,0.24002412698412684,-1,ANOMALY,718.6,6912.694857142853,0.1039536700014285,669.96,37.30297331183951,70,HIGH RISK,24118.56,0.0,NORMAL,NORMAL,1
2026-09-10 00:17:44,MAITRI,-18.4,23.07,993.56,77.01,0.0,61.12,0.17,81.66,24991.47,23.22,4999.4,17,0.16963746031746077,-1,ANOMALY,816.6,4885.55885714287,0.16714566825985533,670.5600000000001,37.26955082319255,70,HIGH RISK,24140.160000000003,0.0,NORMAL,NORMAL,0
2026-09-10 00:17:47,MAITRI,-17.4,43.85,992.66,63.09,0.0,66.07,0.18,80.18,24992.4,25.11,4999.47,32,0.18198249999999994,-1,ANOMALY,801.8000000000001,5241.095999999998,0.15298326914828508,670.5600000000001,37.27093772369363,70,HIGH RISK,24140.160000000003,0.0,NORMAL,NORMAL,0
2026-09-10 00:17:47,BHARATI,-33.67,40.88,974.98,82.03,0.0,97.81,0.22,70.66,24992.45,37.17,4999.46,20,0.22273916666666638,-1,ANOMALY,706.6,6414.887999999992,0.1101500135310236,669.96,37.3043913069437,70,HIGH RISK,24118.56,0.0,NORMAL,NORMAL,1
2026-09-10 00:17:49,MAITRI,-35.71,45.8,975.19,83.79,0.0,96.29,0.22,71.11,24991.42,36.59,4999.4,20,0.2333095436507935,-1,ANOMALY,711.0999999999999,6719.314857142853,0.1058292422841411,670.5600000000001,37.26947625864948,70,HIGH RISK,24140.160000000003,0.0,NORMAL,NORMAL,0
2026-09-10 00:17:49,BHARATI,-28.19,52.15,986.35,78.91,0.0,96.96,0.2,70.91,24991.45,36.84,4999.38,19,0.20567666666666679,-1,ANOMALY,709.0999999999999,5923.488000000003,0.11970987364201625,669.96,37.30289868051824,70,HIGH RISK,24118.56,0.0,NORMAL,NORMAL,1
2026-09-10 00:17:52,MAITRI,-27.01,36.51,999.39,53.83,0.0,73.76,0.2,77.87,24992.36,28.03,4999.47,26,0.20778750000000026,-1,ANOMALY,778.7,5984.280000000008,0.13012425889162924,670.5600000000001,37.27087807205917,70,HIGH RISK,24140.160000000003,0.0,NORMAL,NORMAL,0
2026-09-10 00:17:52,BHARATI,-25.84,28.75,1008.68,57.99,0.0,74.53,0.21,77.64,24992.41,28.32,4999.46,31,0.20873333333333388,-1,ANOMALY,776.4,6011.520000000015,0.12915202810603607,669.96,37.30433160188668,70,HIGH RISK,24118.56,0.0,NORMAL,NORMAL,1
2026-09-10 00:17:54,MAITRI,-33.54,35.34,1013.9,58.7,0.0,78.62,0.22,76.41,24991.38,29.87,4999.4,21,0.2219561904761902,-1,ANOMALY,764.1,6392.338285714277,0.11953372394380718,670.5600000000001,37.26941660701503,70,HIGH RISK,24140.160000000003,0.0,NORMAL,NORMAL,0
2026-09-10 00:17:54,BHARATI,-25.68,30.82,1008.43,63.35,0.0,72.76,0.2,78.17,24991.41,27.65,4999.38,27,0.2052550000000003,1,NORMAL,781.7,5911.344000000008,0.132237271253373,669.96,37.30283897546122,30,LOW RISK,24118.56,0.0,NORMAL,NORMAL,1
2026-09-10 00:17:57,BHARATI,-35.45,49.43,992.05,73.69,0.0,92.34,0.23,72.3,24992.36,35.09,4999.45,23,0.2313528769841268,-1,ANOMALY,723.0,6662.962857142851,0.10851028521417123,669.96,37.304256970565405,70,HIGH RISK,24118.56,0.0,NORMAL,NORMAL,1
2026-09-10 00:17:57,MAITRI,-25.57,43.06,990.6,87.31,0.0,96.47,0.2,71.06,24992.31,36.66,4999.47,22,0.2037391666666669,-1,ANOMALY,710.6,5867.688000000006,0.12110391690901073,670.5600000000001,37.270803507516106,70,HIGH RISK,24140.160000000003,0.0,NORMAL,NORMAL,0
2026-09-10 00:17:59,MAITRI,-15.53,43.81,998.67,72.13,0.0,62.51,0.17,81.25,24991.35,23.75,4999.39,28,0.17210371031746075,-1,ANOMALY,812.5,4956.586857142869,0.1639232849978443,670.5600000000001,37.269371868289184,70,HIGH RISK,24140.160000000003,0.0,NORMAL,NORMAL,0
2026-09-10 00:17:59,BHARATI,-30.64,42.67,985.8,80.47,0.0,96.85,0.22,70.94,24991.36,36.8,4999.38,27,0.2210366666666663,-1,ANOMALY,709.4,6365.855999999989,0.11143827318745526,669.96,37.302764344139945,70,HIGH RISK,24118.56,0.0,NORMAL,NORMAL,1
2026-09-10 00:18:02,MAITRI,-20.74,21.99,998.77,50.56,0.0,63.98,0.18,80.81,24992.27,24.31,4999.46,18,0.1819270238095237,-1,ANOMALY,808.1,5239.498285714282,0.1542323245344539,670.5600000000001,37.27074385588165,70,HIGH RISK,24140.160000000003,0.0,NORMAL,NORMAL,0
2026-09-10 00:18:02,BHARATI,-21.09,31.52,991.34,69.43,0.0,70.35,0.2,78.9,24992.32,26.73,4999.45,33,0.18971333333333346,-1,ANOMALY,789.0,5463.744000000002,0.1444064729240608,669.96,37.304197265508385,70,HIGH RISK,24118.56,0.0,NORMAL,NORMAL,1
2026-09-10 00:18:04,MAITRI,-20.76,38.91,993.41,78.11,0.0,92.01,0.17,72.4,24991.3,34.97,4999.39,15,0.18625619047619046,-1,ANOMALY,724.0000000000001,5364.178285714284,0.13496941403460336,670.5600000000001,37.26929730374612,70,HIGH RISK,24140.160000000003,0.0,NORMAL,NORMAL,0
2026-09-10 00:18:04,BHARATI,-22.87,33.46,1012.61,74.32,0.0,71.42,0.2,78.58,24991.32,27.14,4999.37,31,0.19127583333333345,-1,ANOMALY,785.8,5508.744000000002,0.14264594615396897,669.96,37.302704639082926,70,HIGH RISK,24118.56,0.0,NORMAL,NORMAL,1
2026-09-10 00:18:07,MAITRI,-18.49,33.76,999.96,77.39,0.0,66.02,0.18,80.19,24992.24,25.09,4999.46,29,0.1815908333333332,-1,ANOMALY,801.9,5229.815999999995,0.15333235433139536,670.5600000000001,37.27069911715581,70,HIGH RISK,24140.160000000003,0.0,NORMAL,NORMAL,0
2026-09-10 00:18:07,BHARATI,-27.82,14.2,1004.39,52.03,0.0,70.61,0.2,78.82,24992.29,26.83,4999.45,16,0.2048750000000001,-1,ANOMALY,788.1999999999999,5900.400000000002,0.133584163785506,669.96,37.30415248671562,70,HIGH RISK,24118.56,0.0,NORMAL,NORMAL,1
2026-09-10 00:18:09,BHARATI,-24.1,32.55,998.94,60.99,0.0,73.51,0.2,77.95,24991.28,27.93,4999.37,33,0.19827625000000018,-1,ANOMALY,779.5000000000001,5710.356000000005,0.13650637543438612,669.96,37.302644934025906,70,HIGH RISK,24118.56,0.0,NORMAL,NORMAL,1
2026-09-10 00:18:09,MAITRI,-18.12,12.66,1008.16,73.47,0.0,67.23,0.19,79.83,24991.26,25.55,4999.39,33,0.18727535714285717,-1,ANOMALY,798.3,5393.530285714287,0.14801066420530498,670.5600000000001,37.26923765211166,70,HIGH RISK,24140.160000000003,0.0,NORMAL,NORMAL,0
2026-09-10 00:18:12,BHARATI,-42.63,59.77,969.38,85.02,0.0,98.09,0.24,55.57,24992.23,37.27,4999.45,20,0.2451670833333333,-1,ANOMALY,555.6999999999999,7060.812,0.07870199631430491,669.96,37.3040629291301,70,HIGH RISK,24118.56,0.0,NORMAL,NORMAL,1
2026-09-10 00:18:12,MAITRI,-15.21,32.08,998.91,55.57,0.0,61.77,0.17,81.47,24992.21,23.47,4999.46,27,0.16946418650793704,-1,ANOMALY,814.6999999999999,4880.568571428586,0.166927272525039,670.5600000000001,37.27065437842997,70,HIGH RISK,24140.160000000003,0.0,NORMAL,NORMAL,0
2026-09-10 00:18:14,MAITRI,-24.22,27.56,999.82,64.0,0.0,72.04,0.2,78.39,24991.22,27.37,4999.39,29,0.1983387500000002,-1,ANOMALY,783.9000000000001,5712.156000000005,0.1372336469802294,670.5600000000001,37.26917800047721,70,HIGH RISK,24140.160000000003,0.0,NORMAL,NORMAL,0
2026-09-10 00:18:15,BHARATI,-29.7,28.87,1012.92,56.2,0.0,78.18,0.22,76.54,24991.24,29.71,4999.36,30,0.21034285714285766,-1,ANOMALY,765.4000000000001,6057.874285714301,0.12634795043617345,669.96,37.302585228968894,70,HIGH RISK,24118.56,0.0,NORMAL,NORMAL,1
2026-09-10 00:18:17,MAITRI,-37.05,47.67,975.01,70.58,0.0,96.96,0.23,70.91,24992.15,36.84,4999.46,21,0.23650138888888872,-1,ANOMALY,709.0999999999999,6811.239999999994,0.10410732847469778,670.5600000000001,37.270564900978286,70,HIGH RISK,24140.160000000003,0.0,NORMAL,NORMAL,0
2026-09-10 00:18:17,BHARATI,-28.14,36.66,999.46,69.09,0.0,72.55,0.2,78.24,24992.2,27.57,4999.44,20,0.2045000000000001,-1,ANOMALY,782.4,5889.600000000002,0.13284433577832105,669.96,37.304018150337335,70,HIGH RISK,24118.56,0.0,NORMAL,NORMAL,1
2026-09-10 00:18:20,MAITRI,-17.79,12.11,988.19,68.68,0.0,65.27,0.18,80.42,24991.19,24.8,4999.38,29,0.1820670238095237,-1,ANOMALY,804.2,5243.5302857142815,0.15336995424456687,670.5600000000001,37.269133261751364,70,HIGH RISK,24140.160000000003,0.0,NORMAL,NORMAL,0
2026-09-10 00:18:20,BHARATI,-20.72,31.58,1005.64,52.09,0.0,66.36,0.18,80.09,24991.2,25.22,4999.36,24,0.18182999999999988,-1,ANOMALY,800.9000000000001,5236.703999999996,0.15293971169651763,669.96,37.302525523911875,70,HIGH RISK,24118.56,0.0,NORMAL,NORMAL,1
2026-09-10 00:18:22,MAITRI,-31.56,16.68,998.94,55.39,0.0,78.54,0.22,76.44,24992.11,29.85,4999.45,26,0.2211345238095235,-1,ANOMALY,764.4,6368.674285714276,0.12002497940813894,670.5600000000001,37.27050524934383,70,HIGH RISK,24140.160000000003,0.0,NORMAL,NORMAL,0
2026-09-10 00:18:23,BHARATI,-38.44,57.74,959.05,87.77,0.0,86.67,0.23,59.0,24992.15,32.94,4999.44,17,0.23830222222222205,-1,ANOMALY,590.0,6863.103999999995,0.0859669327464658,669.96,37.30394351901606,70,HIGH RISK,24118.56,0.0,NORMAL,NORMAL,1
2026-09-10 00:18:25,MAITRI,-17.28,16.2,988.85,61.93,0.0,59.55,0.17,82.14,24991.16,22.63,4999.38,16,0.16846246031746062,-1,ANOMALY,821.4,4851.718857142865,0.16930082393185397,670.5600000000001,37.26908852302553,70,HIGH RISK,24140.160000000003,0.0,NORMAL,NORMAL,0
2026-09-10 00:18:25,BHARATI,-37.71,56.22,971.55,76.67,0.0,98.1,0.23,70.57,24991.15,37.28,4999.36,20,0.23687138888888878,-1,ANOMALY,705.6999999999999,6821.895999999997,0.10344631463159219,669.96,37.3024508925906,70,HIGH RISK,24118.56,0.0,NORMAL,NORMAL,1
2026-09-10 00:18:28,BHARATI,-35.23,45.49,991.71,83.89,0.0,97.42,0.22,70.77,24992.1,37.02,4999.44,20,0.22710690476190468,-1,ANOMALY,707.7,6540.678857142853,0.10819977795227553,669.96,37.30386888769478,70,HIGH RISK,24118.56,0.0,NORMAL,NORMAL,1
2026-09-10 00:18:28,MAITRI,-23.49,41.93,1008.99,79.51,0.0,72.07,0.2,78.38,24992.07,27.39,4999.45,31,0.1976345833333335,-1,ANOMALY,783.8,5691.876000000005,0.13770503784692417,670.5600000000001,37.270445597709376,70,HIGH RISK,24140.160000000003,0.0,NORMAL,NORMAL,0
2026-09-10 00:18:30,MAITRI,-15.62,20.35,992.55,74.38,0.0,57.4,0.16,82.78,24991.13,21.81,4999.38,15,0.16484621031746055,-1,ANOMALY,827.8,4747.570857142864,0.17436285311140745,670.5600000000001,37.26904378429969,70,HIGH RISK,24140.160000000003,0.0,NORMAL,NORMAL,0
2026-09-10 00:18:30,BHARATI,-33.93,12.79,1012.72,54.81,0.0,79.03,0.22,76.29,24991.11,30.03,4999.36,21,0.22558559523809513,-1,ANOMALY,762.9,6496.865142857139,0.11742586358572589,669.96,37.30239118753358,70,HIGH RISK,24118.56,0.0,NORMAL,NORMAL,1
2026-09-10 00:18:33,MAITRI,-26.73,21.32,1001.05,74.02,0.0,70.26,0.2,78.92,24992.04,26.7,4999.45,18,0.20412500000000008,-1,ANOMALY,789.2,5878.800000000002,0.13424508403075452,670.5600000000001,37.270400858983535,70,HIGH RISK,24140.160000000003,0.0,NORMAL,NORMAL,0
2026-09-10 00:18:33,BHARATI,-34.42,21.19,1006.84,67.25,0.0,77.55,0.22,76.74,24992.06,29.47,4999.44,16,0.22578559523809516,-1,ANOMALY,767.4,6502.625142857141,0.11801387641773514,669.96,37.30380918263777,70,HIGH RISK,24118.56,0.0,NORMAL,NORMAL,1
2026-09-10 00:18:35,MAITRI,-30.58,31.01,987.96,66.17,0.0,73.91,0.21,77.83,24991.09,28.08,4999.38,17,0.21837369047619024,-1,ANOMALY,778.3,6289.1622857142775,0.12375257063534437,670.5600000000001,37.26898413266523,70,HIGH RISK,24140.160000000003,0.0,NORMAL,NORMAL,0
2026-09-10 00:18:35,BHARATI,-24.98,21.65,987.34,62.52,0.0,70.42,0.2,78.87,24991.07,26.76,4999.35,23,0.19839625000000013,-1,ANOMALY,788.7,5713.8120000000035,0.13803394301387578,669.96,37.30233148247656,70,HIGH RISK,24118.56,0.0,NORMAL,NORMAL,1
2026-09-10 00:18:38,MAITRI,-22.53,13.75,997.09,60.61,0.0,66.65,0.19,80.0,24992.0,25.33,4999.44,20,0.18254369047619037,-1,ANOMALY,800.0,5257.2582857142825,0.15217057190700822,670.5600000000001,37.27034120734908,70,HIGH RISK,24140.160000000003,0.0,NORMAL,NORMAL,0
2026-09-10 00:18:38,BHARATI,-23.5,21.81,1007.05,72.55,0.0,69.28,0.19,79.22,24992.02,26.32,4999.43,24,0.19338077380952393,-1,ANOMALY,792.2,5569.366285714289,0.1422423951593979,669.96,37.30374947758075,70,HIGH RISK,24118.56,0.0,NORMAL,NORMAL,1
2026-09-10 00:18:40,BHARATI,-39.65,43.38,985.93,87.11,0.0,94.15,0.24,71.75,24991.02,35.78,4999.35,23,0.23965597222222215,-1,ANOMALY,717.5,6902.091999999998,0.10395398960199317,669.96,37.30225685115529,70,HIGH RISK,24118.56,0.0,NORMAL,NORMAL,1
2026-09-10 00:18:40,MAITRI,-27.54,40.11,996.76,77.77,0.0,70.31,0.2,78.91,24991.05,26.72,4999.38,16,0.20405000000000004,-1,ANOMALY,789.0999999999999,5876.640000000001,0.13427741022080641,670.5600000000001,37.26892448103077,70,HIGH RISK,24140.160000000003,0.0,NORMAL,NORMAL,0
2026-09-10 00:18:43,MAITRI,-29.7,19.33,995.59,57.77,0.0,76.19,0.21,77.14,24991.96,28.95,4999.44,25,0.20846369047619087,-1,ANOMALY,771.4,6003.754285714296,0.12848627097140147,670.5600000000001,37.270281555714625,70,HIGH RISK,24140.160000000003,0.0,NORMAL,NORMAL,0
2026-09-10 00:18:43,BHARATI,-25.79,36.89,1009.31,60.6,0.0,71.68,0.2,78.5,24991.98,27.24,4999.43,24,0.20630250000000028,1,NORMAL,785.0,5941.512000000008,0.132121251290917,669.96,37.30368977252373,30,LOW RISK,24118.56,0.0,NORMAL,NORMAL,1
2026-09-10 00:18:45,MAITRI,-24.57,41.52,1003.0,55.26,0.0,68.4,0.19,79.48,24991.02,25.99,4999.37,19,0.19338910714285718,-1,ANOMALY,794.8000000000001,5569.606285714286,0.14270308514241223,670.5600000000001,37.26887974230494,70,HIGH RISK,24140.160000000003,0.0,NORMAL,NORMAL,0
2026-09-10 00:18:45,BHARATI,-22.98,40.0,999.96,69.01,0.0,68.33,0.19,79.5,24990.99,25.97,4999.35,23,0.18804702380952393,-1,ANOMALY,795.0,5415.754285714289,0.14679395667876885,669.96,37.30221207236253,70,HIGH RISK,24118.56,0.0,NORMAL,NORMAL,1
2026-09-10 00:18:48,MAITRI,-25.39,38.01,1006.98,65.23,0.0,68.46,0.19,79.46,24991.93,26.02,4999.44,17,0.1965770833333334,-1,ANOMALY,794.6,5661.420000000002,0.14035348022227634,670.5600000000001,37.270236816988785,70,HIGH RISK,24140.160000000003,0.0,NORMAL,NORMAL,0
2026-09-10 00:18:48,BHARATI,-23.51,29.92,1014.72,64.15,0.0,68.09,0.19,79.57,24991.95,25.87,4999.43,21,0.19276410714285722,-1,ANOMALY,795.6999999999999,5551.606285714287,0.143327887290484,669.96,37.30364499373097,70,HIGH RISK,24118.56,0.0,NORMAL,NORMAL,1
2026-09-10 00:18:50,MAITRI,-34.18,22.94,998.59,65.4,0.0,77.68,0.22,76.69,24990.98,29.52,4999.37,17,0.2261355952380952,-1,ANOMALY,766.9,6512.705142857141,0.11775444814066292,670.5600000000001,37.26882009067048,70,HIGH RISK,24140.160000000003,0.0,NORMAL,NORMAL,0
2026-09-10 00:18:50,BHARATI,-30.17,14.5,985.39,53.68,0.0,78.68,0.22,76.4,24990.95,29.9,4999.35,30,0.21900488095238085,-1,ANOMALY,764.0,6307.340571428568,0.12112870572754872,669.96,37.30215236730551,70,HIGH RISK,24118.56,0.0,NORMAL,NORMAL,1
2026-09-10 00:18:53,MAITRI,-26.08,17.2,1008.44,57.52,0.0,70.79,0.2,78.76,24991.89,26.9,4999.44,21,0.20448333333333346,-1,ANOMALY,787.6,5889.1200000000035,0.13373814763496067,670.5600000000001,37.270177165354326,70,HIGH RISK,24140.160000000003,0.0,NORMAL,NORMAL,0
2026-09-10 00:18:53,BHARATI,-34.04,11.83,1004.85,51.29,0.0,83.14,0.23,75.06,24991.9,31.59,4999.43,31,0.22757583333333328,-1,ANOMALY,750.6,6554.1839999999975,0.11452226547194896,669.96,37.303570362409694,70,HIGH RISK,24118.56,0.0,NORMAL,NORMAL,1
2026-09-10 00:18:55,BHARATI,-17.92,19.21,1007.29,65.37,0.0,65.02,0.18,80.49,24990.91,24.71,4999.34,28,0.18218369047619035,-1,ANOMALY,804.9,5246.890285714281,0.15340515165554403,669.96,37.30209266224849,70,HIGH RISK,24118.56,0.0,NORMAL,NORMAL,1
2026-09-10 00:18:55,MAITRI,-33.42,38.22,986.08,78.18,0.0,77.69,0.22,76.69,24990.93,29.52,4999.37,19,0.22185619047619018,-1,ANOMALY,766.9,6389.458285714278,0.12002582467979415,670.5600000000001,37.26874552612741,70,HIGH RISK,24140.160000000003,0.0,NORMAL,NORMAL,0
2026-09-10 00:18:58,MAITRI,-18.16,24.94,999.72,52.13,0.0,62.86,0.17,81.14,24991.86,23.89,4999.44,22,0.17399912698412742,-1,ANOMALY,811.4,5011.17485714287,0.16191811763332103,670.5600000000001,37.270132426628486,70,HIGH RISK,24140.160000000003,0.0,NORMAL,NORMAL,0
2026-09-10 00:18:58,BHARATI,-24.76,23.19,1007.93,62.62,0.0,73.8,0.2,77.86,24991.87,28.04,4999.42,32,0.1997954166666668,-1,ANOMALY,778.5999999999999,5754.108000000004,0.13531202403569753,669.96,37.30352558361693,70,HIGH RISK,24118.56,0.0,NORMAL,NORMAL,1
2026-09-10 00:19:00,MAITRI,-21.13,42.44,1003.02,57.75,0.0,63.99,0.18,80.8,24990.9,24.32,4999.37,17,0.18121333333333323,-1,ANOMALY,807.9999999999999,5218.943999999996,0.15482059205847018,670.5600000000001,37.26870078740157,70,HIGH RISK,24140.160000000003,0.0,NORMAL,NORMAL,0
2026-09-10 00:19:00,BHARATI,-22.72,54.35,976.51,76.69,0.0,98.06,0.19,70.58,24990.86,37.26,4999.34,26,0.1890925,-1,ANOMALY,705.8,5445.864,0.12960294271028436,669.96,37.302018030927215,70,HIGH RISK,24118.56,0.0,NORMAL,NORMAL,1
2026-09-10 00:19:03,MAITRI,-23.3,39.98,988.0,74.93,0.0,93.8,0.19,71.86,24991.81,35.64,4999.43,25,0.19509077380952403,-1,ANOMALY,718.6,5618.614285714291,0.12789630386750153,670.5600000000001,37.27005786208542,70,HIGH RISK,24140.160000000003,0.0,NORMAL,NORMAL,0
2026-09-10 00:19:03,BHARATI,-23.95,15.57,1003.5,60.77,0.0,66.95,0.19,79.92,24991.83,25.44,4999.42,17,0.18894244047619035,-1,ANOMALY,799.2,5441.542285714282,0.14687012579101796,669.96,37.30346587855991,70,HIGH RISK,24118.56,0.0,NORMAL,NORMAL,1
2026-09-10 00:19:05,MAITRI,-44.4,79.57,950.37,89.86,0.0,95.0,0.26,56.5,24990.85,36.1,4999.36,31,0.2468706547619047,-1,ANOMALY,565.0,7109.874857142855,0.07946694018564605,670.5600000000001,37.2686262228585,70,HIGH RISK,24140.160000000003,0.0,NORMAL,NORMAL,0
2026-09-10 00:19:05,BHARATI,-33.32,28.17,994.43,64.16,0.0,79.59,0.22,76.12,24990.82,30.24,4999.34,24,0.22215619047619017,-1,ANOMALY,761.2,6398.098285714276,0.11897285193314604,669.96,37.301958325870196,70,HIGH RISK,24118.56,0.0,NORMAL,NORMAL,1
2026-09-10 00:19:08,BHARATI,-21.89,15.95,1009.03,59.97,0.0,63.99,0.18,80.8,24991.8,24.31,4999.42,15,0.18194369047619038,-1,ANOMALY,807.9999999999999,5239.978285714283,0.1541991122754926,669.96,37.30342109976715,70,HIGH RISK,24118.56,0.0,NORMAL,NORMAL,1
2026-09-10 00:19:08,MAITRI,-15.81,14.83,990.53,68.42,0.0,59.2,0.16,82.24,24991.77,22.5,4999.43,19,0.16533037698412723,-1,ANOMALY,822.3999999999999,4761.514857142864,0.17271814216147993,670.5600000000001,37.269998210450964,70,HIGH RISK,24140.160000000003,0.0,NORMAL,NORMAL,0
2026-09-10 00:19:10,MAITRI,-25.07,11.09,1006.5,56.92,0.0,72.52,0.2,78.24,24990.81,27.56,4999.36,28,0.20070291666666684,-1,ANOMALY,782.4,5780.244000000005,0.13535760774112637,670.5600000000001,37.26856657122405,70,HIGH RISK,24140.160000000003,0.0,NORMAL,NORMAL,0
2026-09-10 00:19:10,BHARATI,-22.03,32.03,1010.13,63.84,0.0,65.34,0.18,80.4,24990.78,24.83,4999.33,18,0.18159916666666653,-1,ANOMALY,804.0,5230.055999999996,0.15372684346018486,669.96,37.301898620813176,70,HIGH RISK,24118.56,0.0,NORMAL,NORMAL,1
2026-09-10 00:19:13,MAITRI,-32.84,23.1,1008.76,65.84,0.0,76.29,0.21,77.11,24991.73,28.99,4999.43,17,0.21951035714285688,-1,ANOMALY,771.1,6321.898285714277,0.12197285770042686,670.5600000000001,37.269938558816506,70,HIGH RISK,24140.160000000003,0.0,NORMAL,NORMAL,0
2026-09-10 00:19:13,BHARATI,-26.63,31.92,1014.76,60.14,0.0,68.96,0.19,79.31,24991.76,26.21,4999.42,15,0.20300000000000012,-1,ANOMALY,793.1,5846.400000000003,0.13565613026819917,669.96,37.30336139471013,70,HIGH RISK,24118.56,0.0,NORMAL,NORMAL,1
2026-09-10 00:19:15,MAITRI,-29.89,36.73,985.99,76.62,0.0,73.19,0.2,78.04,24990.77,27.81,4999.36,17,0.20560952380952385,-1,ANOMALY,780.4000000000001,5921.554285714286,0.13178972316148657,670.5600000000001,37.26850691958959,70,HIGH RISK,24140.160000000003,0.0,NORMAL,NORMAL,0
2026-09-10 00:19:15,BHARATI,-29.5,17.55,1009.09,50.24,0.0,72.78,0.2,78.17,24990.75,27.66,4999.33,17,0.20488452380952393,-1,ANOMALY,781.7,5900.674285714289,0.1324763852654127,669.96,37.301853842020414,70,HIGH RISK,24118.56,0.0,NORMAL,NORMAL,1
2026-09-10 00:19:18,MAITRI,-15.06,15.94,993.45,74.92,0.0,64.01,0.18,80.8,24991.7,24.32,4999.42,33,0.18073827380952376,-1,ANOMALY,807.9999999999999,5205.262285714284,0.15522752853732966,670.5600000000001,37.269893820090665,70,HIGH RISK,24140.160000000003,0.0,NORMAL,NORMAL,0
2026-09-10 00:19:18,BHARATI,-33.72,25.17,1000.73,63.36,0.0,82.0,0.23,75.4,24991.72,31.16,4999.41,29,0.22364821428571408,-1,ANOMALY,754.0,6441.0685714285655,0.11706132167954396,669.96,37.30330168965311,70,HIGH RISK,24118.56,0.0,NORMAL,NORMAL,1
2026-09-10 00:19:20,BHARATI,-22.31,34.43,1007.09,66.87,0.0,70.83,0.2,78.75,24990.71,26.91,4999.33,31,0.1900616666666667,-1,ANOMALY,787.5,5473.776000000001,0.14386777975569331,669.96,37.301794136963395,70,HIGH RISK,24118.56,0.0,NORMAL,NORMAL,1
2026-09-10 00:19:20,MAITRI,-19.67,28.27,1004.73,66.18,0.0,64.46,0.18,80.66,24990.74,24.49,4999.36,22,0.18142166666666654,-1,ANOMALY,806.6,5224.943999999996,0.15437486028558406,670.5600000000001,37.26846218086376,70,HIGH RISK,24140.160000000003,0.0,NORMAL,NORMAL,0
2026-09-10 00:19:23,MAITRI,-30.28,11.71,1014.08,76.23,0.0,78.4,0.22,76.48,24991.66,29.79,4999.42,29,0.22152488095238074,-1,ANOMALY,764.8000000000001,6379.9165714285655,0.11987617572070368,670.5600000000001,37.269834168456214,70,HIGH RISK,24140.160000000003,0.0,NORMAL,NORMAL,0
2026-09-10 00:19:23,BHARATI,-38.64,42.66,978.66,78.04,0.0,94.69,0.24,71.59,24991.67,35.98,4999.41,31,0.24002412698412684,-1,ANOMALY,715.9,6912.694857142853,0.10356308426666108,669.96,37.303227058331835,70,HIGH RISK,24118.56,0.0,NORMAL,NORMAL,1
2026-09-10 00:19:25,MAITRI,-26.53,22.51,995.25,62.86,0.0,74.46,0.21,77.66,24990.7,28.29,4999.35,29,0.20868333333333372,-1,ANOMALY,776.5999999999999,6010.080000000011,0.1292162500332772,670.5600000000001,37.2684025292293,70,HIGH RISK,24140.160000000003,0.0,NORMAL,NORMAL,0
2026-09-10 00:19:25,BHARATI,-18.51,44.05,997.35,79.81,0.0,64.04,0.18,80.79,24990.67,24.33,4999.33,24,0.18127416666666654,-1,ANOMALY,807.9000000000001,5220.695999999996,0.1547494816783051,669.96,37.301734431906375,70,HIGH RISK,24118.56,0.0,NORMAL,NORMAL,1
2026-09-10 00:19:28,MAITRI,-23.12,16.09,1008.01,53.94,0.0,68.48,0.19,79.46,24991.62,26.02,4999.42,23,0.1893919642857144,-1,ANOMALY,794.6,5454.488571428574,0.14567818588203366,670.5600000000001,37.269774516821755,70,HIGH RISK,24140.160000000003,0.0,NORMAL,NORMAL,0
2026-09-10 00:19:28,BHARATI,-30.78,29.69,1013.81,77.02,0.0,74.52,0.21,77.64,24991.63,28.32,4999.41,18,0.2184486904761902,-1,ANOMALY,776.4,6291.322285714277,0.12340807937354815,669.96,37.30316735327482,70,HIGH RISK,24118.56,0.0,NORMAL,NORMAL,1
2026-09-10 00:19:30,MAITRI,-30.88,40.79,970.01,83.0,0.0,95.93,0.21,71.22,24990.65,36.45,4999.35,23,0.22085249999999973,-1,ANOMALY,712.1999999999999,6360.551999999992,0.1119714138018211,670.5600000000001,37.26832796468623,70,HIGH RISK,24140.160000000003,0.0,NORMAL,NORMAL,0
2026-09-10 00:19:30,BHARATI,-37.52,67.28,952.88,91.88,0.0,93.25,0.23,57.02,24990.63,35.44,4999.32,17,0.23722972222222205,-1,ANOMALY,570.2,6832.215999999994,0.0834575487660227,669.96,37.30167472684936,70,HIGH RISK,24118.56,0.0,NORMAL,NORMAL,1
2026-09-10 00:19:33,MAITRI,-18.61,12.93,1013.09,77.62,0.0,61.74,0.17,81.48,24991.59,23.46,4999.42,18,0.16989412698412745,-1,ANOMALY,814.8000000000001,4892.9508571428705,0.16652527764723646,670.5600000000001,37.269729778095915,70,HIGH RISK,24140.160000000003,0.0,NORMAL,NORMAL,0
2026-09-10 00:19:33,BHARATI,-24.81,14.09,997.22,76.49,0.0,71.46,0.2,78.56,24991.59,27.15,4999.4,26,0.1993929166666667,-1,ANOMALY,785.6,5742.5160000000005,0.13680414647516873,669.96,37.303107648217804,70,HIGH RISK,24118.56,0.0,NORMAL,NORMAL,1
2026-09-10 00:19:35,MAITRI,-19.36,19.78,1014.75,56.89,0.0,64.53,0.18,80.64,24990.62,24.52,4999.35,23,0.18226452380952365,-1,ANOMALY,806.4,5249.218285714281,0.15362287413244238,670.5600000000001,37.26828322596039,70,HIGH RISK,24140.160000000003,0.0,NORMAL,NORMAL,0
2026-09-10 00:19:35,BHARATI,-26.74,39.3,995.53,62.51,0.0,74.68,0.21,77.6,24990.59,28.38,4999.32,29,0.2090083333333338,1,NORMAL,775.9999999999999,6019.440000000013,0.1289156466382252,669.96,37.301615021792344,30,LOW RISK,24118.56,0.0,NORMAL,NORMAL,1
2026-09-10 00:19:38,BHARATI,-29.99,45.96,976.98,73.96,0.0,93.23,0.21,72.03,24991.54,35.43,4999.4,24,0.21141333333333345,-1,ANOMALY,720.3000000000001,6088.704000000003,0.11830103746215938,669.96,37.30303301689653,70,HIGH RISK,24118.56,0.0,NORMAL,NORMAL,1
2026-09-10 00:19:38,MAITRI,-26.94,35.64,983.5,80.76,0.0,93.21,0.21,72.04,24991.54,35.42,4999.41,33,0.20996666666666708,-1,ANOMALY,720.4000000000001,6047.040000000012,0.11913266656082955,670.5600000000001,37.26965521355285,70,HIGH RISK,24140.160000000003,0.0,NORMAL,NORMAL,0
2026-09-10 00:19:40,MAITRI,-22.79,39.18,976.6,75.97,0.0,94.65,0.19,71.61,24990.57,35.97,4999.34,28,0.18991333333333338,-1,ANOMALY,716.0999999999999,5469.504000000001,0.13092594867834448,670.5600000000001,37.26820866141732,70,HIGH RISK,24140.160000000003,0.0,NORMAL,NORMAL,0
2026-09-10 00:19:40,BHARATI,-27.86,40.93,985.53,89.65,0.0,92.22,0.2,72.33,24990.54,35.04,4999.32,16,0.20611666666666684,-1,ANOMALY,723.3,5936.160000000005,0.12184644618743419,669.96,37.301540390471075,70,HIGH RISK,24118.56,0.0,NORMAL,NORMAL,1
2026-09-10 00:19:43,MAITRI,-25.41,33.23,995.86,58.78,0.0,73.68,0.2,77.89,24991.5,28.0,4999.41,30,0.2016404166666669,-1,ANOMALY,778.9000000000001,5807.244000000006,0.13412558521735943,670.5600000000001,37.26959556191839,70,HIGH RISK,24140.160000000003,0.0,NORMAL,NORMAL,0
2026-09-10 00:19:43,BHARATI,-33.42,43.12,1014.16,63.0,0.0,78.49,0.22,76.45,24991.5,29.83,4999.4,21,0.22178119047619013,-1,ANOMALY,764.5000000000001,6387.298285714275,0.11969066822976908,669.96,37.30297331183951,70,HIGH RISK,24118.56,0.0,NORMAL,NORMAL,1
2026-09-10 00:19:45,MAITRI,-21.8,12.92,1004.85,79.01,0.0,68.29,0.19,79.51,24990.53,25.95,4999.34,26,0.18856202380952383,-1,ANOMALY,795.1,5430.586285714286,0.14641144770898717,670.5600000000001,37.26814900978286,70,HIGH RISK,24140.160000000003,0.0,NORMAL,NORMAL,0
2026-09-10 00:19:45,BHARATI,-32.55,40.54,982.72,84.57,0.0,92.86,0.21,72.14,24990.49,35.29,4999.32,15,0.22104749999999965,-1,ANOMALY,721.4000000000001,6366.167999999989,0.11331777609387647,669.96,37.3014657591498,70,HIGH RISK,24118.56,0.0,NORMAL,NORMAL,1
2026-09-10 00:19:48,MAITRI,-26.23,20.36,996.97,58.15,0.0,70.95,0.2,78.72,24991.46,26.96,4999.41,21,0.20418333333333344,-1,ANOMALY,787.2,5880.480000000003,0.13386662313280542,670.5600000000001,37.269535910283935,70,HIGH RISK,24140.160000000003,0.0,NORMAL,NORMAL,0
2026-09-10 00:19:48,BHARATI,-33.23,28.65,1012.41,55.17,0.0,75.89,0.21,77.23,24991.46,28.84,4999.4,15,0.2205895238095235,-1,ANOMALY,772.3,6352.978285714276,0.12156503064659364,669.96,37.30291360678249,70,HIGH RISK,24118.56,0.0,NORMAL,NORMAL,1
2026-09-10 00:19:50,BHARATI,-30.33,28.21,999.44,69.09,0.0,79.64,0.22,76.11,24990.45,30.26,4999.31,32,0.2214123809523807,-1,ANOMALY,761.1,6376.676571428563,0.11935684544676402,669.96,37.30140605409278,70,HIGH RISK,24118.56,0.0,NORMAL,NORMAL,1
2026-09-10 00:19:50,MAITRI,-26.85,17.27,1001.68,75.4,0.0,72.4,0.2,78.28,24990.49,27.51,4999.34,23,0.20695833333333358,-1,ANOMALY,782.8000000000001,5960.400000000007,0.1313334675525131,670.5600000000001,37.268089358148416,70,HIGH RISK,24140.160000000003,0.0,NORMAL,NORMAL,0
2026-09-10 00:19:53,MAITRI,-24.45,14.69,995.43,57.43,0.0,68.67,0.19,79.4,24991.43,26.09,4999.4,20,0.1936932738095239,-1,ANOMALY,794.0,5578.366285714287,0.14233557986921103,670.5600000000001,37.269491171558094,70,HIGH RISK,24140.160000000003,0.0,NORMAL,NORMAL,0
2026-09-10 00:19:53,BHARATI,-21.37,36.17,996.87,73.71,0.0,63.44,0.18,80.97,24991.43,24.11,4999.4,15,0.18127999999999989,-1,ANOMALY,809.6999999999999,5220.863999999997,0.15508927258017072,669.96,37.30286882798973,70,HIGH RISK,24118.56,0.0,NORMAL,NORMAL,1
2026-09-10 00:19:55,MAITRI,-32.88,33.45,1007.06,72.05,0.0,76.72,0.21,76.98,24990.45,29.15,4999.34,18,0.2197603571428569,-1,ANOMALY,769.8000000000001,6329.098285714279,0.12162870052714361,670.5600000000001,37.26802970651396,70,HIGH RISK,24140.160000000003,0.0,NORMAL,NORMAL,0
2026-09-10 00:19:55,BHARATI,-26.3,18.2,1001.54,72.0,0.0,71.82,0.2,78.45,24990.41,27.29,4999.31,23,0.20716666666666697,-1,ANOMALY,784.5,5966.400000000008,0.131486323411102,669.96,37.30134634903576,70,HIGH RISK,24118.56,0.0,NORMAL,NORMAL,1
2026-09-10 00:19:58,MAITRI,-32.63,36.91,1002.52,68.1,0.0,78.46,0.22,76.46,24991.39,29.82,4999.4,23,0.22093952380952347,-1,ANOMALY,764.5999999999999,6363.058285714275,0.12016234421686912,670.5600000000001,37.26943151992364,70,HIGH RISK,24140.160000000003,0.0,NORMAL,NORMAL,0
2026-09-10 00:19:58,BHARATI,-32.16,35.8,1007.17,63.77,0.0,81.97,0.23,75.41,24991.38,31.15,4999.39,33,0.22216488095238063,-1,ANOMALY,754.1,6398.348571428562,0.11785853671170526,669.96,37.30279419666846,70,HIGH RISK,24118.56,0.0,NORMAL,NORMAL,1
2026-09-10 00:20:00,MAITRI,-24.16,15.82,991.59,62.14,0.0,68.77,0.19,79.37,24990.41,26.13,4999.33,21,0.19407660714285718,-1,ANOMALY,793.7,5589.406285714286,0.14200077064152278,670.5600000000001,37.2679700548795,70,HIGH RISK,24140.160000000003,0.0,NORMAL,NORMAL,0
2026-09-10 00:20:00,BHARATI,-16.33,31.13,999.97,64.12,0.0,64.14,0.18,80.76,24990.37,24.37,4999.31,30,0.18080458333333327,-1,ANOMALY,807.6000000000001,5207.171999999998,0.15509378219117795,669.96,37.30128664397874,70,HIGH RISK,24118.56,0.0,NORMAL,NORMAL,1
2026-09-10 00:20:03,BHARATI,-23.52,34.53,1008.34,75.38,0.0,66.1,0.18,80.17,24991.35,25.12,4999.39,16,0.18772041666666653,-1,ANOMALY,801.6999999999999,5406.347999999996,0.1482886414267081,669.96,37.30274941787569,70,HIGH RISK,24118.56,0.0,NORMAL,NORMAL,1
2026-09-10 00:20:03,MAITRI,-26.28,10.31,1014.38,67.03,0.0,74.59,0.21,77.62,24991.35,28.34,4999.4,30,0.20930833333333382,-1,ANOMALY,776.2,6028.080000000014,0.128764050908415,670.5600000000001,37.269371868289184,70,HIGH RISK,24140.160000000003,0.0,NORMAL,NORMAL,0
2026-09-10 00:20:05,BHARATI,-28.23,24.75,1007.56,60.47,0.0,73.04,0.2,78.09,24990.34,27.76,4999.3,21,0.20462500000000008,-1,ANOMALY,780.9000000000001,5893.200000000003,0.13250865404194662,669.96,37.30124186518598,70,HIGH RISK,24118.56,0.0,NORMAL,NORMAL,1
2026-09-10 00:20:05,MAITRI,-22.88,36.37,1005.43,76.68,0.0,72.63,0.2,78.21,24990.38,27.6,4999.33,34,0.19143833333333343,-1,ANOMALY,782.0999999999999,5513.424000000003,0.14185377362597174,670.5600000000001,37.26792531615366,70,HIGH RISK,24140.160000000003,0.0,NORMAL,NORMAL,0
2026-09-10 12:23:27,MAITRI,-33.12,31.66,1001.16,51.48,800.0,80.57,0.22,100.0,24999.96,30.62,5000.0,27,0.22021999999999964,-1,ANOMALY,1000.0,6342.335999999989,0.157670612216067,670.5600000000001,37.28221188260558,70,HIGH RISK,24140.160000000003,0.0,NORMAL,NORMAL,0
2026-09-10 12:23:27,BHARATI,-21.43,11.23,1004.55,64.48,800.0,65.9,0.18,100.0,24999.97,25.04,5000.0,21,0.1680841269841272,-1,ANOMALY,1000.0,4840.822857142863,0.2065764498125464,669.96,37.31561585766315,70,HIGH RISK,24118.56,0.0,NORMAL,NORMAL,1
2026-09-10 12:23:32,MAITRI,-15.11,22.3,1013.65,75.3,800.0,61.67,0.17,100.0,24999.92,23.43,4999.99,27,0.1658362103174606,-1,ANOMALY,1000.0,4776.082857142865,0.20937660210489256,670.5600000000001,37.28215223097112,70,HIGH RISK,24140.160000000003,0.0,NORMAL,NORMAL,0
2026-09-10 12:23:32,BHARATI,-17.45,10.84,1003.37,50.92,800.0,63.32,0.18,100.0,24999.93,24.06,4999.99,25,0.16772829365079392,-1,ANOMALY,1000.0,4830.574857142865,0.20701469898998087,669.96,37.31555615260613,70,HIGH RISK,24118.56,0.0,NORMAL,NORMAL,1
2026-09-10 12:23:37,MAITRI,-25.37,14.96,989.69,62.31,800.0,73.64,0.2,100.0,24999.89,27.98,4999.99,30,0.18801559523809533,-1,ANOMALY,1000.0,5414.849142857145,0.18467735178165093,670.5600000000001,37.28210749224528,70,HIGH RISK,24140.160000000003,0.0,NORMAL,NORMAL,0
2026-09-10 12:23:37,BHARATI,-31.14,23.8,993.4,57.69,800.0,78.9,0.22,100.0,24999.89,29.98,4999.99,28,0.2194961904761901,-1,ANOMALY,1000.0,6321.490285714275,0.15819054602675997,669.96,37.3154964475491,70,HIGH RISK,24118.56,0.0,NORMAL,NORMAL,1
2026-09-10 12:23:42,MAITRI,-25.12,44.56,1000.34,60.97,800.0,70.98,0.2,100.0,24999.85,26.97,4999.99,24,0.1843341666666667,-1,ANOMALY,1000.0,5308.8240000000005,0.18836563427229833,670.5600000000001,37.28204784061083,70,HIGH RISK,24140.160000000003,0.0,NORMAL,NORMAL,0
2026-09-10 12:23:42,BHARATI,-36.8,58.12,962.79,86.19,0.0,96.85,0.23,55.94,24999.84,36.8,4999.99,19,0.23472335317460297,-1,ANOMALY,559.4,6760.0325714285655,0.08275108057382993,669.96,37.31542181622783,70,HIGH RISK,24118.56,0.0,NORMAL,NORMAL,1
2026-09-10 12:23:47,BHARATI,-27.84,59.42,982.75,86.97,800.0,98.25,0.2,100.0,24999.79,37.34,4999.99,16,0.2004733333333334,-1,ANOMALY,1000.0,5773.632000000001,0.1732012016006562,669.96,37.315347184906564,70,HIGH RISK,24118.56,0.0,NORMAL,NORMAL,1
2026-09-10 12:23:47,MAITRI,-19.91,14.95,985.41,61.15,800.0,62.31,0.17,100.0,24999.82,23.68,4999.99,16,0.16707579365079384,-1,ANOMALY,1000.0,4811.782857142862,0.20782317691571384,670.5600000000001,37.28200310188499,70,HIGH RISK,24140.160000000003,0.0,NORMAL,NORMAL,0
2026-09-10 12:23:52,MAITRI,-24.14,53.3,990.58,81.28,800.0,94.51,0.19,100.0,24999.77,35.91,4999.98,19,0.17839583333333323,-1,ANOMALY,1000.0,5137.7999999999965,0.19463583635018894,670.5600000000001,37.28192853734192,70,HIGH RISK,24140.160000000003,0.0,NORMAL,NORMAL,0
2026-09-10 12:23:52,BHARATI,-27.76,28.46,985.73,54.27,800.0,74.94,0.21,100.0,24999.75,28.48,4999.98,27,0.20395666666666695,1,NORMAL,1000.0,5873.952000000008,0.17024313443487427,669.96,37.315287479849545,30,LOW RISK,24118.56,0.0,NORMAL,NORMAL,1
2026-09-10 12:23:57,MAITRI,-23.24,18.44,999.09,60.42,800.0,72.61,0.2,100.0,24999.73,27.59,4999.98,33,0.17584083333333347,-1,ANOMALY,1000.0,5064.216000000004,0.19746393123831985,670.5600000000001,37.28186888570747,70,HIGH RISK,24140.160000000003,0.0,NORMAL,NORMAL,0
2026-09-10 12:23:57,BHARATI,-34.72,11.75,1000.09,64.65,800.0,83.86,0.23,100.0,24999.7,31.86,4999.98,31,0.22566285714285697,-1,ANOMALY,1000.0,6499.090285714281,0.15386768855913735,669.96,37.31521284852827,70,HIGH RISK,24118.56,0.0,NORMAL,NORMAL,1
2026-09-10 12:24:02,MAITRI,-15.45,14.54,990.47,64.59,800.0,64.83,0.18,100.0,24999.69,24.63,4999.98,34,0.1660003769841273,-1,ANOMALY,1000.0,4780.810857142866,0.20916953836521895,670.5600000000001,37.28180923407301,70,HIGH RISK,24140.160000000003,0.0,NORMAL,NORMAL,0
2026-09-10 12:24:02,BHARATI,-37.62,57.2,983.02,76.82,800.0,96.47,0.22,100.0,24999.65,36.66,4999.98,15,0.2344062698412697,-1,ANOMALY,1000.0,6750.900571428567,0.1481283851568249,669.96,37.315138217207,70,HIGH RISK,24118.56,0.0,NORMAL,NORMAL,1
2026-09-10 12:24:07,MAITRI,-23.39,43.45,996.07,77.23,800.0,69.56,0.19,100.0,24999.66,26.43,4999.97,25,0.1756533333333334,-1,ANOMALY,1000.0,5058.816000000002,0.19767471281817717,670.5600000000001,37.28176449534717,70,HIGH RISK,24140.160000000003,0.0,NORMAL,NORMAL,0
2026-09-10 12:24:07,BHARATI,-24.29,41.03,1012.76,74.6,800.0,68.51,0.19,100.0,24999.62,26.03,4999.98,20,0.17859166666666657,-1,ANOMALY,1000.0,5143.439999999997,0.19442240990465537,669.96,37.31509343841423,70,HIGH RISK,24118.56,0.0,NORMAL,NORMAL,1
2026-09-10 12:24:12,MAITRI,-27.55,34.57,998.84,77.98,800.0,73.53,0.2,100.0,24999.62,27.94,4999.97,24,0.20327750000000022,1,NORMAL,1000.0,5854.392000000006,0.17081193059842917,670.5600000000001,37.28170484371271,30,LOW RISK,24140.160000000003,0.0,NORMAL,NORMAL,0
2026-09-10 12:24:12,BHARATI,-18.67,40.77,996.28,52.99,800.0,65.41,0.18,100.0,24999.58,24.86,4999.97,27,0.16824876984127005,-1,ANOMALY,1000.0,4845.564571428577,0.2063743007154228,669.96,37.31503373335722,70,HIGH RISK,24118.56,0.0,NORMAL,NORMAL,1
2026-09-10 12:24:17,BHARATI,-16.29,29.24,990.01,60.49,800.0,63.31,0.18,100.0,24999.55,24.06,4999.97,28,0.16712501984127012,-1,ANOMALY,1000.0,4813.200571428579,0.20776196320096332,669.96,37.31498895456445,70,HIGH RISK,24118.56,0.0,NORMAL,NORMAL,1
2026-09-10 12:24:17,MAITRI,-32.24,15.68,1010.21,50.82,800.0,77.26,0.21,100.0,24999.58,29.36,4999.97,21,0.2181416666666663,-1,ANOMALY,1000.0,6282.479999999989,0.1591728107371614,670.5600000000001,37.281645192078265,70,HIGH RISK,24140.160000000003,0.0,NORMAL,NORMAL,0
2026-09-10 12:24:22,MAITRI,-20.18,56.45,972.64,73.95,800.0,98.54,0.18,100.0,24999.53,37.44,4999.97,23,0.16856293650793672,-1,ANOMALY,1000.0,4854.612571428577,0.20598966143774639,670.5600000000001,37.28157062753519,70,HIGH RISK,24140.160000000003,0.0,NORMAL,NORMAL,0
2026-09-10 12:24:22,BHARATI,-33.01,32.95,1012.49,58.14,800.0,75.66,0.21,100.0,24999.51,28.75,4999.97,15,0.21937916666666624,-1,ANOMALY,1000.0,6318.119999999988,0.15827492988420636,669.96,37.31492924950743,70,HIGH RISK,24118.56,0.0,NORMAL,NORMAL,1
2026-09-10 12:24:27,MAITRI,-33.02,59.48,972.03,75.08,800.0,92.75,0.22,100.0,24999.48,35.24,4999.96,25,0.22039583333333299,-1,ANOMALY,1000.0,6347.39999999999,0.1575448215017175,670.5600000000001,37.28149606299212,70,HIGH RISK,24140.160000000003,0.0,NORMAL,NORMAL,0
2026-09-10 12:24:27,BHARATI,-18.66,25.63,1005.47,69.14,800.0,61.4,0.17,100.0,24999.48,23.33,4999.97,17,0.16731543650793668,-1,ANOMALY,1000.0,4818.6845714285755,0.20752551555860277,669.96,37.31488447071467,70,HIGH RISK,24118.56,0.0,NORMAL,NORMAL,1
2026-09-10 12:24:32,MAITRI,-25.96,26.65,1007.41,69.26,800.0,74.66,0.21,100.0,24999.44,28.37,4999.96,31,0.20387333333333366,1,NORMAL,1000.0,5871.552000000009,0.17031272140653758,670.5600000000001,37.28143641135767,30,LOW RISK,24140.160000000003,0.0,NORMAL,NORMAL,0
2026-09-10 12:24:32,BHARATI,-22.32,24.57,1001.07,67.51,800.0,67.63,0.19,100.0,24999.44,25.7,4999.96,23,0.16909162698412722,1,NORMAL,1000.0,4869.838857142864,0.2053456036914331,669.96,37.31482476565765,30,LOW RISK,24118.56,0.0,NORMAL,NORMAL,1
2026-09-10 12:24:37,MAITRI,-39.41,78.59,953.85,92.69,0.0,93.56,0.23,56.93,24999.39,35.55,4999.96,19,0.24014930555555536,-1,ANOMALY,569.3000000000001,6916.299999999994,0.08231279730491746,670.5600000000001,37.2813618468146,70,HIGH RISK,24140.160000000003,0.0,NORMAL,NORMAL,0
2026-09-10 12:24:37,BHARATI,-16.48,39.15,1003.03,60.53,800.0,60.31,0.17,100.0,24999.41,22.92,4999.96,20,0.16608335317460338,-1,ANOMALY,1000.0,4783.200571428577,0.20906503607088642,669.96,37.314779986864885,70,HIGH RISK,24118.56,0.0,NORMAL,NORMAL,1
2026-09-10 12:24:42,BHARATI,-33.24,32.73,999.18,57.39,800.0,81.5,0.23,100.0,24999.37,30.97,4999.96,29,0.22119988095238063,-1,ANOMALY,1000.0,6370.556571428562,0.15697215600987208,669.96,37.314720281807865,70,HIGH RISK,24118.56,0.0,NORMAL,NORMAL,1
2026-09-10 12:24:42,MAITRI,-24.18,27.79,1007.99,77.36,800.0,67.99,0.19,100.0,24999.35,25.84,4999.95,19,0.1780708333333332,1,NORMAL,1000.0,5128.439999999996,0.19499106940902122,670.5600000000001,37.281302195180146,30,LOW RISK,24140.160000000003,0.0,NORMAL,NORMAL,0
2026-09-10 12:24:47,MAITRI,-28.65,43.77,1000.27,50.68,800.0,75.48,0.21,100.0,24999.31,28.68,4999.95,26,0.2034650000000002,1,NORMAL,1000.0,5859.792000000005,0.1706545215256786,670.5600000000001,37.281242543545694,30,LOW RISK,24140.160000000003,0.0,NORMAL,NORMAL,0
2026-09-10 12:24:47,BHARATI,-27.3,13.87,991.96,50.21,800.0,70.46,0.2,100.0,24999.33,26.78,4999.96,17,0.2008191666666668,-1,ANOMALY,1000.0,5783.592000000003,0.1729029295289155,669.96,37.31466057675085,70,HIGH RISK,24118.56,0.0,NORMAL,NORMAL,1
2026-09-10 12:24:52,MAITRI,-20.98,42.8,985.79,79.01,800.0,65.43,0.18,100.0,24999.28,24.86,4999.95,21,0.16821293650793667,-1,ANOMALY,1000.0,4844.5325714285755,0.20641826332176272,670.5600000000001,37.28119780481985,70,HIGH RISK,24140.160000000003,0.0,NORMAL,NORMAL,0
2026-09-10 12:24:53,BHARATI,-28.73,43.73,977.53,87.42,800.0,96.54,0.21,100.0,24999.28,36.69,4999.95,25,0.20319000000000018,1,NORMAL,1000.0,5851.872000000005,0.17088548758414387,669.96,37.31458594542958,30,LOW RISK,24118.56,0.0,NORMAL,NORMAL,1
2026-09-10 12:24:58,MAITRI,-25.14,37.87,1005.5,50.67,800.0,73.79,0.2,100.0,24999.24,28.04,4999.95,31,0.18477333333333334,-1,ANOMALY,1000.0,5321.472,0.18791792947515276,670.5600000000001,37.281138153185395,70,HIGH RISK,24140.160000000003,0.0,NORMAL,NORMAL,0
2026-09-10 12:24:58,BHARATI,-29.77,58.28,994.1,80.41,800.0,97.51,0.2,100.0,24999.23,37.06,4999.95,15,0.20104535714285718,-1,ANOMALY,1000.0,5790.106285714286,0.17270840130642556,669.96,37.3145113141083,70,HIGH RISK,24118.56,0.0,NORMAL,NORMAL,1
2026-09-10 12:25:03,MAITRI,-17.99,12.91,1000.92,67.32,800.0,61.89,0.17,100.0,24999.21,23.52,4999.94,20,0.16685829365079385,-1,ANOMALY,1000.0,4805.5188571428625,0.20809407469364366,670.5600000000001,37.281093414459555,70,HIGH RISK,24140.160000000003,0.0,NORMAL,NORMAL,0
2026-09-10 12:25:03,BHARATI,-25.88,27.74,1012.49,74.56,800.0,70.58,0.2,100.0,24999.19,26.82,4999.95,21,0.19993416666666672,-1,ANOMALY,1000.0,5758.104000000001,0.17366827691893022,669.96,37.31445160905128,70,HIGH RISK,24118.56,0.0,NORMAL,NORMAL,1
2026-09-10 12:25:08,BHARATI,-34.78,34.35,1013.48,64.94,800.0,83.92,0.23,100.0,24999.14,31.89,4999.95,31,0.22630583333333332,-1,ANOMALY,1000.0,6517.607999999998,0.15343052236341925,669.96,37.314376977730014,70,HIGH RISK,24118.56,0.0,NORMAL,NORMAL,1
2026-09-10 12:25:08,MAITRI,-17.19,20.88,998.91,74.38,800.0,61.45,0.17,100.0,24999.17,23.35,4999.94,21,0.1677082936507939,-1,ANOMALY,1000.0,4829.998857142864,0.2070393864630311,670.5600000000001,37.281033762825096,70,HIGH RISK,24140.160000000003,0.0,NORMAL,NORMAL,0
2026-09-10 12:25:13,BHARATI,-21.28,15.72,1008.65,63.38,800.0,66.54,0.18,100.0,24999.11,25.29,4999.94,23,0.1688016269841272,-1,ANOMALY,1000.0,4861.486857142863,0.20569838598467557,669.96,37.31433219893725,70,HIGH RISK,24118.56,0.0,NORMAL,NORMAL,1
2026-09-10 12:25:13,MAITRI,-15.96,41.36,990.56,54.6,800.0,61.76,0.17,100.0,24999.14,23.47,4999.94,25,0.1667875198412701,-1,ANOMALY,1000.0,4803.4805714285785,0.2081823763268798,670.5600000000001,37.280989024099256,70,HIGH RISK,24140.160000000003,0.0,NORMAL,NORMAL,0
2026-09-10 12:25:18,MAITRI,-28.99,59.28,978.92,87.09,800.0,98.64,0.21,100.0,24999.09,37.48,4999.94,21,0.2000358333333333,-1,ANOMALY,1000.0,5761.031999999999,0.17358001135907597,670.5600000000001,37.280914459556186,70,HIGH RISK,24140.160000000003,0.0,NORMAL,NORMAL,0
2026-09-10 12:25:18,BHARATI,-21.33,38.53,975.3,79.67,800.0,97.09,0.2,100.0,24999.06,36.89,4999.94,33,0.16897543650793673,-1,ANOMALY,1000.0,4866.492571428577,0.2054868029329892,669.96,37.314257567615975,70,HIGH RISK,24118.56,0.0,NORMAL,NORMAL,1
2026-09-10 12:25:23,MAITRI,-34.94,26.96,1008.93,72.33,800.0,78.08,0.22,100.0,24999.05,29.67,4999.93,16,0.2246280952380952,-1,ANOMALY,1000.0,6469.289142857142,0.15457648868641433,670.5600000000001,37.280854807921735,70,HIGH RISK,24140.160000000003,0.0,NORMAL,NORMAL,0
2026-09-10 12:25:23,BHARATI,-22.52,11.36,989.11,56.31,800.0,65.85,0.18,100.0,24999.02,25.02,4999.94,18,0.16768746031746048,-1,ANOMALY,1000.0,4829.398857142862,0.20706510884288684,669.96,37.314197862558956,70,HIGH RISK,24118.56,0.0,NORMAL,NORMAL,1
2026-09-10 12:25:28,MAITRI,-21.6,15.98,1013.78,71.25,800.0,69.68,0.19,100.0,24999.01,26.48,4999.93,30,0.16883912698412726,-1,ANOMALY,1000.0,4862.566857142865,0.20565269936207675,670.5600000000001,37.280795156287276,70,HIGH RISK,24140.160000000003,0.0,NORMAL,NORMAL,0
2026-09-10 12:25:28,BHARATI,-18.75,39.2,1001.6,54.29,800.0,60.69,0.17,100.0,24998.99,23.06,4999.94,15,0.16713210317460334,-1,ANOMALY,1000.0,4813.404571428576,0.20775315790735804,669.96,37.31415308376619,70,HIGH RISK,24118.56,0.0,NORMAL,NORMAL,1
2026-09-10 12:25:33,MAITRI,-20.08,11.35,1014.23,55.86,800.0,63.28,0.18,100.0,24998.98,24.05,4999.93,18,0.16729329365079385,-1,ANOMALY,1000.0,4818.046857142862,0.2075529835326275,670.5600000000001,37.280750417561435,70,HIGH RISK,24140.160000000003,0.0,NORMAL,NORMAL,0
2026-09-10 12:25:33,BHARATI,-17.83,17.63,985.35,79.29,800.0,60.53,0.17,100.0,24998.96,23.0,4999.93,17,0.16696246031746054,-1,ANOMALY,1000.0,4808.5188571428625,0.20796424631142707,669.96,37.31410830497343,70,HIGH RISK,24118.56,0.0,NORMAL,NORMAL,1
2026-09-10 12:25:38,BHARATI,-33.42,13.82,1009.07,74.02,800.0,77.69,0.22,100.0,24998.92,29.52,4999.93,19,0.2198520238095235,-1,ANOMALY,1000.0,6331.738285714277,0.15793451258972735,669.96,37.31404859991641,70,HIGH RISK,24118.56,0.0,NORMAL,NORMAL,1
2026-09-10 12:25:38,MAITRI,-31.0,42.59,997.67,54.47,800.0,79.55,0.22,100.0,24998.93,30.23,4999.92,30,0.22045654761904734,-1,ANOMALY,1000.0,6349.148571428563,0.15750143326304292,670.5600000000001,37.28067585301837,70,HIGH RISK,24140.160000000003,0.0,NORMAL,NORMAL,0
2026-09-10 12:25:43,MAITRI,-17.83,23.6,1002.51,58.52,800.0,61.72,0.17,100.0,24998.9,23.45,4999.92,20,0.16697912698412717,-1,ANOMALY,1000.0,4808.998857142862,0.2079434888021835,670.5600000000001,37.28063111429253,70,HIGH RISK,24140.160000000003,0.0,NORMAL,NORMAL,0
2026-09-10 12:25:43,BHARATI,-36.14,58.7,983.48,77.71,800.0,92.07,0.23,100.0,24998.87,34.99,4999.93,27,0.23159966269841256,-1,ANOMALY,1000.0,6670.0702857142805,0.14992345764957896,669.96,37.313973968595135,70,HIGH RISK,24118.56,0.0,NORMAL,NORMAL,1
2026-09-10 12:25:48,MAITRI,-31.24,52.15,990.0,76.48,800.0,92.9,0.21,100.0,24998.85,35.3,4999.92,19,0.21859785714285684,-1,ANOMALY,1000.0,6295.618285714277,0.15884063401193704,670.5600000000001,37.280556549749456,70,HIGH RISK,24140.160000000003,0.0,NORMAL,NORMAL,0
2026-09-10 12:25:48,BHARATI,-23.69,36.05,993.79,51.01,800.0,69.47,0.19,100.0,24998.83,26.4,4999.93,24,0.1777875000000001,-1,ANOMALY,1000.0,5120.2800000000025,0.19530181943174973,669.96,37.31391426353812,70,HIGH RISK,24118.56,0.0,NORMAL,NORMAL,1
2026-09-10 12:25:53,MAITRI,-23.79,40.76,1002.37,50.59,800.0,69.98,0.19,100.0,24998.82,26.59,4999.92,25,0.17792916666666678,-1,ANOMALY,1000.0,5124.360000000003,0.1951463207112692,670.5600000000001,37.280511811023615,70,HIGH RISK,24140.160000000003,0.0,NORMAL,NORMAL,0
2026-09-10 12:25:53,BHARATI,-29.91,44.87,991.98,70.37,800.0,92.03,0.21,100.0,24998.78,34.97,4999.92,19,0.20247869047619044,-1,ANOMALY,1000.0,5831.386285714285,0.17148580989220305,669.96,37.31383963221685,70,HIGH RISK,24118.56,0.0,NORMAL,NORMAL,1
2026-09-10 12:25:58,MAITRI,-32.85,33.0,998.09,64.61,800.0,77.49,0.22,100.0,24998.78,29.45,4999.91,20,0.21871452380952353,-1,ANOMALY,1000.0,6298.978285714278,0.1587559052660878,670.5600000000001,37.280452159389164,70,HIGH RISK,24140.160000000003,0.0,NORMAL,NORMAL,0
2026-09-10 12:25:58,BHARATI,-16.08,27.64,992.54,78.47,800.0,59.09,0.16,100.0,24998.75,22.45,4999.92,18,0.16588335317460334,-1,ANOMALY,1000.0,4777.440571428577,0.20931709877889165,669.96,37.313794853424085,70,HIGH RISK,24118.56,0.0,NORMAL,NORMAL,1
2026-09-10 12:26:03,MAITRI,-23.53,30.3,995.2,75.69,800.0,69.31,0.19,100.0,24998.74,26.34,4999.91,24,0.1775125000000001,-1,ANOMALY,1000.0,5112.360000000002,0.1956043784084062,670.5600000000001,37.28039250775471,70,HIGH RISK,24140.160000000003,0.0,NORMAL,NORMAL,0
2026-09-10 12:26:03,BHARATI,-32.04,17.32,1006.68,60.22,800.0,81.85,0.23,100.0,24998.71,31.1,4999.92,33,0.220010714285714,-1,ANOMALY,1000.0,6336.308571428563,0.157820596760259,669.96,37.313735148367066,70,HIGH RISK,24118.56,0.0,NORMAL,NORMAL,1
2026-09-10 12:26:08,BHARATI,-28.22,15.45,989.6,67.87,800.0,73.43,0.2,100.0,24998.67,27.9,4999.91,22,0.20105666666666677,-1,ANOMALY,1000.0,5790.4320000000025,0.1726986863847118,669.96,37.313675443310046,70,HIGH RISK,24118.56,0.0,NORMAL,NORMAL,1
2026-09-10 12:26:08,MAITRI,-44.62,75.34,959.5,87.64,0.0,96.47,0.26,56.06,24998.69,36.66,4999.91,29,0.24703315476190468,-1,ANOMALY,560.6,7114.554857142855,0.07879621582187536,670.5600000000001,37.28031794321164,70,HIGH RISK,24140.160000000003,0.0,NORMAL,NORMAL,0
2026-09-10 12:26:13,BHARATI,-21.63,36.81,998.26,76.5,800.0,64.51,0.18,100.0,24998.64,24.52,4999.91,17,0.16760876984126993,-1,ANOMALY,1000.0,4827.132571428574,0.20716232363679485,669.96,37.313630664517284,70,HIGH RISK,24118.56,0.0,NORMAL,NORMAL,1
2026-09-10 12:26:13,MAITRI,-34.16,16.46,999.58,78.47,800.0,83.66,0.23,100.0,24998.64,31.79,4999.9,32,0.22633416666666664,-1,ANOMALY,1000.0,6518.423999999999,0.15341131537316385,670.5600000000001,37.28024337866857,70,HIGH RISK,24140.160000000003,0.0,NORMAL,NORMAL,0
2026-09-10 12:26:18,MAITRI,-19.03,36.9,987.19,74.41,800.0,62.18,0.17,100.0,24998.61,23.63,4999.9,18,0.16718210317460333,-1,ANOMALY,1000.0,4814.844571428575,0.2076910241161321,670.5600000000001,37.28019863994273,70,HIGH RISK,24140.160000000003,0.0,NORMAL,NORMAL,0
2026-09-10 12:26:18,BHARATI,-44.69,74.73,957.01,87.63,0.0,95.3,0.26,56.41,24998.59,36.21,4999.91,31,0.24686648809523803,-1,ANOMALY,564.0999999999999,7109.754857142855,0.07934169480305972,669.96,37.31355603319601,70,HIGH RISK,24118.56,0.0,NORMAL,NORMAL,1
2026-09-10 12:26:23,MAITRI,-32.07,13.22,1013.25,61.49,800.0,75.87,0.21,100.0,24998.57,28.83,4999.9,18,0.21847285714285689,-1,ANOMALY,1000.0,6292.018285714277,0.15893151522945373,670.5600000000001,37.28013898830827,70,HIGH RISK,24140.160000000003,0.0,NORMAL,NORMAL,0
2026-09-10 12:26:23,BHARATI,-34.94,27.82,1012.69,67.33,800.0,81.69,0.23,100.0,24998.54,31.04,4999.91,25,0.22436976190476185,-1,ANOMALY,1000.0,6461.849142857141,0.15475446391461944,669.96,37.31348140187474,70,HIGH RISK,24118.56,0.0,NORMAL,NORMAL,1
2026-09-10 12:26:28,MAITRI,-27.86,40.32,1002.66,76.28,800.0,71.06,0.2,100.0,24998.53,27.0,4999.9,17,0.2004025,-1,ANOMALY,1000.0,5771.592000000001,0.17326242048987522,670.5600000000001,37.28007933667382,70,HIGH RISK,24140.160000000003,0.0,NORMAL,NORMAL,0
2026-09-10 12:26:28,BHARATI,-23.94,25.05,1007.35,77.23,800.0,66.14,0.18,100.0,24998.51,25.13,4999.9,15,0.17694166666666664,-1,ANOMALY,1000.0,5095.919999999999,0.1962354197083157,669.96,37.31343662308197,70,HIGH RISK,24118.56,0.0,NORMAL,NORMAL,1
2026-09-10 12:26:33,MAITRI,-37.77,69.52,951.21,88.0,0.0,93.26,0.23,57.02,24998.48,35.44,4999.9,17,0.23737138888888867,-1,ANOMALY,570.2,6836.295999999993,0.08340774009785425,670.5600000000001,37.28000477213075,70,HIGH RISK,24140.160000000003,0.0,NORMAL,NORMAL,0
2026-09-10 12:26:33,BHARATI,-16.12,27.28,1003.72,58.72,800.0,60.73,0.17,100.0,24998.48,23.08,4999.9,22,0.16697501984127008,-1,ANOMALY,1000.0,4808.880571428578,0.20794860366077447,669.96,37.31339184428921,70,HIGH RISK,24118.56,0.0,NORMAL,NORMAL,1
2026-09-10 12:26:38,BHARATI,-18.61,21.67,1006.76,58.95,800.0,62.54,0.17,100.0,24998.44,23.77,4999.9,20,0.1672291269841272,-1,ANOMALY,1000.0,4816.198857142863,0.20763262266816676,669.96,37.31333213923219,70,HIGH RISK,24118.56,0.0,NORMAL,NORMAL,1
2026-09-10 12:26:38,MAITRI,-15.46,11.94,994.25,52.03,800.0,59.24,0.16,100.0,24998.45,22.51,4999.89,20,0.1647670436507939,-1,ANOMALY,1000.0,4745.290857142863,0.21073523838791608,670.5600000000001,37.27996003340491,70,HIGH RISK,24140.160000000003,0.0,NORMAL,NORMAL,0
2026-09-10 12:26:43,MAITRI,-31.68,18.3,1000.5,68.43,800.0,74.66,0.21,100.0,24998.41,28.37,4999.89,16,0.2184478571428569,-1,ANOMALY,1000.0,6291.298285714278,0.15894970395390587,670.5600000000001,37.27990038177046,70,HIGH RISK,24140.160000000003,0.0,NORMAL,NORMAL,0
2026-09-10 12:26:43,BHARATI,-32.42,23.0,1007.18,67.81,800.0,78.64,0.22,100.0,24998.4,29.89,4999.9,24,0.21890202380952353,-1,ANOMALY,1000.0,6304.378285714277,0.15861992327871574,669.96,37.313272434175175,70,HIGH RISK,24118.56,0.0,NORMAL,NORMAL,1
2026-09-10 12:26:48,MAITRI,-33.22,24.04,1010.72,72.86,800.0,78.68,0.22,100.0,24998.37,29.9,4999.89,22,0.22025202380952358,-1,ANOMALY,1000.0,6343.258285714279,0.15764768750661012,670.5600000000001,37.279840730136,70,HIGH RISK,24140.160000000003,0.0,NORMAL,NORMAL,0
2026-09-10 12:26:48,BHARATI,-34.35,34.92,991.09,62.48,800.0,84.27,0.23,100.0,24998.36,32.02,4999.89,33,0.22605083333333326,-1,ANOMALY,1000.0,6510.263999999997,0.1536036019430242,669.96,37.313212729118156,70,HIGH RISK,24118.56,0.0,NORMAL,NORMAL,1
2026-09-10 12:26:53,MAITRI,-17.25,27.04,1008.35,73.01,800.0,64.31,0.18,100.0,24998.34,24.44,4999.89,28,0.16832793650793676,-1,ANOMALY,1000.0,4847.844571428579,0.2062772403830011,670.5600000000001,37.27979599141016,70,HIGH RISK,24140.160000000003,0.0,NORMAL,NORMAL,0
2026-09-10 12:26:53,BHARATI,-20.57,33.63,994.67,53.94,800.0,68.6,0.19,100.0,24998.32,26.07,4999.89,30,0.16882543650793672,-1,ANOMALY,1000.0,4862.172571428578,0.20566937625296697,669.96,37.31315302406114,70,HIGH RISK,24118.56,0.0,NORMAL,NORMAL,1
2026-09-10 12:26:58,MAITRI,-16.1,37.43,993.36,52.45,800.0,65.51,0.18,100.0,24998.3,24.89,4999.88,34,0.1671500198412701,-1,ANOMALY,1000.0,4813.920571428578,0.20773088902529196,670.5600000000001,37.2797363397757,70,HIGH RISK,24140.160000000003,0.0,NORMAL,NORMAL,0
2026-09-10 12:26:58,BHARATI,-16.78,35.74,1012.8,76.74,800.0,60.61,0.17,100.0,24998.29,23.03,4999.89,20,0.16678543650793667,-1,ANOMALY,1000.0,4803.420571428576,0.20818497675347047,669.96,37.313108245268374,70,HIGH RISK,24118.56,0.0,NORMAL,NORMAL,1
2026-09-10 12:27:03,MAITRI,-31.75,22.68,999.59,63.41,800.0,74.74,0.21,100.0,24998.26,28.4,4999.88,16,0.21847285714285689,-1,ANOMALY,1000.0,6292.018285714277,0.15893151522945373,670.5600000000001,37.27967668814125,70,HIGH RISK,24140.160000000003,0.0,NORMAL,NORMAL,0
2026-09-10 12:27:03,BHARATI,-28.53,36.88,985.71,57.57,800.0,76.56,0.21,100.0,24998.25,29.09,4999.88,29,0.2038608333333336,-1,ANOMALY,1000.0,5871.192000000007,0.17032316435912823,669.96,37.313048540211355,70,HIGH RISK,24118.56,0.0,NORMAL,NORMAL,1
2026-09-10 12:27:08,BHARATI,-20.69,34.43,1005.14,73.5,800.0,67.13,0.19,100.0,24998.21,25.51,4999.88,26,0.1687379365079367,-1,ANOMALY,1000.0,4859.652571428576,0.20577602725744512,669.96,37.312988835154336,70,HIGH RISK,24118.56,0.0,NORMAL,NORMAL,1
2026-09-10 12:27:08,MAITRI,-22.89,39.19,1009.28,71.94,800.0,69.03,0.19,100.0,24998.23,26.23,4999.88,25,0.17015876984127004,-1,ANOMALY,1000.0,4900.572571428576,0.20405778823279172,670.5600000000001,37.27963194941541,70,HIGH RISK,24140.160000000003,0.0,NORMAL,NORMAL,0
2026-09-10 12:27:13,MAITRI,-26.66,35.3,1009.48,77.6,800.0,71.0,0.2,100.0,24998.19,26.98,4999.88,20,0.2004191666666667,-1,ANOMALY,1000.0,5772.072000000001,0.17324801215230853,670.5600000000001,37.27957229778095,70,HIGH RISK,24140.160000000003,0.0,NORMAL,NORMAL,0
2026-09-10 12:27:13,BHARATI,-25.63,18.49,1011.51,57.13,800.0,75.11,0.21,100.0,24998.17,28.54,4999.88,33,0.19765000000000024,-1,ANOMALY,1000.0,5692.320000000006,0.17567529583719801,669.96,37.31292913009732,70,HIGH RISK,24118.56,0.0,NORMAL,NORMAL,1
2026-09-10 12:27:18,MAITRI,-33.04,11.81,986.48,74.44,800.0,83.29,0.23,100.0,24998.15,31.65,4999.87,34,0.22164821428571407,-1,ANOMALY,1000.0,6383.468571428564,0.15665464454166,670.5600000000001,37.2795126461465,70,HIGH RISK,24140.160000000003,0.0,NORMAL,NORMAL,0
2026-09-10 12:27:19,BHARATI,-34.79,38.43,991.63,78.16,800.0,84.32,0.23,100.0,24998.13,32.04,4999.87,32,0.2262391666666666,-1,ANOMALY,1000.0,6515.687999999998,0.1534757342586079,669.96,37.3128694250403,70,HIGH RISK,24118.56,0.0,NORMAL,NORMAL,1
2026-09-10 12:27:24,MAITRI,-25.6,28.12,994.0,67.59,800.0,70.68,0.2,100.0,24998.11,26.86,4999.87,22,0.1948708333333333,-1,ANOMALY,1000.0,5612.279999999999,0.17818070374250755,670.5600000000001,37.27945299451205,70,HIGH RISK,24140.160000000003,0.0,NORMAL,NORMAL,0
2026-09-10 12:27:24,BHARATI,-16.32,43.25,1000.66,71.51,800.0,62.54,0.17,100.0,24998.1,23.76,4999.87,26,0.16723751984127008,-1,ANOMALY,1000.0,4816.440571428579,0.207622202572593,669.96,37.312824646247535,70,HIGH RISK,24118.56,0.0,NORMAL,NORMAL,1
2026-09-10 12:27:29,MAITRI,-34.43,38.96,1002.05,59.2,800.0,83.55,0.23,100.0,24998.06,31.75,4999.87,31,0.22640916666666663,-1,ANOMALY,1000.0,6520.583999999998,0.15336049654448133,670.5600000000001,37.27937842996898,70,HIGH RISK,24140.160000000003,0.0,NORMAL,NORMAL,0
2026-09-10 12:27:29,BHARATI,-17.29,23.74,1011.03,77.71,800.0,59.56,0.17,100.0,24998.07,22.63,4999.87,16,0.16707496031746052,-1,ANOMALY,1000.0,4811.758857142862,0.20782421349223273,669.96,37.31277986745477,70,HIGH RISK,24118.56,0.0,NORMAL,NORMAL,1
2026-09-10 12:27:34,BHARATI,-25.3,47.71,990.19,76.31,800.0,93.55,0.2,100.0,24998.02,35.55,4999.87,22,0.18570892857142854,-1,ANOMALY,1000.0,5348.417142857141,0.1869712053659668,669.96,37.312705236133496,70,HIGH RISK,24118.56,0.0,NORMAL,NORMAL,1
2026-09-10 12:27:34,MAITRI,-30.05,37.22,986.92,86.16,800.0,93.74,0.21,100.0,24998.02,35.62,4999.86,26,0.21357285714285695,-1,ANOMALY,1000.0,6150.89828571428,0.16257787944933866,670.5600000000001,37.27931877833452,70,HIGH RISK,24140.160000000003,0.0,NORMAL,NORMAL,0
2026-09-10 12:27:39,MAITRI,-27.53,39.99,987.15,72.72,800.0,75.9,0.21,100.0,24997.98,28.84,4999.86,30,0.20395250000000026,-1,ANOMALY,1000.0,5873.832000000008,0.1702466124329056,670.5600000000001,37.27925912670007,70,HIGH RISK,24140.160000000003,0.0,NORMAL,NORMAL,0
2026-09-10 12:27:39,BHARATI,-30.93,29.36,996.47,75.17,800.0,79.47,0.22,100.0,24997.97,30.2,4999.86,30,0.2190665476190474,-1,ANOMALY,1000.0,6309.116571428564,0.1585007962174285,669.96,37.31263060481223,70,HIGH RISK,24118.56,0.0,NORMAL,NORMAL,1
2026-09-10 12:27:44,MAITRI,-32.82,52.27,988.98,71.4,800.0,95.21,0.23,100.0,24997.93,36.18,4999.86,29,0.22055654761904736,-1,ANOMALY,1000.0,6352.028571428564,0.15743002235506337,670.5600000000001,37.279184562157,70,HIGH RISK,24140.160000000003,0.0,NORMAL,NORMAL,0
2026-09-10 12:27:44,BHARATI,-21.97,32.62,986.25,70.73,800.0,65.67,0.18,100.0,24997.94,24.95,4999.86,19,0.16778626984126993,-1,ANOMALY,1000.0,4832.244571428573,0.20694316796642737,669.96,37.31258582601946,70,HIGH RISK,24118.56,0.0,NORMAL,NORMAL,1
2026-09-10 12:27:49,MAITRI,-32.74,13.61,1007.49,60.15,800.0,77.77,0.22,100.0,24997.88,29.55,4999.85,21,0.21847285714285689,-1,ANOMALY,1000.0,6292.018285714277,0.15893151522945373,670.5600000000001,37.279109997613936,70,HIGH RISK,24140.160000000003,0.0,NORMAL,NORMAL,0
2026-09-10 12:27:49,BHARATI,-29.98,53.28,985.27,77.98,800.0,95.54,0.21,100.0,24997.89,36.31,4999.86,21,0.20230369047619046,-1,ANOMALY,1000.0,5826.346285714285,0.17163415131227552,669.96,37.31251119469819,70,HIGH RISK,24118.56,0.0,NORMAL,NORMAL,1
2026-09-10 12:27:54,MAITRI,-24.2,15.32,1007.52,51.1,800.0,73.21,0.2,100.0,24997.85,27.82,4999.85,32,0.18012500000000004,-1,ANOMALY,1000.0,5187.6,0.19276736833988742,670.5600000000001,37.27906525888809,70,HIGH RISK,24140.160000000003,0.0,NORMAL,NORMAL,0
2026-09-10 12:27:54,BHARATI,-17.54,30.31,1011.1,58.16,800.0,59.42,0.17,100.0,24997.86,22.58,4999.86,15,0.16698210317460332,-1,ANOMALY,1000.0,4809.084571428575,0.20793978254013995,669.96,37.312466415905426,70,HIGH RISK,24118.56,0.0,NORMAL,NORMAL,1
2026-09-10 12:27:59,BHARATI,-27.65,27.84,995.82,63.97,800.0,72.43,0.2,100.0,24997.82,27.52,4999.85,21,0.2006191666666667,-1,ANOMALY,1000.0,5777.832,0.17307529883181094,669.96,37.31240671084841,70,HIGH RISK,24118.56,0.0,NORMAL,NORMAL,1
2026-09-10 12:27:59,MAITRI,-25.11,55.93,984.99,83.09,800.0,96.24,0.19,100.0,24997.79,36.57,4999.85,20,0.1825983333333332,-1,ANOMALY,1000.0,5258.831999999996,0.19015629326055686,670.5600000000001,37.27897578143641,70,HIGH RISK,24140.160000000003,0.0,NORMAL,NORMAL,0
2026-09-10 12:28:04,BHARATI,-26.26,44.76,995.9,75.55,800.0,70.57,0.2,100.0,24997.78,26.82,4999.85,20,0.2003941666666667,-1,ANOMALY,1000.0,5771.352000000001,0.17326962555740835,669.96,37.31234700579139,70,HIGH RISK,24118.56,0.0,NORMAL,NORMAL,1
2026-09-10 12:28:04,MAITRI,-19.91,42.7,1000.25,58.54,800.0,66.31,0.18,100.0,24997.76,25.2,4999.84,26,0.1685379365079367,-1,ANOMALY,1000.0,4853.892571428577,0.2060202168227395,670.5600000000001,37.27893104271057,70,HIGH RISK,24140.160000000003,0.0,NORMAL,NORMAL,0
2026-09-10 12:28:09,MAITRI,-35.43,37.38,983.56,74.67,800.0,95.52,0.23,100.0,24997.71,36.3,4999.84,29,0.2316643055555554,-1,ANOMALY,1000.0,6671.931999999994,0.14988162349376474,670.5600000000001,37.2788564781675,70,HIGH RISK,24140.160000000003,0.0,NORMAL,NORMAL,0
2026-09-10 12:28:09,BHARATI,-28.99,43.69,998.76,60.55,800.0,78.24,0.22,100.0,24997.74,29.73,4999.85,32,0.20375250000000025,-1,ANOMALY,1000.0,5868.072000000007,0.17041372362165952,669.96,37.312287300734376,70,HIGH RISK,24118.56,0.0,NORMAL,NORMAL,1
2026-09-10 12:28:14,MAITRI,-15.46,37.8,1005.54,67.94,800.0,64.83,0.18,100.0,24997.67,24.63,4999.84,34,0.16631585317460346,-1,ANOMALY,1000.0,4789.896571428579,0.20877277517116652,670.5600000000001,37.27879682653304,70,HIGH RISK,24140.160000000003,0.0,NORMAL,NORMAL,0
2026-09-10 12:28:14,BHARATI,-36.12,75.68,962.66,95.83,0.0,92.55,0.22,57.24,24997.69,35.17,4999.85,16,0.23422263888888867,-1,ANOMALY,572.4,6745.611999999993,0.08485516214095927,669.96,37.31221266941309,70,HIGH RISK,24118.56,0.0,NORMAL,NORMAL,1
2026-09-10 12:28:19,MAITRI,-20.35,37.59,993.08,88.02,800.0,92.77,0.18,100.0,24997.63,35.25,4999.84,21,0.1682629365079367,-1,ANOMALY,1000.0,4845.972571428576,0.20635692531482971,670.5600000000001,37.27873717489859,70,HIGH RISK,24140.160000000003,0.0,NORMAL,NORMAL,0
2026-09-10 12:28:19,BHARATI,-28.08,14.35,992.95,74.33,800.0,70.89,0.2,100.0,24997.65,26.94,4999.84,16,0.20073583333333342,-1,ANOMALY,1000.0,5781.192000000003,0.17297470833004674,669.96,37.31215296435608,70,HIGH RISK,24118.56,0.0,NORMAL,NORMAL,1
2026-09-10 12:28:24,MAITRI,-30.48,12.07,1006.6,75.19,800.0,73.8,0.21,100.0,24997.59,28.04,4999.83,17,0.21732369047619024,-1,ANOMALY,1000.0,6258.922285714278,0.15977191509190922,670.5600000000001,37.278677523264136,70,HIGH RISK,24140.160000000003,0.0,NORMAL,NORMAL,0
2026-09-10 12:28:24,BHARATI,-23.49,41.49,989.13,56.57,800.0,66.86,0.19,100.0,24997.62,25.41,4999.84,18,0.17664999999999995,-1,ANOMALY,1000.0,5087.519999999999,0.19655942384501687,669.96,37.31210818556331,70,HIGH RISK,24118.56,0.0,NORMAL,NORMAL,1
2026-09-10 12:28:29,MAITRI,-19.8,12.38,1009.38,79.23,800.0,65.79,0.18,100.0,24997.55,25.0,4999.83,25,0.1684057936507939,-1,ANOMALY,1000.0,4850.086857142864,0.2061818745631887,670.5600000000001,37.27861787162968,70,HIGH RISK,24140.160000000003,0.0,NORMAL,NORMAL,0
2026-09-10 12:28:29,BHARATI,-30.15,12.52,1006.22,58.43,800.0,73.05,0.2,100.0,24997.58,27.76,4999.84,16,0.21371035714285694,-1,ANOMALY,1000.0,6154.858285714279,0.16247327778789772,669.96,37.3120484805063,70,HIGH RISK,24118.56,0.0,NORMAL,NORMAL,1
2026-09-10 12:28:34,BHARATI,-31.46,41.01,998.36,67.14,800.0,77.24,0.21,100.0,24997.54,29.35,4999.84,23,0.21897702380952347,-1,ANOMALY,1000.0,6306.538285714275,0.158565595687451,669.96,37.31198877544928,70,HIGH RISK,24118.56,0.0,NORMAL,NORMAL,1
2026-09-10 12:28:34,MAITRI,-34.58,32.68,987.92,60.49,800.0,82.51,0.23,100.0,24997.51,31.35,4999.83,28,0.2259416666666667,-1,ANOMALY,1000.0,6507.120000000001,0.15367781752910656,670.5600000000001,37.27855821999522,70,HIGH RISK,24140.160000000003,0.0,NORMAL,NORMAL,0
2026-09-10 12:28:39,MAITRI,-21.96,46.06,990.86,76.24,800.0,96.41,0.18,100.0,24997.46,36.64,4999.82,18,0.16774460317460327,-1,ANOMALY,1000.0,4831.044571428574,0.20699457130123164,670.5600000000001,37.278483655452156,70,HIGH RISK,24140.160000000003,0.0,NORMAL,NORMAL,0
2026-09-10 12:28:39,BHARATI,-16.22,36.42,1011.26,57.44,800.0,63.23,0.18,100.0,24997.51,24.03,4999.83,28,0.1671125198412701,-1,ANOMALY,1000.0,4812.840571428578,0.20777750377531695,669.96,37.31194399665651,70,HIGH RISK,24118.56,0.0,NORMAL,NORMAL,1
2026-09-10 12:28:44,MAITRI,-29.85,37.55,990.09,52.83,800.0,79.14,0.22,100.0,24997.42,30.07,4999.82,32,0.2046036904761907,-1,ANOMALY,1000.0,5892.586285714291,0.16970476994530448,670.5600000000001,37.2784240038177,70,HIGH RISK,24140.160000000003,0.0,NORMAL,NORMAL,0
2026-09-10 12:28:44,BHARATI,-24.49,16.98,991.52,61.59,800.0,68.31,0.19,100.0,24997.47,25.96,4999.83,19,0.17901999999999998,-1,ANOMALY,1000.0,5155.775999999999,0.19395722389801268,669.96,37.3118842915995,70,HIGH RISK,24118.56,0.0,NORMAL,NORMAL,1
2026-09-10 12:28:49,MAITRI,-23.54,19.15,993.33,57.55,800.0,68.11,0.19,100.0,24997.38,25.88,4999.82,21,0.17736666666666676,-1,ANOMALY,1000.0,5108.160000000002,0.1957652070412829,670.5600000000001,37.278364352183246,70,HIGH RISK,24140.160000000003,0.0,NORMAL,NORMAL,0
2026-09-10 12:28:49,BHARATI,-26.65,40.94,988.6,74.07,800.0,94.12,0.2,100.0,24997.42,35.76,4999.83,26,0.20369416666666687,-1,ANOMALY,1000.0,5866.392000000005,0.17046252620009011,669.96,37.31180966027822,70,HIGH RISK,24118.56,0.0,NORMAL,NORMAL,1
2026-09-10 12:28:54,MAITRI,-31.04,30.43,997.96,57.02,800.0,78.0,0.22,100.0,24997.34,29.64,4999.82,26,0.21927202380952351,-1,ANOMALY,1000.0,6315.034285714277,0.15835226774020478,670.5600000000001,37.278304700548794,70,HIGH RISK,24140.160000000003,0.0,NORMAL,NORMAL,0
2026-09-10 12:28:54,BHARATI,-40.86,79.8,974.63,93.95,0.0,90.91,0.23,57.73,24997.37,34.54,4999.83,16,0.24369458333333324,-1,ANOMALY,577.3,7018.403999999997,0.08225516798406023,669.96,37.311735028956946,70,HIGH RISK,24118.56,0.0,NORMAL,NORMAL,1
2026-09-10 12:28:59,BHARATI,-20.21,23.16,988.19,62.69,800.0,66.62,0.19,100.0,24997.34,25.32,4999.82,26,0.16876829365079388,-1,ANOMALY,1000.0,4860.526857142863,0.20573901336033856,669.96,37.31169025016419,70,HIGH RISK,24118.56,0.0,NORMAL,NORMAL,1
2026-09-10 12:28:59,MAITRI,-20.63,43.53,1003.55,64.72,800.0,63.86,0.18,100.0,24997.31,24.27,4999.81,18,0.16740876984126998,-1,ANOMALY,1000.0,4821.372571428575,0.20740981643401593,670.5600000000001,37.278259961822954,70,HIGH RISK,24140.160000000003,0.0,NORMAL,NORMAL,0
2026-09-10 12:29:04,MAITRI,-33.7,38.78,973.42,81.53,800.0,97.78,0.21,100.0,24997.25,37.16,4999.81,17,0.22018535714285686,-1,ANOMALY,1000.0,6341.338285714277,0.1576954193175269,670.5600000000001,37.278170484371266,70,HIGH RISK,24140.160000000003,0.0,NORMAL,NORMAL,0
2026-09-10 12:29:04,BHARATI,-37.36,70.83,964.16,85.55,0.0,96.78,0.24,55.97,24997.29,36.78,4999.82,26,0.23782055555555537,-1,ANOMALY,559.6999999999999,6849.2319999999945,0.0817171910660933,669.96,37.311615618842914,70,HIGH RISK,24118.56,0.0,NORMAL,NORMAL,1
2026-09-10 12:29:09,MAITRI,-32.62,12.68,1002.79,75.56,800.0,80.05,0.22,100.0,24997.21,30.42,4999.81,27,0.21933035714285687,-1,ANOMALY,1000.0,6316.714285714277,0.15831015220390368,670.5600000000001,37.278110832736814,70,HIGH RISK,24140.160000000003,0.0,NORMAL,NORMAL,0
2026-09-10 12:29:09,BHARATI,-24.4,27.61,995.56,54.92,800.0,66.62,0.19,100.0,24997.25,25.31,4999.82,15,0.17832916666666654,-1,ANOMALY,1000.0,5135.879999999996,0.19470859911057128,669.96,37.311555913785895,70,HIGH RISK,24118.56,0.0,NORMAL,NORMAL,1
2026-09-10 12:29:14,MAITRI,-17.78,26.28,993.31,56.62,800.0,61.27,0.17,100.0,24997.18,23.28,4999.81,19,0.16708210317460334,-1,ANOMALY,1000.0,4811.964571428576,0.20781532888616425,670.5600000000001,37.278066094010974,70,HIGH RISK,24140.160000000003,0.0,NORMAL,NORMAL,0
2026-09-10 12:29:14,BHARATI,-34.1,42.23,1006.06,56.26,800.0,82.01,0.23,100.0,24997.21,31.16,4999.82,28,0.225345,-1,ANOMALY,1000.0,6489.936,0.1540847244102253,669.96,37.311496208728876,70,HIGH RISK,24118.56,0.0,NORMAL,NORMAL,1
2026-09-10 12:29:19,MAITRI,-25.74,19.07,1014.45,77.72,800.0,70.02,0.19,100.0,24997.14,26.61,4999.8,20,0.19457499999999991,-1,ANOMALY,1000.0,5603.7599999999975,0.17845161106114474,670.5600000000001,37.278006442376515,70,HIGH RISK,24140.160000000003,0.0,NORMAL,NORMAL,0
2026-09-10 12:29:19,BHARATI,-28.92,12.89,1011.05,58.18,800.0,74.97,0.21,100.0,24997.17,28.49,4999.81,24,0.20316500000000023,-1,ANOMALY,1000.0,5851.152000000006,0.17090651550327166,669.96,37.31143650367186,70,HIGH RISK,24118.56,0.0,NORMAL,NORMAL,1
2026-09-10 12:29:24,BHARATI,-17.33,31.21,986.92,65.26,800.0,66.0,0.18,100.0,24997.13,25.08,4999.81,32,0.16836543650793673,-1,ANOMALY,1000.0,4848.924571428577,0.20623129629450654,669.96,37.311376798614845,70,HIGH RISK,24118.56,0.0,NORMAL,NORMAL,1
2026-09-10 12:29:24,MAITRI,-35.49,63.58,950.13,94.8,0.0,87.97,0.23,58.61,24997.1,33.43,4999.8,29,0.23494228174603152,-1,ANOMALY,586.0999999999999,6766.337714285708,0.08661997446012372,670.5600000000001,37.277946790742064,70,HIGH RISK,24140.160000000003,0.0,NORMAL,NORMAL,0
2026-09-10 12:29:29,MAITRI,-20.92,25.99,998.39,59.36,800.0,68.97,0.19,100.0,24997.06,26.21,4999.8,30,0.16892543650793673,-1,ANOMALY,1000.0,4865.052571428578,0.20554762467990337,670.5600000000001,37.27788713910761,70,HIGH RISK,24140.160000000003,0.0,NORMAL,NORMAL,0
2026-09-10 12:29:29,BHARATI,-21.89,18.43,991.86,50.71,800.0,67.98,0.19,100.0,24997.1,25.83,4999.81,25,0.1688516269841272,-1,ANOMALY,1000.0,4862.926857142863,0.20563747499742047,669.96,37.311332019822075,70,HIGH RISK,24118.56,0.0,NORMAL,NORMAL,1
2026-09-10 12:29:34,MAITRI,-33.16,24.79,992.22,76.74,800.0,79.42,0.22,100.0,24997.02,30.18,4999.79,24,0.22042702380952356,-1,ANOMALY,1000.0,6348.298285714278,0.1575225288720795,670.5600000000001,37.277827487473154,70,HIGH RISK,24140.160000000003,0.0,NORMAL,NORMAL,0
2026-09-10 12:29:34,BHARATI,-26.84,26.55,989.59,76.7,800.0,73.58,0.2,100.0,24997.06,27.96,4999.8,26,0.2038191666666669,-1,ANOMALY,1000.0,5869.992000000007,0.17035798345210673,669.96,37.31127231476506,70,HIGH RISK,24118.56,0.0,NORMAL,NORMAL,1
2026-09-10 12:29:39,MAITRI,-15.58,34.98,1013.52,69.52,800.0,58.16,0.16,100.0,24996.99,22.1,4999.79,17,0.1648991865079367,-1,ANOMALY,1000.0,4749.096571428577,0.21056636456208971,670.5600000000001,37.27778274874731,70,HIGH RISK,24140.160000000003,0.0,NORMAL,NORMAL,0
2026-09-10 12:29:39,BHARATI,-20.37,15.31,1001.61,53.3,800.0,64.39,0.18,100.0,24997.03,24.47,4999.8,20,0.16755579365079384,-1,ANOMALY,1000.0,4825.606857142862,0.2072278222416317,669.96,37.31122753597229,70,HIGH RISK,24118.56,0.0,NORMAL,NORMAL,1
2026-09-10 12:29:44,MAITRI,-26.94,28.04,1001.91,54.04,800.0,72.49,0.2,100.0,24996.95,27.55,4999.79,23,0.20268166666666684,-1,ANOMALY,1000.0,5837.2320000000045,0.17131407489029032,670.5600000000001,37.27772309711286,70,HIGH RISK,24140.160000000003,0.0,NORMAL,NORMAL,0
2026-09-10 12:29:45,BHARATI,-24.41,40.78,972.97,75.76,800.0,94.84,0.21,100.0,24996.97,36.04,4999.8,34,0.17993333333333333,-1,ANOMALY,1000.0,5182.08,0.19297270594047178,669.96,37.31113797838677,70,HIGH RISK,24118.56,0.0,NORMAL,NORMAL,1
2026-09-10 12:29:50,MAITRI,-33.87,16.71,1008.53,57.23,800.0,78.16,0.22,100.0,24996.91,29.7,4999.79,19,0.22418142857142853,-1,ANOMALY,1000.0,6456.425142857142,0.15488447211477666,670.5600000000001,37.2776634454784,70,HIGH RISK,24140.160000000003,0.0,NORMAL,NORMAL,0
2026-09-10 12:29:50,BHARATI,-22.55,42.29,1004.89,61.0,800.0,69.88,0.19,100.0,24996.94,26.56,4999.79,28,0.16955876984127002,-1,ANOMALY,1000.0,4883.292571428577,0.20477986632438372,669.96,37.311093199594005,70,HIGH RISK,24118.56,0.0,NORMAL,NORMAL,1
2026-09-10 12:29:55,BHARATI,-29.62,16.42,990.22,60.31,800.0,72.5,0.2,100.0,24996.9,27.55,4999.79,16,0.20113702380952386,-1,ANOMALY,1000.0,5792.746285714287,0.17262969076794166,669.96,37.311033494536986,70,HIGH RISK,24118.56,0.0,NORMAL,NORMAL,1
2026-09-10 12:29:55,MAITRI,-34.21,43.09,996.38,51.31,800.0,77.72,0.22,100.0,24996.87,29.53,4999.79,17,0.22472309523809517,-1,ANOMALY,1000.0,6472.02514285714,0.15451114263727042,670.5600000000001,37.277603793843944,70,HIGH RISK,24140.160000000003,0.0,NORMAL,NORMAL,0
2026-09-10 12:30:00,BHARATI,-19.92,13.34,986.41,71.53,800.0,62.72,0.17,100.0,24996.87,23.83,4999.79,17,0.16729329365079385,-1,ANOMALY,1000.0,4818.046857142862,0.2075529835326275,669.96,37.31098871574422,70,HIGH RISK,24118.56,0.0,NORMAL,NORMAL,1
2026-09-10 12:30:00,MAITRI,-31.75,43.48,987.86,78.1,800.0,75.13,0.21,100.0,24996.83,28.55,4999.78,17,0.21864785714285684,-1,ANOMALY,1000.0,6297.058285714276,0.15880431062050585,670.5600000000001,37.27754414220949,70,HIGH RISK,24140.160000000003,0.0,NORMAL,NORMAL,0
2026-09-10 12:30:05,MAITRI,-15.01,20.27,1006.49,60.79,800.0,64.36,0.18,100.0,24996.79,24.46,4999.78,34,0.16600287698412727,-1,ANOMALY,1000.0,4780.882857142865,0.20916638827616385,670.5600000000001,37.27748449057504,70,HIGH RISK,24140.160000000003,0.0,NORMAL,NORMAL,0
2026-09-10 12:30:05,BHARATI,-28.98,51.62,986.12,73.31,800.0,96.22,0.21,100.0,24996.82,36.56,4999.79,28,0.20336083333333352,-1,ANOMALY,1000.0,5856.792000000005,0.1707419351754338,669.96,37.31091408442295,70,HIGH RISK,24118.56,0.0,NORMAL,NORMAL,1
2026-09-10 12:30:10,MAITRI,-22.99,35.46,991.06,72.91,800.0,93.89,0.2,100.0,24996.74,35.68,4999.78,30,0.17043793650793668,-1,ANOMALY,1000.0,4908.612571428576,0.20372355435437542,670.5600000000001,37.27740992603197,70,HIGH RISK,24140.160000000003,0.0,NORMAL,NORMAL,0
2026-09-10 12:30:10,BHARATI,-34.81,24.42,996.0,78.12,800.0,84.36,0.23,100.0,24996.77,32.06,4999.78,32,0.22616416666666667,-1,ANOMALY,1000.0,6513.528,0.1535266295009402,669.96,37.31083945310168,70,HIGH RISK,24118.56,0.0,NORMAL,NORMAL,1
2026-09-10 12:30:15,MAITRI,-32.59,26.64,1007.67,52.25,800.0,81.62,0.23,100.0,24996.7,31.01,4999.77,31,0.2203065476190474,-1,ANOMALY,1000.0,6344.828571428565,0.15760867117877794,670.5600000000001,37.27735027439751,70,HIGH RISK,24140.160000000003,0.0,NORMAL,NORMAL,0
2026-09-10 12:30:15,BHARATI,-25.83,18.41,997.18,64.7,800.0,75.32,0.21,100.0,24996.73,28.62,4999.78,33,0.2033425000000003,-1,ANOMALY,1000.0,5856.264000000008,0.17075732924608567,669.96,37.31077974804466,70,HIGH RISK,24118.56,0.0,NORMAL,NORMAL,1
2026-09-10 12:30:20,MAITRI,-29.79,45.21,982.27,74.55,800.0,92.1,0.21,100.0,24996.65,35.0,4999.77,21,0.20086202380952378,-1,ANOMALY,1000.0,5784.8262857142845,0.17286603790843558,670.5600000000001,37.27727570985445,70,HIGH RISK,24140.160000000003,0.0,NORMAL,NORMAL,0
2026-09-10 12:30:20,BHARATI,-29.3,14.37,1013.2,68.23,800.0,74.17,0.21,100.0,24996.69,28.18,4999.78,21,0.20112750000000004,-1,ANOMALY,1000.0,5792.472000000001,0.17263786514634855,669.96,37.31072004298764,70,HIGH RISK,24118.56,0.0,NORMAL,NORMAL,1
2026-09-10 12:30:25,MAITRI,-31.83,10.13,1001.52,52.71,800.0,80.82,0.22,100.0,24996.61,30.71,4999.77,31,0.2203065476190474,-1,ANOMALY,1000.0,6344.828571428565,0.15760867117877794,670.5600000000001,37.27721605821999,70,HIGH RISK,24140.160000000003,0.0,NORMAL,NORMAL,0
2026-09-10 12:30:25,BHARATI,-15.8,39.41,995.5,74.46,800.0,62.79,0.17,100.0,24996.66,23.86,4999.77,28,0.16686251984127012,-1,ANOMALY,1000.0,4805.640571428579,0.20808880421590262,669.96,37.31067526419488,70,HIGH RISK,24118.56,0.0,NORMAL,NORMAL,1
2026-09-10 12:30:30,BHARATI,-17.43,12.41,1009.33,58.81,800.0,61.7,0.17,100.0,24996.63,23.45,4999.77,21,0.16763746031746055,-1,ANOMALY,1000.0,4827.958857142864,0.20712686863942947,669.96,37.310630485402115,70,HIGH RISK,24118.56,0.0,NORMAL,NORMAL,1
2026-09-10 12:30:30,MAITRI,-32.78,35.33,1013.53,75.36,800.0,82.22,0.23,100.0,24996.57,31.24,4999.76,32,0.22055654761904733,-1,ANOMALY,1000.0,6352.028571428564,0.15743002235506337,670.5600000000001,37.27715640658554,70,HIGH RISK,24140.160000000003,0.0,NORMAL,NORMAL,0
2026-09-10 12:30:35,MAITRI,-31.9,30.69,996.76,55.62,800.0,80.1,0.22,100.0,24996.52,30.44,4999.76,29,0.22027321428571406,-1,ANOMALY,1000.0,6343.868571428564,0.15763252166096056,670.5600000000001,37.27708184204247,70,HIGH RISK,24140.160000000003,0.0,NORMAL,NORMAL,0
2026-09-10 12:30:35,BHARATI,-33.34,47.14,987.72,89.07,800.0,95.19,0.22,100.0,24996.58,36.17,4999.77,21,0.21997702380952347,-1,ANOMALY,1000.0,6335.338285714276,0.15784476769850267,669.96,37.31055585408084,70,HIGH RISK,24118.56,0.0,NORMAL,NORMAL,1
2026-09-10 12:30:40,MAITRI,-22.64,27.0,991.57,51.88,800.0,65.57,0.18,100.0,24996.49,24.92,4999.76,17,0.16836293650793663,-1,ANOMALY,1000.0,4848.852571428574,0.20623435859700287,670.5600000000001,37.27703710331663,70,HIGH RISK,24140.160000000003,0.0,NORMAL,NORMAL,0
2026-09-10 12:30:40,BHARATI,-30.69,52.33,979.42,83.61,800.0,92.38,0.21,100.0,24996.53,35.11,4999.77,19,0.21722785714285686,-1,ANOMALY,1000.0,6256.162285714277,0.1598424008730503,669.96,37.31048122275956,70,HIGH RISK,24118.56,0.0,NORMAL,NORMAL,1
2026-09-10 12:30:45,MAITRI,-30.68,22.42,1000.13,70.57,800.0,75.61,0.21,100.0,24996.45,28.73,4999.76,21,0.21732369047619024,-1,ANOMALY,1000.0,6258.922285714278,0.15977191509190922,670.5600000000001,37.27697745168217,70,HIGH RISK,24140.160000000003,0.0,NORMAL,NORMAL,0
2026-09-10 12:30:45,BHARATI,-17.35,21.06,999.53,66.61,800.0,61.21,0.17,100.0,24996.5,23.26,4999.77,20,0.1670791269841272,-1,ANOMALY,1000.0,4811.878857142863,0.2078190307130399,669.96,37.3104364439668,70,HIGH RISK,24118.56,0.0,NORMAL,NORMAL,1
2026-09-10 12:30:50,MAITRI,-38.58,70.95,966.42,86.0,0.0,88.78,0.25,58.37,24996.4,33.74,4999.75,34,0.24025746031746004,-1,ANOMALY,583.7,6919.414857142849,0.0843568440469286,670.5600000000001,37.27690288713911,70,HIGH RISK,24140.160000000003,0.0,NORMAL,NORMAL,0
2026-09-10 12:30:50,BHARATI,-32.55,27.52,1011.45,79.15,800.0,78.37,0.22,100.0,24996.45,29.78,4999.76,23,0.2188520238095235,-1,ANOMALY,1000.0,6302.938285714277,0.1586561623594694,669.96,37.31036181264553,70,HIGH RISK,24118.56,0.0,NORMAL,NORMAL,1
2026-09-10 12:30:55,BHARATI,-29.01,43.01,996.11,58.23,800.0,75.46,0.21,100.0,24996.41,28.68,4999.76,25,0.2031066666666668,-1,ANOMALY,1000.0,5849.472000000003,0.17095560077901037,669.96,37.31030210758851,70,HIGH RISK,24118.56,0.0,NORMAL,NORMAL,1
2026-09-10 12:30:55,MAITRI,-27.88,23.77,1007.07,69.39,800.0,71.47,0.2,100.0,24996.36,27.16,4999.75,18,0.20046916666666667,-1,ANOMALY,1000.0,5773.512,0.17320480151422565,670.5600000000001,37.27684323550465,70,HIGH RISK,24140.160000000003,0.0,NORMAL,NORMAL,0
2026-09-10 12:31:00,BHARATI,-22.31,27.31,991.73,58.16,800.0,68.03,0.19,100.0,24996.38,25.85,4999.76,24,0.16921543650793672,-1,ANOMALY,1000.0,4873.404571428577,0.20519535887964718,669.96,37.31025732879575,70,HIGH RISK,24118.56,0.0,NORMAL,NORMAL,1
2026-09-10 12:31:00,MAITRI,-33.41,32.13,1011.6,64.4,800.0,83.28,0.23,100.0,24996.32,31.65,4999.75,33,0.22177321428571406,-1,ANOMALY,1000.0,6387.068571428565,0.1565663478975825,670.5600000000001,37.27678358387019,70,HIGH RISK,24140.160000000003,0.0,NORMAL,NORMAL,0
2026-09-10 12:31:05,MAITRI,-33.09,38.69,971.24,84.26,800.0,92.14,0.22,100.0,24996.27,35.01,4999.74,28,0.22138154761904744,-1,ANOMALY,1000.0,6375.788571428566,0.15684334397179342,670.5600000000001,37.27670901932713,70,HIGH RISK,24140.160000000003,0.0,NORMAL,NORMAL,0
2026-09-10 12:31:05,BHARATI,-33.87,28.41,989.61,62.71,800.0,82.16,0.23,100.0,24996.34,31.22,4999.75,29,0.2254758333333333,-1,ANOMALY,1000.0,6493.703999999998,0.1539953160784662,669.96,37.31019762373873,70,HIGH RISK,24118.56,0.0,NORMAL,NORMAL,1
2026-09-10 12:31:10,MAITRI,-21.77,42.69,997.35,67.04,800.0,69.06,0.19,100.0,24996.23,26.24,4999.74,28,0.16877126984127003,-1,ANOMALY,1000.0,4860.612571428577,0.2057353852636091,670.5600000000001,37.27664936769267,70,HIGH RISK,24140.160000000003,0.0,NORMAL,NORMAL,0
2026-09-10 12:31:10,BHARATI,-39.78,43.98,979.24,75.49,800.0,93.61,0.25,100.0,24996.29,35.57,4999.75,30,0.239385734126984,-1,ANOMALY,1000.0,6894.309142857139,0.1450471656084717,669.96,37.310122992417455,70,HIGH RISK,24118.56,0.0,NORMAL,NORMAL,1
2026-09-10 12:31:15,MAITRI,-27.92,10.77,992.54,78.81,800.0,73.52,0.2,100.0,24996.2,27.94,4999.74,23,0.2028650000000002,-1,ANOMALY,1000.0,5842.512000000006,0.17115925478629723,670.5600000000001,37.27660462896683,70,HIGH RISK,24140.160000000003,0.0,NORMAL,NORMAL,0
2026-09-10 12:31:15,BHARATI,-27.91,43.0,997.81,62.03,800.0,77.11,0.21,100.0,24996.24,29.3,4999.75,32,0.20404416666666694,-1,ANOMALY,1000.0,5876.472000000008,0.1701701292884572,669.96,37.310048361096186,70,HIGH RISK,24118.56,0.0,NORMAL,NORMAL,1
2026-09-10 12:31:20,MAITRI,-31.15,53.07,992.53,77.5,800.0,94.45,0.21,100.0,24996.15,35.89,4999.73,22,0.21899785714285686,-1,ANOMALY,1000.0,6307.138285714277,0.15855051129368902,670.5600000000001,37.27653006442377,70,HIGH RISK,24140.160000000003,0.0,NORMAL,NORMAL,0
2026-09-10 12:31:20,BHARATI,-17.12,20.08,1013.67,78.58,800.0,66.18,0.18,100.0,24996.21,25.15,4999.74,33,0.1683957936507939,-1,ANOMALY,1000.0,4849.798857142864,0.20619411844826996,669.96,37.310003582303416,70,HIGH RISK,24118.56,0.0,NORMAL,NORMAL,1
2026-09-10 12:31:25,MAITRI,-39.94,75.57,956.86,85.78,0.0,92.7,0.25,57.19,24996.1,35.23,4999.73,29,0.2426987103174601,-1,ANOMALY,571.9,6989.7228571428495,0.08182012530233171,670.5600000000001,37.27645549988069,70,HIGH RISK,24140.160000000003,0.0,NORMAL,NORMAL,0
2026-09-10 12:31:25,BHARATI,-15.75,40.31,1009.04,71.26,800.0,65.14,0.18,100.0,24996.18,24.75,4999.74,34,0.16695001984127011,-1,ANOMALY,1000.0,4808.160571428579,0.20797974301072158,669.96,37.30995880351065,70,HIGH RISK,24118.56,0.0,NORMAL,NORMAL,1
2026-09-10 12:31:30,BHARATI,-22.47,51.03,980.29,75.73,800.0,94.53,0.2,100.0,24996.13,35.92,4999.74,31,0.16925293650793674,-1,ANOMALY,1000.0,4874.4845714285775,0.20514989540872164,669.96,37.309884172189385,70,HIGH RISK,24118.56,0.0,NORMAL,NORMAL,1
2026-09-10 12:31:30,MAITRI,-20.64,11.28,987.04,69.85,800.0,68.27,0.19,100.0,24996.06,25.94,4999.73,29,0.16852246031746054,-1,ANOMALY,1000.0,4853.446857142863,0.20603913660418277,670.5600000000001,37.27639584824624,70,HIGH RISK,24140.160000000003,0.0,NORMAL,NORMAL,0
2026-09-10 12:31:35,MAITRI,-25.65,26.82,998.73,66.08,800.0,73.53,0.2,100.0,24996.02,27.94,4999.72,29,0.19739166666666683,-1,ANOMALY,1000.0,5684.880000000005,0.1759052082014043,670.5600000000001,37.27633619661179,70,HIGH RISK,24140.160000000003,0.0,NORMAL,NORMAL,0
2026-09-10 12:31:35,BHARATI,-18.15,43.7,993.82,66.62,800.0,61.26,0.17,100.0,24996.09,23.28,4999.73,18,0.16713210317460334,-1,ANOMALY,1000.0,4813.404571428576,0.20775315790735804,669.96,37.309824467132366,70,HIGH RISK,24118.56,0.0,NORMAL,NORMAL,1
2026-09-10 12:31:40,MAITRI,-21.95,26.22,992.31,72.2,800.0,68.84,0.19,100.0,24995.99,26.16,4999.72,27,0.16924876984127007,-1,ANOMALY,1000.0,4874.364571428578,0.20515494591060518,670.5600000000001,37.27629145788595,70,HIGH RISK,24140.160000000003,0.0,NORMAL,NORMAL,0
2026-09-10 12:31:40,BHARATI,-36.52,77.19,968.89,88.82,0.0,96.43,0.23,56.07,24996.04,36.64,4999.73,21,0.23470513888888866,-1,ANOMALY,560.6999999999999,6759.5079999999925,0.0829498241587998,669.96,37.30974983581109,70,HIGH RISK,24118.56,0.0,NORMAL,NORMAL,1
2026-09-10 12:31:45,MAITRI,-21.87,18.33,993.6,56.55,800.0,67.17,0.19,100.0,24995.95,25.52,4999.72,23,0.16873496031746057,-1,ANOMALY,1000.0,4859.566857142864,0.2057796567877534,670.5600000000001,37.27623180625149,70,HIGH RISK,24140.160000000003,0.0,NORMAL,NORMAL,0
2026-09-10 12:31:45,BHARATI,-20.6,36.79,1008.19,77.38,800.0,68.23,0.19,100.0,24996.01,25.93,4999.73,29,0.1687379365079367,-1,ANOMALY,1000.0,4859.652571428576,0.20577602725744512,669.96,37.30970505701833,70,HIGH RISK,24118.56,0.0,NORMAL,NORMAL,1
2026-09-10 12:31:50,MAITRI,-24.83,23.62,986.86,71.68,800.0,67.87,0.19,100.0,24995.91,25.79,4999.72,17,0.18079083333333326,-1,ANOMALY,1000.0,5206.775999999998,0.1920574267070449,670.5600000000001,37.276172154617036,70,HIGH RISK,24140.160000000003,0.0,NORMAL,NORMAL,0
2026-09-10 12:31:50,BHARATI,-31.81,33.51,1010.3,68.28,800.0,77.6,0.22,100.0,24995.97,29.49,4999.72,23,0.21896869047619016,-1,ANOMALY,1000.0,6306.298285714276,0.15857163024865326,669.96,37.30964535196131,70,HIGH RISK,24118.56,0.0,NORMAL,NORMAL,1
2026-09-10 12:31:55,BHARATI,-22.83,38.69,1009.4,51.24,800.0,68.17,0.19,100.0,24995.93,25.91,4999.72,23,0.1701754365079367,-1,ANOMALY,1000.0,4901.052571428577,0.20403780319143083,669.96,37.30958564690429,70,HIGH RISK,24118.56,0.0,NORMAL,NORMAL,1
2026-09-10 12:31:55,MAITRI,-29.04,53.11,972.54,71.9,800.0,98.5,0.22,100.0,24995.86,37.43,4999.71,31,0.20335250000000019,-1,ANOMALY,1000.0,5856.552000000005,0.17074893213617828,670.5600000000001,37.27609759007397,70,HIGH RISK,24140.160000000003,0.0,NORMAL,NORMAL,0
2026-09-10 12:32:00,MAITRI,-22.35,18.34,999.74,62.62,800.0,69.27,0.19,100.0,24995.83,26.32,4999.71,27,0.1690457936507939,-1,ANOMALY,1000.0,4868.518857142863,0.20540127898094648,670.5600000000001,37.276052851348126,70,HIGH RISK,24140.160000000003,0.0,NORMAL,NORMAL,0
2026-09-10 12:32:00,BHARATI,-23.13,25.15,1011.99,70.24,800.0,68.88,0.19,100.0,24995.89,26.18,4999.72,24,0.17072710317460338,-1,ANOMALY,1000.0,4916.940571428577,0.2033785004054784,669.96,37.30952594184727,70,HIGH RISK,24118.56,0.0,NORMAL,NORMAL,1
2026-09-10 12:32:05,MAITRI,-33.69,24.55,993.12,69.54,800.0,82.38,0.23,100.0,24995.78,31.3,4999.71,30,0.22195654761904746,-1,ANOMALY,1000.0,6392.348571428566,0.15643702605168155,670.5600000000001,37.275978286805056,70,HIGH RISK,24140.160000000003,0.0,NORMAL,NORMAL,0
2026-09-10 12:32:05,BHARATI,-20.61,11.39,992.63,68.5,800.0,65.04,0.18,100.0,24995.86,24.72,4999.72,21,0.16824746031746055,-1,ANOMALY,1000.0,4845.526857142864,0.20637590699262867,669.96,37.30948116305451,70,HIGH RISK,24118.56,0.0,NORMAL,NORMAL,1
2026-09-10 12:32:10,MAITRI,-29.17,41.29,1007.56,64.98,800.0,73.23,0.2,100.0,24995.74,27.83,4999.7,19,0.2001358333333333,-1,ANOMALY,1000.0,5763.911999999998,0.17349328025826907,670.5600000000001,37.275918635170605,70,HIGH RISK,24140.160000000003,0.0,NORMAL,NORMAL,0
2026-09-10 12:32:10,BHARATI,-26.17,39.49,991.49,70.94,800.0,70.88,0.2,100.0,24995.82,26.93,4999.71,21,0.2002941666666667,-1,ANOMALY,1000.0,5768.472,0.17335613313196285,669.96,37.30942145799749,70,HIGH RISK,24118.56,0.0,NORMAL,NORMAL,1
2026-09-10 12:32:15,MAITRI,-26.45,35.46,998.18,68.97,800.0,73.57,0.2,100.0,24995.71,27.96,4999.7,27,0.2036525000000002,-1,ANOMALY,1000.0,5865.1920000000055,0.17049740230157837,670.5600000000001,37.27587389644476,70,HIGH RISK,24140.160000000003,0.0,NORMAL,NORMAL,0
2026-09-10 12:32:15,BHARATI,-20.13,13.32,988.51,64.76,800.0,69.33,0.19,100.0,24995.78,26.35,4999.71,33,0.1687599603174606,-1,ANOMALY,1000.0,4860.286857142865,0.2057491727119689,669.96,37.30936175294047,70,HIGH RISK,24118.56,0.0,NORMAL,NORMAL,1
2026-09-10 12:32:20,BHARATI,-27.69,20.59,1006.88,59.44,800.0,77.27,0.21,100.0,24995.74,29.36,4999.71,33,0.20408583333333363,-1,ANOMALY,1000.0,5877.672000000008,0.1701353869355076,669.96,37.309302047883456,70,HIGH RISK,24118.56,0.0,NORMAL,NORMAL,1
2026-09-10 12:32:20,MAITRI,-33.78,29.39,1003.0,72.4,800.0,80.87,0.22,100.0,24995.66,30.73,4999.7,26,0.2243555952380952,-1,ANOMALY,1000.0,6461.441142857142,0.15476423570080167,670.5600000000001,37.27579933190169,70,HIGH RISK,24140.160000000003,0.0,NORMAL,NORMAL,0
2026-09-10 12:32:25,MAITRI,-31.99,36.39,988.7,65.59,800.0,79.39,0.22,100.0,24995.62,30.17,4999.69,27,0.2194303571428568,-1,ANOMALY,1000.0,6319.594285714276,0.15823800623729034,670.5600000000001,37.275739680267236,70,HIGH RISK,24140.160000000003,0.0,NORMAL,NORMAL,0
2026-09-10 12:32:25,BHARATI,-17.86,31.61,1003.15,78.85,800.0,61.35,0.17,100.0,24995.71,23.31,4999.7,19,0.16698210317460332,-1,ANOMALY,1000.0,4809.084571428575,0.20793978254013995,669.96,37.309257269090686,70,HIGH RISK,24118.56,0.0,NORMAL,NORMAL,1
2026-09-10 12:32:31,MAITRI,-17.21,14.37,1000.02,64.12,800.0,65.88,0.18,100.0,24995.59,25.03,4999.69,32,0.1681499603174606,-1,ANOMALY,1000.0,4842.718857142865,0.20649557190895565,670.5600000000001,37.275694941541396,70,HIGH RISK,24140.160000000003,0.0,NORMAL,NORMAL,0
2026-09-10 12:32:31,BHARATI,-27.37,28.42,1003.66,68.51,800.0,73.34,0.2,100.0,24995.67,27.87,4999.7,24,0.20330666666666686,-1,ANOMALY,1000.0,5855.232000000005,0.17078742567331218,669.96,37.30919756403367,70,HIGH RISK,24118.56,0.0,NORMAL,NORMAL,1
2026-09-10 12:32:36,MAITRI,-23.04,38.87,1001.65,56.6,800.0,68.0,0.19,100.0,24995.55,25.84,4999.69,22,0.16991293650793668,-1,ANOMALY,1000.0,4893.492571428576,0.2043530230001077,670.5600000000001,37.27563528990694,70,HIGH RISK,24140.160000000003,0.0,NORMAL,NORMAL,0
2026-09-10 12:32:36,BHARATI,-26.0,16.48,994.14,78.3,800.0,68.3,0.19,100.0,24995.64,25.95,4999.7,15,0.20041916666666676,-1,ANOMALY,1000.0,5772.072000000002,0.1732480121523085,669.96,37.309152785240904,70,HIGH RISK,24118.56,0.0,NORMAL,NORMAL,1
2026-09-10 12:32:41,MAITRI,-43.73,62.28,958.7,93.13,0.0,87.91,0.25,58.63,24995.5,33.4,4999.69,22,0.24472624999999992,-1,ANOMALY,586.3000000000001,7048.115999999996,0.08318535052487791,670.5600000000001,37.275560725363874,70,HIGH RISK,24140.160000000003,0.0,NORMAL,NORMAL,0
2026-09-10 12:32:41,BHARATI,-44.26,69.11,967.89,90.61,0.0,88.15,0.25,58.56,24995.59,33.5,4999.7,21,0.24455958333333322,-1,ANOMALY,585.6,7043.315999999995,0.08314265610118876,669.96,37.309078153919636,70,HIGH RISK,24118.56,0.0,NORMAL,NORMAL,1
2026-09-10 12:32:46,MAITRI,-18.25,31.06,995.09,53.02,800.0,64.56,0.18,100.0,24995.47,24.53,4999.68,26,0.16827793650793674,-1,ANOMALY,1000.0,4846.404571428578,0.20633853102058078,670.5600000000001,37.275515986638034,70,HIGH RISK,24140.160000000003,0.0,NORMAL,NORMAL,0
2026-09-10 12:32:46,BHARATI,-24.41,54.82,990.17,89.42,800.0,97.36,0.19,100.0,24995.54,37.0,4999.7,21,0.17895416666666664,-1,ANOMALY,1000.0,5153.879999999999,0.1940285765287512,669.96,37.30900352259836,70,HIGH RISK,24118.56,0.0,NORMAL,NORMAL,1
2026-09-10 12:32:51,BHARATI,-32.15,21.91,995.0,63.15,800.0,77.95,0.22,100.0,24995.5,29.62,4999.69,23,0.2188520238095235,-1,ANOMALY,1000.0,6302.938285714277,0.1586561623594694,669.96,37.30894381754134,70,HIGH RISK,24118.56,0.0,NORMAL,NORMAL,1
2026-09-10 12:32:51,MAITRI,-24.1,25.23,1000.97,77.2,800.0,67.9,0.19,100.0,24995.43,25.8,4999.68,19,0.17828749999999993,-1,ANOMALY,1000.0,5134.679999999998,0.1947541034689602,670.5600000000001,37.275456335003575,70,HIGH RISK,24140.160000000003,0.0,NORMAL,NORMAL,0
2026-09-10 12:32:56,MAITRI,-24.74,23.46,1008.58,64.08,800.0,70.57,0.2,100.0,24995.4,26.82,4999.68,24,0.1817700000000001,-1,ANOMALY,1000.0,5234.976000000002,0.1910228432756902,670.5600000000001,37.275411596277735,70,HIGH RISK,24140.160000000003,0.0,NORMAL,NORMAL,0
2026-09-10 12:32:56,BHARATI,-16.85,22.06,995.26,68.71,800.0,64.69,0.18,100.0,24995.46,24.58,4999.69,30,0.16808246031746057,-1,ANOMALY,1000.0,4840.774857142864,0.20657849817667887,669.96,37.30888411248432,70,HIGH RISK,24118.56,0.0,NORMAL,NORMAL,1
2026-09-10 12:33:01,MAITRI,-15.87,41.44,1011.35,57.41,800.0,58.86,0.16,100.0,24995.37,22.37,4999.68,18,0.16543335317460336,-1,ANOMALY,1000.0,4764.480571428577,0.20988646821161475,670.5600000000001,37.275366857551894,70,HIGH RISK,24140.160000000003,0.0,NORMAL,NORMAL,0
2026-09-10 12:33:01,BHARATI,-27.91,55.16,975.08,82.26,800.0,92.35,0.2,100.0,24995.42,35.09,4999.69,23,0.20245666666666684,-1,ANOMALY,1000.0,5830.752000000005,0.17150446460422245,669.96,37.3088244074273,70,HIGH RISK,24118.56,0.0,NORMAL,NORMAL,1
2026-09-10 12:33:06,MAITRI,-21.58,33.85,1006.43,66.59,800.0,67.65,0.19,100.0,24995.33,25.71,4999.67,25,0.16875460317460336,-1,ANOMALY,1000.0,4860.132571428577,0.20575570425356982,670.5600000000001,37.27530720591744,70,HIGH RISK,24140.160000000003,0.0,NORMAL,NORMAL,0
2026-09-10 12:33:06,BHARATI,-27.33,12.08,1009.52,56.33,800.0,72.5,0.2,100.0,24995.38,27.55,4999.68,22,0.20105666666666677,-1,ANOMALY,1000.0,5790.4320000000025,0.1726986863847118,669.96,37.30876470237029,70,HIGH RISK,24118.56,0.0,NORMAL,NORMAL,1
2026-09-10 12:33:11,MAITRI,-20.85,36.55,1003.98,50.84,800.0,68.89,0.19,100.0,24995.29,26.18,4999.67,30,0.1687254365079367,-1,ANOMALY,1000.0,4859.292571428577,0.20579127214519857,670.5600000000001,37.275247554282984,70,HIGH RISK,24140.160000000003,0.0,NORMAL,NORMAL,0
2026-09-10 12:33:11,BHARATI,-22.82,44.6,1008.28,61.5,800.0,68.56,0.19,100.0,24995.34,26.05,4999.68,24,0.1701754365079367,-1,ANOMALY,1000.0,4901.052571428577,0.20403780319143083,669.96,37.30870499731327,70,HIGH RISK,24118.56,0.0,NORMAL,NORMAL,1
2026-09-10 12:33:16,BHARATI,-25.17,27.83,1005.64,76.23,800.0,73.83,0.21,100.0,24995.3,28.06,4999.68,31,0.18479000000000007,-1,ANOMALY,1000.0,5321.952000000002,0.18790098069279837,669.96,37.30864529225625,70,HIGH RISK,24118.56,0.0,NORMAL,NORMAL,1
2026-09-10 12:33:16,MAITRI,-28.06,40.54,1000.62,72.65,800.0,75.67,0.21,100.0,24995.25,28.75,4999.67,28,0.2037775000000002,-1,ANOMALY,1000.0,5868.792000000005,0.17039281678410126,670.5600000000001,37.27518790264853,70,HIGH RISK,24140.160000000003,0.0,NORMAL,NORMAL,0
2026-09-10 12:33:21,MAITRI,-26.48,20.72,996.85,67.69,800.0,76.0,0.21,100.0,24995.21,28.88,4999.66,33,0.2039275000000003,-1,ANOMALY,1000.0,5873.112000000008,0.17026748340573084,670.5600000000001,37.275128251014074,70,HIGH RISK,24140.160000000003,0.0,NORMAL,NORMAL,0
2026-09-10 12:33:21,BHARATI,-21.46,19.66,986.08,66.82,800.0,63.54,0.18,100.0,24995.27,24.14,4999.68,15,0.16763912698412714,-1,ANOMALY,1000.0,4828.006857142861,0.20712480938599667,669.96,37.30860051346349,70,HIGH RISK,24118.56,0.0,NORMAL,NORMAL,1
2026-09-10 12:33:26,MAITRI,-39.43,57.04,953.82,96.45,0.0,99.58,0.24,55.12,24995.16,37.84,4999.66,22,0.24108847222222207,-1,ANOMALY,551.2,6943.3479999999945,0.07938533399161334,670.5600000000001,37.275053686471004,70,HIGH RISK,24140.160000000003,0.0,NORMAL,NORMAL,0
2026-09-10 12:33:26,BHARATI,-26.02,24.46,995.87,60.28,800.0,71.12,0.2,100.0,24995.23,27.03,4999.67,22,0.20064833333333343,-1,ANOMALY,1000.0,5778.672000000002,0.1730501402398336,669.96,37.30854080840647,70,HIGH RISK,24118.56,0.0,NORMAL,NORMAL,1
2026-09-10 12:33:31,MAITRI,-24.91,18.95,986.18,61.37,800.0,67.55,0.19,100.0,24995.13,25.67,4999.66,16,0.18242333333333324,-1,ANOMALY,1000.0,5253.791999999997,0.19033871154396684,670.5600000000001,37.275008947745164,70,HIGH RISK,24140.160000000003,0.0,NORMAL,NORMAL,0
2026-09-10 12:33:31,BHARATI,-37.45,37.79,984.3,81.72,800.0,92.74,0.24,100.0,24995.18,35.24,4999.67,30,0.23583865079365063,-1,ANOMALY,1000.0,6792.153142857137,0.14722871804674112,669.96,37.3084661770852,70,HIGH RISK,24118.56,0.0,NORMAL,NORMAL,1
2026-09-10 12:33:36,MAITRI,-17.99,44.96,988.78,61.24,800.0,67.09,0.19,100.0,24995.09,25.49,4999.65,33,0.16826543650793674,-1,ANOMALY,1000.0,4846.044571428578,0.20635385937137748,670.5600000000001,37.27494929611071,70,HIGH RISK,24140.160000000003,0.0,NORMAL,NORMAL,0
2026-09-10 12:33:36,BHARATI,-25.75,38.0,992.14,76.84,800.0,98.86,0.2,100.0,24995.13,37.57,4999.67,28,0.19741666666666685,-1,ANOMALY,1000.0,5685.600000000005,0.1758829323202475,669.96,37.308391545763925,70,HIGH RISK,24118.56,0.0,NORMAL,NORMAL,1
2026-09-10 12:33:41,BHARATI,-32.64,33.28,1012.01,73.07,800.0,81.27,0.23,100.0,24995.09,30.88,4999.66,30,0.22027738095238067,-1,ANOMALY,1000.0,6343.988571428563,0.157629539955936,669.96,37.308331840706906,70,HIGH RISK,24118.56,0.0,NORMAL,NORMAL,1
2026-09-10 12:33:41,MAITRI,-18.56,15.56,997.41,65.31,800.0,67.29,0.19,100.0,24995.05,25.57,4999.65,32,0.16839579365079393,-1,ANOMALY,1000.0,4849.798857142865,0.20619411844826993,670.5600000000001,37.274889644476254,70,HIGH RISK,24140.160000000003,0.0,NORMAL,NORMAL,0
2026-09-10 12:33:46,BHARATI,-31.15,35.78,1008.14,79.86,800.0,80.51,0.22,100.0,24995.04,30.59,4999.66,32,0.22021071428571395,-1,ANOMALY,1000.0,6342.068571428561,0.15767726077656527,669.96,37.30825720938564,70,HIGH RISK,24118.56,0.0,NORMAL,NORMAL,1
2026-09-10 12:33:46,MAITRI,-30.58,14.04,1001.26,77.8,800.0,74.71,0.21,100.0,24995.01,28.39,4999.65,19,0.21732369047619024,-1,ANOMALY,1000.0,6258.922285714278,0.15977191509190922,670.5600000000001,37.274829992841795,70,HIGH RISK,24140.160000000003,0.0,NORMAL,NORMAL,0
2026-09-10 12:33:51,MAITRI,-20.77,32.72,997.34,63.28,800.0,67.21,0.19,100.0,24994.98,25.54,4999.65,26,0.1686379365079367,-1,ANOMALY,1000.0,4856.772571428577,0.20589804963954875,670.5600000000001,37.27478525411596,70,HIGH RISK,24140.160000000003,0.0,NORMAL,NORMAL,0
2026-09-10 12:33:51,BHARATI,-30.76,35.55,1007.31,63.36,800.0,76.09,0.21,100.0,24995.0,28.92,4999.66,22,0.21762785714285682,-1,ANOMALY,1000.0,6267.682285714276,0.15954861054129488,669.96,37.30819750432862,70,HIGH RISK,24118.56,0.0,NORMAL,NORMAL,1
2026-09-10 12:33:56,MAITRI,-28.6,14.82,1007.44,65.87,800.0,71.43,0.2,100.0,24994.94,27.14,4999.64,16,0.20039000000000004,-1,ANOMALY,1000.0,5771.232000000001,0.1732732283158951,670.5600000000001,37.2747256024815,70,HIGH RISK,24140.160000000003,0.0,NORMAL,NORMAL,0
2026-09-10 12:33:56,BHARATI,-33.32,24.5,991.3,68.59,800.0,82.79,0.23,100.0,24994.96,31.46,4999.65,32,0.22172321428571407,-1,ANOMALY,1000.0,6385.628571428564,0.15660165460833944,669.96,37.30813779927159,70,HIGH RISK,24118.56,0.0,NORMAL,NORMAL,1
2026-09-10 12:34:01,MAITRI,-18.33,14.4,1003.08,69.47,800.0,61.04,0.17,100.0,24994.91,23.2,4999.64,17,0.1669166269841272,-1,ANOMALY,1000.0,4807.198857142864,0.20802135083597215,670.5600000000001,37.27468086375566,70,HIGH RISK,24140.160000000003,0.0,NORMAL,NORMAL,0
2026-09-10 12:34:01,BHARATI,-34.78,50.05,983.49,81.69,800.0,96.0,0.24,100.0,24994.91,36.48,4999.65,33,0.22616416666666658,-1,ANOMALY,1000.0,6513.527999999997,0.1535266295009403,669.96,37.30806316795032,70,HIGH RISK,24118.56,0.0,NORMAL,NORMAL,1
2026-09-10 12:34:06,MAITRI,-33.71,52.16,977.23,71.88,800.0,94.31,0.21,100.0,24994.86,35.84,4999.64,15,0.22026035714285686,-1,ANOMALY,1000.0,6343.498285714277,0.1576417230618673,670.5600000000001,37.27460629921259,70,HIGH RISK,24140.160000000003,0.0,NORMAL,NORMAL,0
2026-09-10 12:34:06,BHARATI,-26.92,42.62,1009.91,71.41,800.0,72.07,0.2,100.0,24994.87,27.39,4999.65,22,0.20083166666666674,-1,ANOMALY,1000.0,5783.952000000002,0.17289216784648276,669.96,37.3080034628933,70,HIGH RISK,24118.56,0.0,NORMAL,NORMAL,1
2026-09-10 12:34:11,MAITRI,-18.24,28.09,990.11,73.52,800.0,60.55,0.17,100.0,24994.83,23.01,4999.64,16,0.1671154365079367,-1,ANOMALY,1000.0,4812.924571428577,0.20777387743335837,670.5600000000001,37.27456156048676,70,HIGH RISK,24140.160000000003,0.0,NORMAL,NORMAL,0
2026-09-10 12:34:11,BHARATI,-27.27,52.23,974.2,70.38,800.0,97.57,0.2,100.0,24994.82,37.08,4999.65,18,0.20033583333333335,-1,ANOMALY,1000.0,5769.6720000000005,0.17332007781378211,669.96,37.307928831572035,70,HIGH RISK,24118.56,0.0,NORMAL,NORMAL,1
2026-09-10 12:34:16,BHARATI,-21.8,44.88,977.91,81.87,800.0,93.06,0.19,100.0,24994.77,35.36,4999.64,30,0.16897543650793673,-1,ANOMALY,1000.0,4866.492571428577,0.2054868029329892,669.96,37.30785420025076,70,HIGH RISK,24118.56,0.0,NORMAL,NORMAL,1
2026-09-10 12:34:16,MAITRI,-33.58,25.61,990.29,60.36,800.0,78.66,0.22,100.0,24994.79,29.89,4999.64,21,0.2201103571428569,-1,ANOMALY,1000.0,6339.178285714278,0.1577491521659141,670.5600000000001,37.2745019088523,70,HIGH RISK,24140.160000000003,0.0,NORMAL,NORMAL,0
2026-09-10 12:34:21,MAITRI,-25.64,43.74,1008.59,64.18,800.0,73.52,0.2,100.0,24994.75,27.94,4999.63,29,0.19736666666666683,-1,ANOMALY,1000.0,5684.160000000004,0.17592748972583447,670.5600000000001,37.27444225721784,70,HIGH RISK,24140.160000000003,0.0,NORMAL,NORMAL,0
2026-09-10 12:34:21,BHARATI,-28.99,19.07,996.64,73.97,800.0,71.84,0.2,100.0,24994.73,27.3,4999.64,16,0.20033583333333335,-1,ANOMALY,1000.0,5769.6720000000005,0.17332007781378211,669.96,37.30779449519374,70,HIGH RISK,24118.56,0.0,NORMAL,NORMAL,1
2026-09-10 12:34:26,MAITRI,-17.71,44.11,1005.04,78.65,800.0,62.4,0.17,100.0,24994.71,23.71,4999.63,22,0.16785710317460334,-1,ANOMALY,1000.0,4834.284571428576,0.20685584086426478,670.5600000000001,37.27438260558339,70,HIGH RISK,24140.160000000003,0.0,NORMAL,NORMAL,0
2026-09-10 12:34:26,BHARATI,-19.36,21.17,1005.42,65.27,800.0,68.93,0.19,100.0,24994.7,26.19,4999.64,34,0.16880579365079393,-1,ANOMALY,1000.0,4861.606857142865,0.20569330869088281,669.96,37.30774971640098,70,HIGH RISK,24118.56,0.0,NORMAL,NORMAL,1
2026-09-10 12:34:31,MAITRI,-31.25,17.53,986.43,69.49,800.0,81.01,0.23,100.0,24994.67,30.78,4999.63,33,0.22013154761904738,-1,ANOMALY,1000.0,6339.788571428564,0.15773396679294416,670.5600000000001,37.27432295394893,70,HIGH RISK,24140.160000000003,0.0,NORMAL,NORMAL,0
2026-09-10 12:34:31,BHARATI,-32.98,13.31,1005.64,55.09,800.0,80.43,0.22,100.0,24994.65,30.56,4999.63,27,0.22032619047619023,-1,ANOMALY,1000.0,6345.394285714278,0.15759461980973394,669.96,37.30767508507971,70,HIGH RISK,24118.56,0.0,NORMAL,NORMAL,1
2026-09-10 12:34:36,MAITRI,-43.19,74.22,950.59,85.59,0.0,97.9,0.25,55.63,24994.62,37.2,4999.62,27,0.24525458333333325,-1,ANOMALY,556.3000000000001,7063.331999999997,0.0787588633806255,670.5600000000001,37.27424838940586,70,HIGH RISK,24140.160000000003,0.0,NORMAL,NORMAL,0
2026-09-10 12:34:36,BHARATI,-26.22,34.79,994.95,67.72,800.0,73.33,0.2,100.0,24994.62,27.87,4999.63,27,0.20354416666666691,-1,ANOMALY,1000.0,5862.0720000000065,0.1705881469896649,669.96,37.30763030628694,70,HIGH RISK,24118.56,0.0,NORMAL,NORMAL,1
2026-09-10 12:34:41,BHARATI,-27.85,18.97,1009.03,66.26,800.0,71.04,0.2,100.0,24994.58,26.99,4999.63,17,0.20062750000000004,-1,ANOMALY,1000.0,5778.072000000001,0.17306810991624885,669.96,37.307570601229926,70,HIGH RISK,24118.56,0.0,NORMAL,NORMAL,1
2026-09-10 12:34:41,MAITRI,-23.95,30.1,1011.54,75.18,800.0,67.35,0.19,100.0,24994.58,25.59,4999.62,18,0.17676666666666663,-1,ANOMALY,1000.0,5090.879999999999,0.19642969388396508,670.5600000000001,37.27418873777141,70,HIGH RISK,24140.160000000003,0.0,NORMAL,NORMAL,0
2026-09-10 12:34:46,MAITRI,-36.56,64.87,950.97,95.44,0.0,89.32,0.22,58.2,24994.54,33.94,4999.62,16,0.234518472222222,-1,ANOMALY,582.0000000000001,6754.131999999993,0.08616947373844644,670.5600000000001,37.27412908613696,70,HIGH RISK,24140.160000000003,0.0,NORMAL,NORMAL,0
2026-09-10 12:34:46,BHARATI,-22.44,18.86,996.67,75.19,800.0,68.56,0.19,100.0,24994.54,26.05,4999.62,25,0.1690457936507939,-1,ANOMALY,1000.0,4868.518857142863,0.20540127898094648,669.96,37.30751089617291,70,HIGH RISK,24118.56,0.0,NORMAL,NORMAL,1
2026-09-10 12:34:51,MAITRI,-21.29,11.25,1000.71,68.51,800.0,66.56,0.18,100.0,24994.5,25.29,4999.62,23,0.16863912698412722,-1,ANOMALY,1000.0,4856.806857142864,0.20589659614100336,670.5600000000001,37.2740694345025,70,HIGH RISK,24140.160000000003,0.0,NORMAL,NORMAL,0
2026-09-10 12:34:51,BHARATI,-22.06,12.96,1014.14,68.52,800.0,68.16,0.19,100.0,24994.51,25.9,4999.62,25,0.16889996031746055,-1,ANOMALY,1000.0,4864.318857142864,0.2055786286566268,669.96,37.30746611738014,70,HIGH RISK,24118.56,0.0,NORMAL,NORMAL,1
2026-09-10 12:34:57,MAITRI,-21.56,29.97,997.42,55.42,800.0,66.04,0.18,100.0,24994.47,25.1,4999.61,21,0.16839626984127004,-1,ANOMALY,1000.0,4849.812571428577,0.2061935353731488,670.5600000000001,37.27402469577666,70,HIGH RISK,24140.160000000003,0.0,NORMAL,NORMAL,0
2026-09-10 12:34:57,BHARATI,-44.54,58.65,961.73,88.16,0.0,92.67,0.25,57.2,24994.46,35.22,4999.62,21,0.24445124999999993,-1,ANOMALY,572.0000000000001,7040.195999999997,0.08124773798911285,669.96,37.30739148605887,70,HIGH RISK,24118.56,0.0,NORMAL,NORMAL,1
2026-09-10 12:35:02,MAITRI,-20.28,31.48,986.1,79.04,800.0,66.3,0.18,100.0,24994.43,25.19,4999.61,25,0.16862126984127002,-1,ANOMALY,1000.0,4856.292571428576,0.20591840077415888,670.5600000000001,37.27396504414221,70,HIGH RISK,24140.160000000003,0.0,NORMAL,NORMAL,0
2026-09-10 12:35:02,BHARATI,-28.46,24.45,1001.08,54.61,800.0,73.68,0.2,100.0,24994.42,28.0,4999.62,22,0.20084833333333343,-1,ANOMALY,1000.0,5784.4320000000025,0.17287782102028335,669.96,37.30733178100185,70,HIGH RISK,24118.56,0.0,NORMAL,NORMAL,1
2026-09-10 12:35:07,BHARATI,-16.01,20.74,990.33,58.0,800.0,61.41,0.17,100.0,24994.39,23.33,4999.61,24,0.16680954365079395,-1,ANOMALY,1000.0,4804.114857142866,0.20815489007578108,669.96,37.30728700220909,70,HIGH RISK,24118.56,0.0,NORMAL,NORMAL,1
2026-09-10 12:35:07,MAITRI,-15.25,41.79,1003.54,75.01,800.0,58.62,0.16,100.0,24994.4,22.27,4999.61,19,0.16493251984127003,-1,ANOMALY,1000.0,4750.056571428577,0.2105238084984008,670.5600000000001,37.27392030541637,70,HIGH RISK,24140.160000000003,0.0,NORMAL,NORMAL,0
2026-09-10 12:35:12,MAITRI,-34.26,12.37,1012.51,65.72,800.0,77.37,0.21,100.0,24994.36,29.4,4999.61,16,0.22454809523809524,-1,ANOMALY,1000.0,6466.985142857142,0.15463155982421134,670.5600000000001,37.27386065378191,70,HIGH RISK,24140.160000000003,0.0,NORMAL,NORMAL,0
2026-09-10 12:35:12,BHARATI,-27.68,38.31,1004.21,60.21,800.0,70.07,0.19,100.0,24994.35,26.63,4999.61,15,0.20058583333333338,-1,ANOMALY,1000.0,5776.872000000001,0.17310406046732554,669.96,37.30722729715207,70,HIGH RISK,24118.56,0.0,NORMAL,NORMAL,1
2026-09-10 12:35:17,MAITRI,-34.75,28.13,1000.03,64.4,800.0,78.29,0.22,100.0,24994.32,29.75,4999.61,17,0.22459476190476188,-1,ANOMALY,1000.0,6468.329142857141,0.1545994302260085,670.5600000000001,37.27380100214746,70,HIGH RISK,24140.160000000003,0.0,NORMAL,NORMAL,0
2026-09-10 12:35:17,BHARATI,-32.17,14.92,992.85,67.6,800.0,76.38,0.21,100.0,24994.31,29.03,4999.61,19,0.21830202380952352,-1,ANOMALY,1000.0,6287.098285714276,0.1590558878763242,669.96,37.30716759209505,70,HIGH RISK,24118.56,0.0,NORMAL,NORMAL,1
2026-09-10 12:35:22,MAITRI,-31.39,25.49,999.01,72.66,800.0,75.56,0.21,100.0,24994.28,28.71,4999.6,19,0.2184478571428569,-1,ANOMALY,1000.0,6291.298285714278,0.15894970395390587,670.5600000000001,37.273741350513,70,HIGH RISK,24140.160000000003,0.0,NORMAL,NORMAL,0
2026-09-10 12:35:22,BHARATI,-20.01,12.37,1014.08,77.78,800.0,68.41,0.19,100.0,24994.27,26.0,4999.61,31,0.1687599603174606,-1,ANOMALY,1000.0,4860.286857142865,0.2057491727119689,669.96,37.30710788703803,70,HIGH RISK,24118.56,0.0,NORMAL,NORMAL,1
2026-09-10 12:35:27,MAITRI,-33.64,15.47,990.42,54.38,800.0,83.12,0.23,100.0,24994.24,31.59,4999.6,32,0.22195654761904746,-1,ANOMALY,1000.0,6392.348571428566,0.15643702605168155,670.5600000000001,37.27368169887855,70,HIGH RISK,24140.160000000003,0.0,NORMAL,NORMAL,0
2026-09-10 12:35:27,BHARATI,-22.06,10.77,994.47,54.56,800.0,66.96,0.19,100.0,24994.24,25.45,4999.6,22,0.1686791269841272,-1,ANOMALY,1000.0,4857.958857142863,0.20584777051572958,669.96,37.307063108245266,70,HIGH RISK,24118.56,0.0,NORMAL,NORMAL,1
2026-09-10 12:35:32,MAITRI,-32.79,26.67,996.54,60.17,800.0,77.03,0.21,100.0,24994.19,29.27,4999.6,19,0.21857285714285687,-1,ANOMALY,1000.0,6294.898285714277,0.15885880193956634,670.5600000000001,37.27360713433548,70,HIGH RISK,24140.160000000003,0.0,NORMAL,NORMAL,0
2026-09-10 12:35:32,BHARATI,-15.61,14.56,1014.26,60.1,800.0,63.39,0.18,100.0,24994.2,24.09,4999.6,30,0.16616704365079396,-1,ANOMALY,1000.0,4785.610857142866,0.20895973990602026,669.96,37.30700340318825,70,HIGH RISK,24118.56,0.0,NORMAL,NORMAL,1
2026-09-10 12:35:37,BHARATI,-23.66,14.12,1004.96,55.94,800.0,69.44,0.19,100.0,24994.17,26.39,4999.6,24,0.17785833333333348,-1,ANOMALY,1000.0,5122.320000000003,0.1952240391072794,669.96,37.306958624395484,70,HIGH RISK,24118.56,0.0,NORMAL,NORMAL,1
2026-09-10 12:35:37,MAITRI,-31.85,59.36,976.6,71.83,800.0,97.8,0.21,100.0,24994.14,37.16,4999.6,15,0.21874785714285686,-1,ANOMALY,1000.0,6299.938285714277,0.1587317136530682,670.5600000000001,37.27353256979241,70,HIGH RISK,24140.160000000003,0.0,NORMAL,NORMAL,0
2026-09-10 12:35:42,MAITRI,-18.98,23.97,996.8,72.78,800.0,67.73,0.19,100.0,24994.11,25.74,4999.59,32,0.16865829365079393,-1,ANOMALY,1000.0,4857.3588571428645,0.20587319763897527,670.5600000000001,37.27348783106657,70,HIGH RISK,24140.160000000003,0.0,NORMAL,NORMAL,0
2026-09-10 12:35:42,BHARATI,-22.85,48.08,990.39,71.39,800.0,92.36,0.2,100.0,24994.12,35.1,4999.59,33,0.1705129365079367,-1,ANOMALY,1000.0,4910.772571428577,0.203633946686538,669.96,37.30688399307421,70,HIGH RISK,24118.56,0.0,NORMAL,NORMAL,1
2026-09-10 12:35:47,MAITRI,-32.03,25.42,1004.89,75.17,800.0,76.63,0.21,100.0,24994.07,29.12,4999.59,20,0.21847285714285689,-1,ANOMALY,1000.0,6292.018285714277,0.15893151522945373,670.5600000000001,37.27342817943211,70,HIGH RISK,24140.160000000003,0.0,NORMAL,NORMAL,0
2026-09-10 12:35:47,BHARATI,-15.12,29.93,993.02,64.16,800.0,56.88,0.16,100.0,24994.09,21.61,4999.59,15,0.16468918650793668,-1,ANOMALY,1000.0,4743.048571428576,0.21083486389404746,669.96,37.306839214281446,70,HIGH RISK,24118.56,0.0,NORMAL,NORMAL,1
2026-09-10 12:35:52,MAITRI,-28.95,17.64,1012.36,67.3,800.0,73.0,0.2,100.0,24994.03,27.74,4999.59,19,0.2002691666666667,-1,ANOMALY,1000.0,5767.752,0.17337777352424305,670.5600000000001,37.27336852779766,70,HIGH RISK,24140.160000000003,0.0,NORMAL,NORMAL,0
2026-09-10 12:35:52,BHARATI,-24.74,44.25,994.58,56.13,800.0,74.17,0.21,100.0,24994.05,28.19,4999.59,33,0.18246583333333333,-1,ANOMALY,1000.0,5255.016,0.19029437779066707,669.96,37.30677950922443,70,HIGH RISK,24118.56,0.0,NORMAL,NORMAL,1
2026-09-10 12:35:57,MAITRI,-32.15,41.27,995.17,62.35,800.0,77.56,0.22,100.0,24993.99,29.47,4999.58,22,0.21904785714285688,-1,ANOMALY,1000.0,6308.578285714277,0.158514320455449,670.5600000000001,37.273308876163206,70,HIGH RISK,24140.160000000003,0.0,NORMAL,NORMAL,0
2026-09-10 12:35:57,BHARATI,-22.47,31.84,986.22,50.26,800.0,68.6,0.19,100.0,24994.01,26.07,4999.59,25,0.1690154365079367,-1,ANOMALY,1000.0,4867.6445714285765,0.20543817144531484,669.96,37.30671980416741,70,HIGH RISK,24118.56,0.0,NORMAL,NORMAL,1
2026-09-10 12:36:02,BHARATI,-24.41,11.54,989.02,76.39,800.0,69.03,0.19,100.0,24993.98,26.23,4999.58,21,0.1790666666666667,-1,ANOMALY,1000.0,5157.120000000001,0.19390667659468847,669.96,37.306675025374645,70,HIGH RISK,24118.56,0.0,NORMAL,NORMAL,1
2026-09-10 12:36:02,MAITRI,-16.67,13.55,989.59,70.76,800.0,58.51,0.16,100.0,24993.96,22.23,4999.58,15,0.16650329365079386,-1,ANOMALY,1000.0,4795.294857142862,0.2085377499801589,670.5600000000001,37.27326413743736,70,HIGH RISK,24140.160000000003,0.0,NORMAL,NORMAL,0
2026-09-10 12:36:07,MAITRI,-20.65,20.21,993.81,72.54,800.0,69.08,0.19,100.0,24993.92,26.25,4999.58,31,0.16880579365079393,-1,ANOMALY,1000.0,4861.606857142865,0.20569330869088281,670.5600000000001,37.27320448580291,70,HIGH RISK,24140.160000000003,0.0,NORMAL,NORMAL,0
2026-09-10 12:36:07,BHARATI,-22.39,35.16,983.86,84.94,800.0,92.32,0.18,100.0,24993.93,35.08,4999.58,15,0.16780293650793662,-1,ANOMALY,1000.0,4832.724571428575,0.2069226137802419,669.96,37.306600394053376,70,HIGH RISK,24118.56,0.0,NORMAL,NORMAL,1
2026-09-10 12:36:12,MAITRI,-25.64,14.29,1005.78,74.36,800.0,67.92,0.19,100.0,24993.88,25.81,4999.58,15,0.19464999999999996,-1,ANOMALY,1000.0,5605.919999999998,0.1783828524131633,670.5600000000001,37.273144834168455,70,HIGH RISK,24140.160000000003,0.0,NORMAL,NORMAL,0
2026-09-10 12:36:12,BHARATI,-21.0,43.88,998.1,74.37,800.0,65.85,0.18,100.0,24993.89,25.02,4999.58,22,0.1685004365079367,-1,ANOMALY,1000.0,4852.812571428576,0.20606606690058482,669.96,37.30654068899636,70,HIGH RISK,24118.56,0.0,NORMAL,NORMAL,1
2026-09-10 12:36:17,MAITRI,-25.19,42.77,981.89,88.77,800.0,97.53,0.2,100.0,24993.83,37.06,4999.57,30,0.18482333333333337,-1,ANOMALY,1000.0,5322.912000000001,0.18786709229835094,670.5600000000001,37.273070269625386,70,HIGH RISK,24140.160000000003,0.0,NORMAL,NORMAL,0
2026-09-10 12:36:17,BHARATI,-19.73,14.26,996.54,73.93,800.0,67.71,0.19,100.0,24993.86,25.73,4999.58,30,0.1686099603174606,-1,ANOMALY,1000.0,4855.966857142865,0.20593221276398418,669.96,37.306495910203594,70,HIGH RISK,24118.56,0.0,NORMAL,NORMAL,1
2026-09-10 12:36:22,MAITRI,-38.88,40.93,982.0,72.67,800.0,92.5,0.24,100.0,24993.78,35.15,4999.57,24,0.23722716269841257,-1,ANOMALY,1000.0,6832.1422857142825,0.14636697512739996,670.5600000000001,37.272995705082316,70,HIGH RISK,24140.160000000003,0.0,NORMAL,NORMAL,0
2026-09-10 12:36:22,BHARATI,-19.12,20.15,1014.87,64.12,800.0,62.28,0.17,100.0,24993.82,23.66,4999.57,18,0.1673724603174605,-1,ANOMALY,1000.0,4820.326857142862,0.207454811600209,669.96,37.306436205146575,70,HIGH RISK,24118.56,0.0,NORMAL,NORMAL,1
2026-09-10 12:36:27,MAITRI,-30.81,39.3,991.31,78.71,800.0,76.55,0.21,100.0,24993.74,29.09,4999.57,23,0.21804869047619022,-1,ANOMALY,1000.0,6279.802285714279,0.15924068219072246,670.5600000000001,37.272936053447864,70,HIGH RISK,24140.160000000003,0.0,NORMAL,NORMAL,0
2026-09-10 12:36:27,BHARATI,-43.88,59.84,965.67,85.31,0.0,96.92,0.25,55.92,24993.77,36.83,4999.57,19,0.2451670833333333,-1,ANOMALY,559.2,7060.812,0.07919769001072399,669.96,37.3063615738253,70,HIGH RISK,24118.56,0.0,NORMAL,NORMAL,1
2026-09-10 12:36:32,BHARATI,-21.55,48.36,985.98,89.54,800.0,94.35,0.2,100.0,24993.72,35.85,4999.57,34,0.16897543650793673,-1,ANOMALY,1000.0,4866.492571428577,0.2054868029329892,669.96,37.30628694250403,70,HIGH RISK,24118.56,0.0,NORMAL,NORMAL,1
2026-09-10 12:36:32,MAITRI,-22.24,41.61,994.7,67.16,800.0,64.35,0.18,100.0,24993.71,24.45,4999.57,15,0.16776126984126996,-1,ANOMALY,1000.0,4831.524571428574,0.2069740069032335,670.5600000000001,37.27289131472202,70,HIGH RISK,24140.160000000003,0.0,NORMAL,NORMAL,0
2026-09-10 12:36:37,MAITRI,-37.18,44.05,986.42,86.91,800.0,95.52,0.23,100.0,24993.66,36.3,4999.56,21,0.2343184126984125,-1,ANOMALY,1000.0,6748.37028571428,0.1481839255496863,670.5600000000001,37.272816750178954,70,HIGH RISK,24140.160000000003,0.0,NORMAL,NORMAL,0
2026-09-10 12:36:37,BHARATI,-33.65,15.6,989.06,71.77,800.0,83.53,0.23,100.0,24993.68,31.74,4999.56,33,0.22157321428571403,-1,ANOMALY,1000.0,6381.308571428564,0.15670767034795388,669.96,37.30622723744701,70,HIGH RISK,24118.56,0.0,NORMAL,NORMAL,1
2026-09-10 12:36:42,MAITRI,-30.7,44.45,998.21,51.29,800.0,79.24,0.22,100.0,24993.62,30.11,4999.56,30,0.21939571428571406,-1,ANOMALY,1000.0,6318.596571428564,0.1582629922159932,670.5600000000001,37.272757098544496,70,HIGH RISK,24140.160000000003,0.0,NORMAL,NORMAL,0
2026-09-10 12:36:42,BHARATI,-21.91,29.25,990.36,69.1,800.0,71.61,0.2,100.0,24993.64,27.21,4999.56,34,0.16925293650793674,-1,ANOMALY,1000.0,4874.4845714285775,0.20514989540872164,669.96,37.30616753238999,70,HIGH RISK,24118.56,0.0,NORMAL,NORMAL,1
2026-09-10 12:36:47,MAITRI,-29.66,19.76,1003.76,70.78,800.0,76.14,0.21,100.0,24993.58,28.93,4999.56,25,0.20391619047619064,-1,ANOMALY,1000.0,5872.78628571429,0.17027692671748107,670.5600000000001,37.272697446910044,70,HIGH RISK,24140.160000000003,0.0,NORMAL,NORMAL,0
2026-09-10 12:36:47,BHARATI,-30.71,33.95,1003.75,67.78,800.0,78.45,0.22,100.0,24993.6,29.81,4999.56,28,0.21888321428571406,-1,ANOMALY,1000.0,6303.836571428565,0.1586335541331113,669.96,37.30610782733297,70,HIGH RISK,24118.56,0.0,NORMAL,NORMAL,1
2026-09-10 12:36:52,MAITRI,-16.41,28.49,998.54,64.4,800.0,65.43,0.18,100.0,24993.54,24.86,4999.55,33,0.16727501984127013,-1,ANOMALY,1000.0,4817.520571428579,0.20757565747217177,670.5600000000001,37.272637795275585,70,HIGH RISK,24140.160000000003,0.0,NORMAL,NORMAL,0
2026-09-10 12:36:52,BHARATI,-37.96,72.92,956.04,89.81,0.0,98.42,0.23,55.48,24993.55,37.4,4999.55,24,0.2378455555555554,-1,ANOMALY,554.8,6849.951999999995,0.08099326827399672,669.96,37.3060331960117,70,HIGH RISK,24118.56,0.0,NORMAL,NORMAL,1
2026-09-10 12:36:57,BHARATI,-38.73,67.63,961.24,91.84,0.0,97.85,0.23,55.64,24993.5,37.18,4999.55,15,0.23965305555555536,-1,ANOMALY,556.4,6902.007999999994,0.08061422125271377,669.96,37.30595856469043,70,HIGH RISK,24118.56,0.0,NORMAL,NORMAL,1
2026-09-10 12:36:57,MAITRI,-18.09,39.53,995.57,60.46,800.0,62.79,0.17,100.0,24993.51,23.86,4999.55,22,0.16785710317460334,-1,ANOMALY,1000.0,4834.284571428576,0.20685584086426478,670.5600000000001,37.272593056549745,70,HIGH RISK,24140.160000000003,0.0,NORMAL,NORMAL,0
2026-09-10 12:37:02,MAITRI,-31.91,58.79,982.27,74.81,800.0,93.33,0.22,100.0,24993.46,35.47,4999.55,28,0.22019821428571404,-1,ANOMALY,1000.0,6341.708571428564,0.1576862116473345,670.5600000000001,37.272518492006675,70,HIGH RISK,24140.160000000003,0.0,NORMAL,NORMAL,0
2026-09-10 12:37:02,BHARATI,-26.66,17.31,1012.48,75.37,800.0,70.99,0.2,100.0,24993.46,26.98,4999.55,20,0.20067750000000012,-1,ANOMALY,1000.0,5779.512000000003,0.1730249889610056,669.96,37.30589885963341,70,HIGH RISK,24118.56,0.0,NORMAL,NORMAL,1
2026-09-10 12:37:07,MAITRI,-29.0,32.48,1010.39,59.82,800.0,73.05,0.2,100.0,24993.42,27.76,4999.55,19,0.20015249999999998,-1,ANOMALY,1000.0,5764.391999999999,0.17347883350056695,670.5600000000001,37.272458840372224,70,HIGH RISK,24140.160000000003,0.0,NORMAL,NORMAL,0
2026-09-10 12:37:07,BHARATI,-34.03,11.58,1001.72,54.56,800.0,79.13,0.22,100.0,24993.42,30.07,4999.55,21,0.2239980952380952,-1,ANOMALY,1000.0,6451.145142857142,0.1550112387576992,669.96,37.30583915457639,70,HIGH RISK,24118.56,0.0,NORMAL,NORMAL,1
2026-09-10 12:37:12,MAITRI,-27.39,10.66,991.08,53.98,800.0,73.76,0.2,100.0,24993.38,28.03,4999.54,25,0.2034650000000002,-1,ANOMALY,1000.0,5859.792000000005,0.1706545215256786,670.5600000000001,37.27239918873777,70,HIGH RISK,24140.160000000003,0.0,NORMAL,NORMAL,0
2026-09-10 12:37:12,BHARATI,-16.16,10.43,995.86,55.34,800.0,58.77,0.16,100.0,24993.39,22.33,4999.55,17,0.1656845436507939,-1,ANOMALY,1000.0,4771.714857142864,0.20956826422749933,669.96,37.30579437578363,70,HIGH RISK,24118.56,0.0,NORMAL,NORMAL,1
2026-09-10 12:37:17,MAITRI,-26.92,22.22,992.22,68.29,800.0,73.67,0.2,100.0,24993.34,27.99,4999.54,26,0.20368583333333354,-1,ANOMALY,1000.0,5866.1520000000055,0.17046950027888794,670.5600000000001,37.27233953710331,70,HIGH RISK,24140.160000000003,0.0,NORMAL,NORMAL,0
2026-09-10 12:37:17,BHARATI,-23.33,28.76,994.46,72.76,800.0,71.9,0.2,100.0,24993.35,27.32,4999.54,31,0.17549583333333346,-1,ANOMALY,1000.0,5054.280000000003,0.19785211741336042,669.96,37.30573467072661,70,HIGH RISK,24118.56,0.0,NORMAL,NORMAL,1
2026-09-10 12:37:22,BHARATI,-27.02,17.24,997.47,70.45,800.0,70.57,0.2,100.0,24993.31,26.82,4999.54,18,0.20066916666666676,-1,ANOMALY,1000.0,5779.272000000002,0.17303217429461698,669.96,37.305674965669596,70,HIGH RISK,24118.56,0.0,NORMAL,NORMAL,1
2026-09-10 12:37:22,MAITRI,-23.45,31.64,992.29,73.74,800.0,70.42,0.2,100.0,24993.31,26.76,4999.54,27,0.17750000000000007,-1,ANOMALY,1000.0,5112.000000000002,0.19561815336463217,670.5600000000001,37.27229479837747,70,HIGH RISK,24140.160000000003,0.0,NORMAL,NORMAL,0
2026-09-10 12:37:27,BHARATI,-25.85,23.13,1013.57,59.49,800.0,75.74,0.21,100.0,24993.27,28.78,4999.54,34,0.20330083333333362,-1,ANOMALY,1000.0,5855.064000000008,0.1707923260958375,669.96,37.30561526061257,70,HIGH RISK,24118.56,0.0,NORMAL,NORMAL,1
2026-09-10 12:37:27,MAITRI,-17.66,25.85,996.9,70.22,800.0,59.95,0.17,100.0,24993.28,22.78,4999.54,16,0.16708210317460334,-1,ANOMALY,1000.0,4811.964571428576,0.20781532888616425,670.5600000000001,37.27225005965163,70,HIGH RISK,24140.160000000003,0.0,NORMAL,NORMAL,0
2026-09-10 12:37:33,MAITRI,-44.81,58.03,965.53,89.54,0.0,89.3,0.25,58.21,24993.23,33.93,4999.53,19,0.24445541666666665,-1,ANOMALY,582.1,7040.315999999999,0.0826809478438184,670.5600000000001,37.27217549510856,70,HIGH RISK,24140.160000000003,0.0,NORMAL,NORMAL,0
2026-09-10 12:37:33,BHARATI,-32.94,13.97,1004.73,57.81,800.0,77.58,0.22,100.0,24993.23,29.48,4999.53,20,0.2195936904761902,-1,ANOMALY,1000.0,6324.298285714278,0.15812030913514355,669.96,37.30555555555555,70,HIGH RISK,24118.56,0.0,NORMAL,NORMAL,1
2026-09-10 12:37:38,MAITRI,-20.63,22.61,991.77,64.52,800.0,63.86,0.18,100.0,24993.19,24.27,4999.53,18,0.1674391269841272,-1,ANOMALY,1000.0,4822.2468571428635,0.20737221250271926,670.5600000000001,37.272115843474104,70,HIGH RISK,24140.160000000003,0.0,NORMAL,NORMAL,0
2026-09-10 12:37:38,BHARATI,-34.0,22.98,989.62,76.97,800.0,84.3,0.23,100.0,24993.19,32.04,4999.53,34,0.22565916666666663,-1,ANOMALY,1000.0,6498.983999999999,0.1538702049428034,669.96,37.30549585049853,70,HIGH RISK,24118.56,0.0,NORMAL,NORMAL,1
2026-09-10 12:37:43,MAITRI,-25.9,17.16,996.77,63.14,800.0,72.19,0.2,100.0,24993.16,27.43,4999.53,25,0.20269666666666686,-1,ANOMALY,1000.0,5837.664000000005,0.1713013972712371,670.5600000000001,37.272071104748264,70,HIGH RISK,24140.160000000003,0.0,NORMAL,NORMAL,0
2026-09-10 12:37:43,BHARATI,-32.17,29.77,1001.11,63.49,800.0,80.78,0.22,100.0,24993.14,30.7,4999.53,30,0.2201273809523807,-1,ANOMALY,1000.0,6339.668571428563,0.15773695244997055,669.96,37.30542121917726,70,HIGH RISK,24118.56,0.0,NORMAL,NORMAL,1
2026-09-10 12:37:48,MAITRI,-39.05,65.56,953.67,89.52,0.0,99.9,0.25,55.03,24993.1,37.96,4999.52,31,0.24268287698412677,-1,ANOMALY,550.3,6989.266857142851,0.07873501058807154,670.5600000000001,37.27198162729658,70,HIGH RISK,24140.160000000003,0.0,NORMAL,NORMAL,0
2026-09-10 12:37:48,BHARATI,-19.06,27.27,1014.75,55.39,800.0,68.21,0.19,100.0,24993.11,25.92,4999.52,33,0.16886543650793676,-1,ANOMALY,1000.0,4863.324571428579,0.20562065831979928,669.96,37.3053764403845,70,HIGH RISK,24118.56,0.0,NORMAL,NORMAL,1
2026-09-10 12:37:53,BHARATI,-18.79,42.37,1011.55,59.75,800.0,63.93,0.18,100.0,24993.07,24.29,4999.52,23,0.16832793650793673,-1,ANOMALY,1000.0,4847.844571428578,0.20627724038300116,669.96,37.30531673532748,70,HIGH RISK,24118.56,0.0,NORMAL,NORMAL,1
2026-09-10 12:37:53,MAITRI,-31.19,13.95,986.71,57.92,800.0,78.55,0.22,100.0,24993.06,29.85,4999.52,27,0.21930535714285684,-1,ANOMALY,1000.0,6315.994285714276,0.15832819897602393,670.5600000000001,37.27192197566213,70,HIGH RISK,24140.160000000003,0.0,NORMAL,NORMAL,0
2026-09-10 12:37:58,MAITRI,-18.39,40.14,1001.17,78.02,800.0,65.11,0.18,100.0,24993.03,24.74,4999.52,27,0.16827793650793674,-1,ANOMALY,1000.0,4846.404571428578,0.20633853102058078,670.5600000000001,37.271877236936284,70,HIGH RISK,24140.160000000003,0.0,NORMAL,NORMAL,0
2026-09-10 12:37:58,BHARATI,-25.83,40.49,993.13,67.75,800.0,69.72,0.19,100.0,24993.04,26.49,4999.52,19,0.19975916666666665,-1,ANOMALY,1000.0,5753.0639999999985,0.17382041986670063,669.96,37.30527195653472,70,HIGH RISK,24118.56,0.0,NORMAL,NORMAL,1
2026-09-10 12:38:03,MAITRI,-18.3,12.88,993.28,60.7,800.0,66.22,0.18,100.0,24992.99,25.16,4999.52,30,0.16824996031746062,-1,ANOMALY,1000.0,4845.598857142865,0.20637284048511498,670.5600000000001,37.27181758530184,70,HIGH RISK,24140.160000000003,0.0,NORMAL,NORMAL,0
2026-09-10 12:38:03,BHARATI,-24.67,44.89,991.7,54.02,800.0,68.51,0.19,100.0,24993.0,26.03,4999.52,19,0.18035749999999992,-1,ANOMALY,1000.0,5194.295999999998,0.19251887069970608,669.96,37.3052122514777,70,HIGH RISK,24118.56,0.0,NORMAL,NORMAL,1
2026-09-10 12:38:08,MAITRI,-15.93,22.21,986.43,70.62,800.0,62.53,0.17,100.0,24992.96,23.76,4999.51,27,0.16680954365079395,-1,ANOMALY,1000.0,4804.114857142866,0.20815489007578108,670.5600000000001,37.27177284657599,70,HIGH RISK,24140.160000000003,0.0,NORMAL,NORMAL,0
2026-09-10 12:38:08,BHARATI,-39.71,78.78,953.57,92.91,0.0,86.69,0.25,58.99,24992.95,32.94,4999.51,31,0.24266537698412677,-1,ANOMALY,589.9,6988.76285714285,0.08440692752896801,669.96,37.30513762015643,70,HIGH RISK,24118.56,0.0,NORMAL,NORMAL,1
2026-09-10 12:38:13,MAITRI,-24.39,27.36,1011.47,69.75,800.0,73.01,0.2,100.0,24992.92,27.74,4999.51,31,0.18005000000000002,-1,ANOMALY,1000.0,5185.4400000000005,0.19284766577185347,670.5600000000001,37.27171319494153,70,HIGH RISK,24140.160000000003,0.0,NORMAL,NORMAL,0
2026-09-10 12:38:13,BHARATI,-33.59,38.06,985.78,58.74,800.0,81.07,0.23,100.0,24992.91,30.81,4999.51,27,0.2205595238095235,-1,ANOMALY,1000.0,6352.114285714277,0.15742789802270582,669.96,37.3050779150994,70,HIGH RISK,24118.56,0.0,NORMAL,NORMAL,1
2026-09-10 12:38:18,MAITRI,-20.71,38.22,992.88,72.37,800.0,95.74,0.19,100.0,24992.87,36.38,4999.5,32,0.16877543650793672,-1,ANOMALY,1000.0,4860.732571428577,0.2057303061431537,670.5600000000001,37.27163863039847,70,HIGH RISK,24140.160000000003,0.0,NORMAL,NORMAL,0
2026-09-10 12:38:18,BHARATI,-31.64,19.62,1006.8,64.99,800.0,80.23,0.22,100.0,24992.87,30.49,4999.5,30,0.22013571428571402,-1,ANOMALY,1000.0,6339.908571428563,0.15773098124894117,669.96,37.305018210042384,70,HIGH RISK,24118.56,0.0,NORMAL,NORMAL,1
2026-09-10 12:38:23,BHARATI,-24.06,25.1,1002.24,75.16,800.0,69.86,0.19,100.0,24992.83,26.55,4999.5,24,0.1792166666666667,-1,ANOMALY,1000.0,5161.4400000000005,0.193744381412939,669.96,37.30495850498537,70,HIGH RISK,24118.56,0.0,NORMAL,NORMAL,1
2026-09-10 12:38:23,MAITRI,-16.07,40.62,994.47,75.7,800.0,65.47,0.18,100.0,24992.84,24.88,4999.5,34,0.1671500198412701,-1,ANOMALY,1000.0,4813.920571428578,0.20773088902529196,670.5600000000001,37.27159389167263,70,HIGH RISK,24140.160000000003,0.0,NORMAL,NORMAL,0
2026-09-10 12:38:28,MAITRI,-22.29,11.13,994.04,71.57,800.0,67.61,0.19,100.0,24992.8,25.69,4999.5,23,0.16883329365079391,-1,ANOMALY,1000.0,4862.3988571428645,0.2056598048370713,670.5600000000001,37.27153424003817,70,HIGH RISK,24140.160000000003,0.0,NORMAL,NORMAL,0
2026-09-10 12:38:28,BHARATI,-24.6,39.03,986.7,73.93,800.0,73.63,0.2,100.0,24992.79,27.98,4999.5,32,0.18040333333333333,-1,ANOMALY,1000.0,5195.616,0.1924699592887542,669.96,37.30489879992835,70,HIGH RISK,24118.56,0.0,NORMAL,NORMAL,1
2026-09-10 12:38:33,MAITRI,-26.45,12.14,985.18,60.59,800.0,70.37,0.2,100.0,24992.76,26.74,4999.5,19,0.20053583333333339,-1,ANOMALY,1000.0,5775.432000000002,0.17314722084858755,670.5600000000001,37.27147458840372,70,HIGH RISK,24140.160000000003,0.0,NORMAL,NORMAL,0
2026-09-10 12:38:33,BHARATI,-16.91,35.92,1008.27,67.25,800.0,58.76,0.16,100.0,24992.76,22.33,4999.5,15,0.16698210317460332,-1,ANOMALY,1000.0,4809.084571428575,0.20793978254013995,669.96,37.30485402113558,70,HIGH RISK,24118.56,0.0,NORMAL,NORMAL,1
2026-09-10 12:38:38,MAITRI,-23.78,14.41,1003.87,66.21,800.0,68.37,0.19,100.0,24992.73,25.98,4999.49,21,0.1775375000000001,-1,ANOMALY,1000.0,5113.080000000003,0.19557683431512893,670.5600000000001,37.27142984967788,70,HIGH RISK,24140.160000000003,0.0,NORMAL,NORMAL,0
2026-09-10 12:38:38,BHARATI,-31.46,14.82,991.64,55.9,800.0,74.83,0.21,100.0,24992.72,28.44,4999.49,17,0.2182770238095235,-1,ANOMALY,1000.0,6286.378285714276,0.1590741050808999,669.96,37.30479431607857,70,HIGH RISK,24118.56,0.0,NORMAL,NORMAL,1
2026-09-10 12:38:43,MAITRI,-40.63,71.17,957.44,90.24,0.0,85.11,0.24,59.47,24992.68,32.34,4999.49,23,0.2436987499999999,-1,ANOMALY,594.7,7018.523999999997,0.08473291535371259,670.5600000000001,37.27135528513481,70,HIGH RISK,24140.160000000003,0.0,NORMAL,NORMAL,0
2026-09-10 12:38:43,BHARATI,-33.18,40.93,982.03,72.14,800.0,97.89,0.23,100.0,24992.67,37.2,4999.49,30,0.2217148809523807,-1,ANOMALY,1000.0,6385.388571428564,0.15660754060833545,669.96,37.304719684757295,70,HIGH RISK,24118.56,0.0,NORMAL,NORMAL,1
2026-09-10 12:38:48,BHARATI,-15.3,33.75,1001.29,73.55,800.0,64.26,0.18,100.0,24992.64,24.42,4999.49,33,0.16636585317460348,-1,ANOMALY,1000.0,4791.33657142858,0.20871003009121544,669.96,37.30467490596453,70,HIGH RISK,24118.56,0.0,NORMAL,NORMAL,1
2026-09-10 12:38:48,MAITRI,-25.31,29.65,999.49,70.37,800.0,71.58,0.2,100.0,24992.64,27.2,4999.49,25,0.18691726190476196,-1,ANOMALY,1000.0,5383.217142857145,0.18576252331319662,670.5600000000001,37.27129563350035,70,HIGH RISK,24140.160000000003,0.0,NORMAL,NORMAL,0
2026-09-10 12:38:53,MAITRI,-30.18,15.12,995.67,58.19,800.0,77.49,0.22,100.0,24992.6,29.44,4999.48,27,0.2151311904761903,-1,ANOMALY,1000.0,6195.77828571428,0.1614002234885839,670.5600000000001,37.2712359818659,70,HIGH RISK,24140.160000000003,0.0,NORMAL,NORMAL,0
2026-09-10 12:38:53,BHARATI,-21.77,27.62,988.78,72.77,800.0,70.26,0.2,100.0,24992.6,26.7,4999.48,31,0.16905876984127008,-1,ANOMALY,1000.0,4868.892571428578,0.20538551330299548,669.96,37.30461520090751,70,HIGH RISK,24118.56,0.0,NORMAL,NORMAL,1
2026-09-10 12:38:58,MAITRI,-29.23,31.47,988.47,61.11,800.0,77.29,0.21,100.0,24992.56,29.37,4999.48,29,0.2036025000000002,-1,ANOMALY,1000.0,5863.752000000006,0.17053927246582035,670.5600000000001,37.27117633023145,70,HIGH RISK,24140.160000000003,0.0,NORMAL,NORMAL,0
2026-09-10 12:38:58,BHARATI,-15.08,32.03,991.7,63.48,800.0,61.23,0.17,100.0,24992.57,23.27,4999.48,26,0.16601835317460342,-1,ANOMALY,1000.0,4781.3285714285785,0.20914688983635718,669.96,37.30457042211475,70,HIGH RISK,24118.56,0.0,NORMAL,NORMAL,1
2026-09-10 12:39:03,MAITRI,-34.39,27.53,986.2,53.96,800.0,83.51,0.23,100.0,24992.52,31.74,4999.48,31,0.22633416666666664,-1,ANOMALY,1000.0,6518.423999999999,0.15341131537316385,670.5600000000001,37.27111667859699,70,HIGH RISK,24140.160000000003,0.0,NORMAL,NORMAL,0
2026-09-10 12:39:03,BHARATI,-34.53,21.48,1000.12,50.84,800.0,77.26,0.21,100.0,24992.53,29.36,4999.48,15,0.22435309523809518,-1,ANOMALY,1000.0,6461.369142857141,0.15476596026176145,669.96,37.30451071705773,70,HIGH RISK,24118.56,0.0,NORMAL,NORMAL,1
2026-09-10 12:39:08,MAITRI,-24.79,21.43,986.25,60.73,800.0,71.43,0.2,100.0,24992.48,27.14,4999.48,26,0.18229083333333335,-1,ANOMALY,1000.0,5249.976,0.19047706122847038,670.5600000000001,37.27105702696254,70,HIGH RISK,24140.160000000003,0.0,NORMAL,NORMAL,0
2026-09-10 12:39:08,BHARATI,-36.6,48.52,984.61,79.3,800.0,98.07,0.24,100.0,24992.48,37.27,4999.48,29,0.23314323412698396,-1,ANOMALY,1000.0,6714.525142857137,0.14893085940169465,669.96,37.30443608573646,70,HIGH RISK,24118.56,0.0,NORMAL,NORMAL,1
2026-09-10 12:39:13,BHARATI,-20.56,15.07,1007.96,52.02,800.0,68.99,0.19,100.0,24992.44,26.22,4999.47,31,0.1688557936507939,-1,ANOMALY,1000.0,4863.046857142865,0.20563240071010125,669.96,37.30437638067944,70,HIGH RISK,24118.56,0.0,NORMAL,NORMAL,1
2026-09-10 12:39:13,MAITRI,-28.09,42.61,999.92,68.6,800.0,74.5,0.21,100.0,24992.44,28.31,4999.47,25,0.20327333333333347,-1,ANOMALY,1000.0,5854.272000000004,0.17081543187607262,670.5600000000001,37.27099737532808,70,HIGH RISK,24140.160000000003,0.0,NORMAL,NORMAL,0
2026-09-10 12:39:18,BHARATI,-22.56,24.28,1011.29,78.74,800.0,69.89,0.19,100.0,24992.4,26.56,4999.47,28,0.1696516269841272,-1,ANOMALY,1000.0,4885.966857142863,0.20466778208658662,669.96,37.304316675622424,70,HIGH RISK,24118.56,0.0,NORMAL,NORMAL,1
2026-09-10 12:39:18,MAITRI,-33.54,34.26,992.85,54.2,800.0,79.81,0.22,100.0,24992.4,30.33,4999.47,24,0.22072702380952358,-1,ANOMALY,1000.0,6356.938285714278,0.15730843293653873,670.5600000000001,37.27093772369363,70,HIGH RISK,24140.160000000003,0.0,NORMAL,NORMAL,0
2026-09-10 12:39:23,MAITRI,-41.12,78.44,957.46,93.5,0.0,97.95,0.24,55.61,24992.35,37.22,4999.47,25,0.2451962499999999,-1,ANOMALY,556.1,7061.651999999996,0.07874927849743946,670.5600000000001,37.27086315915056,70,HIGH RISK,24140.160000000003,0.0,NORMAL,NORMAL,0
2026-09-10 12:39:23,BHARATI,-23.5,31.28,1004.49,73.39,800.0,71.28,0.2,100.0,24992.36,27.08,4999.47,29,0.17796666666666675,-1,ANOMALY,1000.0,5125.440000000002,0.1951052007242304,669.96,37.304256970565405,70,HIGH RISK,24118.56,0.0,NORMAL,NORMAL,1
2026-09-10 12:39:28,MAITRI,-31.95,52.41,978.84,82.44,800.0,98.39,0.22,100.0,24992.3,37.39,4999.46,24,0.21922285714285686,-1,ANOMALY,1000.0,6313.618285714277,0.15838778252760133,670.5600000000001,37.27078859460749,70,HIGH RISK,24140.160000000003,0.0,NORMAL,NORMAL,0
2026-09-10 12:39:28,BHARATI,-25.13,20.87,1014.83,76.21,800.0,69.38,0.19,100.0,24992.33,26.36,4999.46,20,0.18293166666666658,-1,ANOMALY,1000.0,5268.431999999997,0.18980979540022544,669.96,37.30421219177264,70,HIGH RISK,24118.56,0.0,NORMAL,NORMAL,1
2026-09-10 12:39:33,MAITRI,-15.89,22.29,1006.49,71.52,800.0,65.28,0.18,100.0,24992.26,24.81,4999.46,34,0.16682204365079392,-1,ANOMALY,1000.0,4804.4748571428645,0.20813929299958542,670.5600000000001,37.27072894297303,70,HIGH RISK,24140.160000000003,0.0,NORMAL,NORMAL,0
2026-09-10 12:39:33,BHARATI,-22.39,23.93,992.43,69.19,800.0,72.11,0.2,100.0,24992.29,27.4,4999.46,34,0.1693457936507939,-1,ANOMALY,1000.0,4877.158857142865,0.20503740585268113,669.96,37.30415248671562,70,HIGH RISK,24118.56,0.0,NORMAL,NORMAL,1
2026-09-10 12:39:38,MAITRI,-33.73,23.1,1013.65,65.29,800.0,77.61,0.22,100.0,24992.22,29.49,4999.46,18,0.2201103571428569,-1,ANOMALY,1000.0,6339.178285714278,0.1577491521659141,670.5600000000001,37.27066929133858,70,HIGH RISK,24140.160000000003,0.0,NORMAL,NORMAL,0
2026-09-10 12:39:38,BHARATI,-34.39,20.55,987.91,66.52,800.0,78.71,0.22,100.0,24992.25,29.91,4999.46,19,0.2242730952380952,-1,ANOMALY,1000.0,6459.065142857141,0.15482116651290717,669.96,37.3040927816586,70,HIGH RISK,24118.56,0.0,NORMAL,NORMAL,1
2026-09-10 12:39:43,MAITRI,-21.99,53.1,972.07,78.66,800.0,93.62,0.18,100.0,24992.17,35.57,4999.46,18,0.16774460317460327,-1,ANOMALY,1000.0,4831.044571428574,0.20699457130123164,670.5600000000001,37.27059472679551,70,HIGH RISK,24140.160000000003,0.0,NORMAL,NORMAL,0
2026-09-10 12:39:43,BHARATI,-32.52,38.06,989.11,89.59,800.0,95.88,0.22,100.0,24992.2,36.44,4999.45,29,0.22023571428571398,-1,ANOMALY,1000.0,6342.788571428562,0.15765936208319392,669.96,37.304018150337335,70,HIGH RISK,24118.56,0.0,NORMAL,NORMAL,1
2026-09-10 12:39:48,BHARATI,-28.3,29.66,995.87,73.65,800.0,76.71,0.21,100.0,24992.16,29.15,4999.45,30,0.2041025000000003,-1,ANOMALY,1000.0,5878.152000000008,0.1701214939661306,669.96,37.303958445280315,70,HIGH RISK,24118.56,0.0,NORMAL,NORMAL,1
2026-09-10 12:39:48,MAITRI,-27.38,31.35,1003.32,55.29,800.0,71.75,0.2,100.0,24992.13,27.26,4999.45,20,0.2004775,-1,ANOMALY,1000.0,5773.7519999999995,0.17319760183672595,670.5600000000001,37.27053507516106,70,HIGH RISK,24140.160000000003,0.0,NORMAL,NORMAL,0
2026-09-10 12:39:53,MAITRI,-24.49,35.82,998.2,59.56,800.0,72.31,0.2,100.0,24992.1,27.48,4999.45,29,0.18028666666666662,-1,ANOMALY,1000.0,5192.2559999999985,0.19259450997793642,670.5600000000001,37.270490336435216,70,HIGH RISK,24140.160000000003,0.0,NORMAL,NORMAL,0
2026-09-10 12:39:53,BHARATI,-27.73,17.72,998.56,58.97,800.0,74.92,0.21,100.0,24992.12,28.47,4999.45,27,0.20396083333333362,-1,ANOMALY,1000.0,5874.072000000007,0.17023965657894535,669.96,37.303898740223296,70,HIGH RISK,24118.56,0.0,NORMAL,NORMAL,1
2026-09-10 12:39:58,MAITRI,-32.99,30.25,1013.09,58.47,800.0,79.64,0.22,100.0,24992.05,30.26,4999.45,25,0.22039369047619023,-1,ANOMALY,1000.0,6347.338285714279,0.1575463532880646,670.5600000000001,37.27041577189215,70,HIGH RISK,24140.160000000003,0.0,NORMAL,NORMAL,0
2026-09-10 12:39:58,BHARATI,-28.29,36.02,973.63,84.14,800.0,95.3,0.21,100.0,24992.07,36.21,4999.44,31,0.2041025000000003,-1,ANOMALY,1000.0,5878.152000000008,0.1701214939661306,669.96,37.30382410890202,70,HIGH RISK,24118.56,0.0,NORMAL,NORMAL,1
2026-09-10 12:40:03,MAITRI,-23.11,22.69,1004.53,69.03,800.0,65.67,0.18,100.0,24992.02,24.95,4999.45,16,0.1693657936507938,-1,ANOMALY,1000.0,4877.734857142861,0.2050131934776281,670.5600000000001,37.270371033166306,70,HIGH RISK,24140.160000000003,0.0,NORMAL,NORMAL,0
2026-09-10 12:40:03,BHARATI,-38.8,40.49,972.57,84.07,800.0,96.76,0.23,100.0,24992.02,36.77,4999.44,22,0.23716049603174588,-1,ANOMALY,1000.0,6830.222285714281,0.14640811940945836,669.96,37.30374947758075,70,HIGH RISK,24118.56,0.0,NORMAL,NORMAL,1
2026-09-10 12:40:08,MAITRI,-28.61,27.19,996.88,54.74,800.0,76.64,0.21,100.0,24991.98,29.12,4999.44,29,0.20369833333333356,-1,ANOMALY,1000.0,5866.512000000006,0.17045903937467424,670.5600000000001,37.27031138153185,70,HIGH RISK,24140.160000000003,0.0,NORMAL,NORMAL,0
2026-09-10 12:40:08,BHARATI,-16.36,32.18,1012.95,63.18,800.0,62.18,0.17,100.0,24991.98,23.63,4999.44,25,0.16713751984127012,-1,ANOMALY,1000.0,4813.560571428579,0.2077464249511288,669.96,37.30368977252373,70,HIGH RISK,24118.56,0.0,NORMAL,NORMAL,1
2026-09-10 12:40:14,BHARATI,-28.14,40.0,974.83,80.9,800.0,98.78,0.21,100.0,24991.93,37.54,4999.44,28,0.20388583333333357,-1,ANOMALY,1000.0,5871.912000000007,0.17030227973443723,669.96,37.30361514120246,70,HIGH RISK,24118.56,0.0,NORMAL,NORMAL,1
2026-09-10 12:40:14,MAITRI,-18.1,44.45,1003.08,56.22,800.0,64.01,0.18,100.0,24991.94,24.32,4999.44,25,0.1680279365079367,-1,ANOMALY,1000.0,4839.204571428577,0.20664553135532995,670.5600000000001,37.270251729897396,70,HIGH RISK,24140.160000000003,0.0,NORMAL,NORMAL,0
2026-09-10 12:40:19,MAITRI,-26.8,36.68,1013.44,60.95,800.0,74.34,0.21,100.0,24991.91,28.25,4999.44,28,0.2038191666666669,-1,ANOMALY,1000.0,5869.992000000007,0.17035798345210673,670.5600000000001,37.270206991171555,70,HIGH RISK,24140.160000000003,0.0,NORMAL,NORMAL,0
2026-09-10 12:40:19,BHARATI,-21.47,20.03,986.96,75.16,800.0,65.54,0.18,100.0,24991.9,24.9,4999.43,20,0.16770579365079383,-1,ANOMALY,1000.0,4829.926857142862,0.20704247281118227,669.96,37.303570362409694,70,HIGH RISK,24118.56,0.0,NORMAL,NORMAL,1
2026-09-10 12:40:24,MAITRI,-30.58,38.99,1002.12,61.58,800.0,79.11,0.22,100.0,24991.86,30.06,4999.43,30,0.2193207142857141,-1,ANOMALY,1000.0,6316.436571428566,0.1583171126143096,670.5600000000001,37.270132426628486,70,HIGH RISK,24140.160000000003,0.0,NORMAL,NORMAL,0
2026-09-10 12:40:24,BHARATI,-27.79,25.66,1004.77,70.45,800.0,75.37,0.21,100.0,24991.86,28.64,4999.43,28,0.2039858333333336,-1,ANOMALY,1000.0,5874.792000000007,0.1702187924270338,669.96,37.303510657352675,70,HIGH RISK,24118.56,0.0,NORMAL,NORMAL,1
2026-09-10 12:40:29,MAITRI,-31.43,30.97,987.88,60.45,800.0,81.2,0.23,100.0,24991.82,30.86,4999.43,33,0.22009821428571402,-1,ANOMALY,1000.0,6338.828571428563,0.15775785521434807,670.5600000000001,37.270072774994034,70,HIGH RISK,24140.160000000003,0.0,NORMAL,NORMAL,0
2026-09-10 12:40:29,BHARATI,-20.47,41.89,995.19,51.1,800.0,63.3,0.18,100.0,24991.82,24.05,4999.43,17,0.16750876984126997,-1,ANOMALY,1000.0,4824.252571428575,0.2072859961608263,669.96,37.303450952295655,70,HIGH RISK,24118.56,0.0,NORMAL,NORMAL,1
2026-09-10 12:40:34,MAITRI,-26.63,15.6,990.68,51.05,800.0,70.96,0.2,100.0,24991.78,26.97,4999.43,20,0.20056916666666674,-1,ANOMALY,1000.0,5776.392000000002,0.17311844487008496,670.5600000000001,37.270013123359576,70,HIGH RISK,24140.160000000003,0.0,NORMAL,NORMAL,0
2026-09-10 12:40:34,BHARATI,-21.7,36.47,978.72,85.73,800.0,94.76,0.18,100.0,24991.77,36.01,4999.43,21,0.1684629365079367,-1,ANOMALY,1000.0,4851.732571428576,0.2061119373909666,669.96,37.30337632097439,70,HIGH RISK,24118.56,0.0,NORMAL,NORMAL,1
2026-09-10 12:40:39,BHARATI,-24.79,33.17,1005.31,74.76,800.0,71.83,0.2,100.0,24991.74,27.29,4999.42,27,0.18219083333333333,-1,ANOMALY,1000.0,5247.096,0.19058160933209534,669.96,37.303331542181624,70,HIGH RISK,24118.56,0.0,NORMAL,NORMAL,1
2026-09-10 12:40:39,MAITRI,-17.39,22.55,1011.59,75.75,800.0,61.66,0.17,100.0,24991.75,23.43,4999.42,21,0.16768329365079387,-1,ANOMALY,1000.0,4829.278857142863,0.20707025408585086,670.5600000000001,37.269968384633735,70,HIGH RISK,24140.160000000003,0.0,NORMAL,NORMAL,0
2026-09-10 12:40:44,MAITRI,-34.95,43.44,970.72,83.46,800.0,96.99,0.22,100.0,24991.7,36.86,4999.42,23,0.2248030952380952,-1,ANOMALY,1000.0,6474.329142857141,0.15445615722259942,670.5600000000001,37.269893820090665,70,HIGH RISK,24140.160000000003,0.0,NORMAL,NORMAL,0
2026-09-10 12:40:44,BHARATI,-34.19,10.44,986.98,70.57,800.0,84.5,0.23,100.0,24991.69,32.11,4999.42,34,0.22593416666666663,-1,ANOMALY,1000.0,6506.903999999999,0.15368291894271072,669.96,37.30325691086035,70,HIGH RISK,24118.56,0.0,NORMAL,NORMAL,1
2026-09-10 12:40:49,MAITRI,-36.01,67.22,952.94,85.39,0.0,98.02,0.24,55.59,24991.65,37.25,4999.42,31,0.2368120436507934,-1,ANOMALY,555.9000000000001,6820.1868571428495,0.08150803073933385,670.5600000000001,37.2698192555476,70,HIGH RISK,24140.160000000003,0.0,NORMAL,NORMAL,0
2026-09-10 12:40:49,BHARATI,-17.63,23.97,1006.66,62.68,800.0,59.92,0.17,100.0,24991.66,22.77,4999.42,16,0.16707496031746052,-1,ANOMALY,1000.0,4811.758857142862,0.20782421349223273,669.96,37.303212132067586,70,HIGH RISK,24118.56,0.0,NORMAL,NORMAL,1
2026-09-10 12:40:54,MAITRI,-32.11,40.21,976.88,86.49,800.0,97.04,0.21,100.0,24991.6,36.88,4999.42,18,0.21854785714285685,-1,ANOMALY,1000.0,6294.178285714277,0.15887697402370576,670.5600000000001,37.269744691004526,70,HIGH RISK,24140.160000000003,0.0,NORMAL,NORMAL,0
2026-09-10 12:40:54,BHARATI,-30.83,31.76,992.27,59.76,800.0,78.57,0.22,100.0,24991.62,29.86,4999.41,28,0.21873321428571404,-1,ANOMALY,1000.0,6299.516571428563,0.15874233977500699,669.96,37.303152427010566,70,HIGH RISK,24118.56,0.0,NORMAL,NORMAL,1
2026-09-10 12:40:59,MAITRI,-19.89,31.99,990.33,76.71,800.0,62.29,0.17,100.0,24991.56,23.67,4999.41,16,0.16730876984126997,-1,ANOMALY,1000.0,4818.492571428575,0.20753378472129147,670.5600000000001,37.269685039370074,70,HIGH RISK,24140.160000000003,0.0,NORMAL,NORMAL,0
2026-09-10 12:40:59,BHARATI,-38.89,41.61,971.29,70.73,800.0,98.53,0.24,100.0,24991.57,37.44,4999.41,29,0.23869740079365062,-1,ANOMALY,1000.0,6874.485142857136,0.14546543911568996,669.96,37.30307779568929,70,HIGH RISK,24118.56,0.0,NORMAL,NORMAL,1
2026-09-10 12:41:04,MAITRI,-23.24,29.4,996.39,59.13,800.0,65.8,0.18,100.0,24991.53,25.01,4999.41,16,0.1740291666666667,-1,ANOMALY,1000.0,5012.040000000001,0.199519556906968,670.5600000000001,37.269640300644234,70,HIGH RISK,24140.160000000003,0.0,NORMAL,NORMAL,0
2026-09-10 12:41:04,BHARATI,-39.83,61.6,970.26,96.77,0.0,95.66,0.23,56.3,24991.52,36.35,4999.41,16,0.24174013888888876,-1,ANOMALY,563.0,6962.115999999996,0.0808662194080076,669.96,37.30300316436802,70,HIGH RISK,24118.56,0.0,NORMAL,NORMAL,1
2026-09-10 12:41:09,BHARATI,-26.09,34.12,1012.23,73.13,800.0,69.99,0.19,100.0,24991.48,26.6,4999.41,19,0.20030250000000005,-1,ANOMALY,1000.0,5768.712000000001,0.17334892086829776,669.96,37.302943459311,70,HIGH RISK,24118.56,0.0,NORMAL,NORMAL,1
2026-09-10 12:41:09,MAITRI,-26.91,37.38,1014.92,54.91,800.0,76.05,0.21,100.0,24991.49,28.9,4999.41,32,0.20399416666666695,-1,ANOMALY,1000.0,5875.032000000007,0.17021183884615415,670.5600000000001,37.26958064900978,70,HIGH RISK,24140.160000000003,0.0,NORMAL,NORMAL,0
2026-09-10 12:41:14,MAITRI,-20.15,20.7,1008.29,55.58,800.0,63.76,0.18,100.0,24991.45,24.23,4999.41,19,0.1674391269841272,-1,ANOMALY,1000.0,4822.2468571428635,0.20737221250271926,670.5600000000001,37.269520997375324,70,HIGH RISK,24140.160000000003,0.0,NORMAL,NORMAL,0
2026-09-10 12:41:14,BHARATI,-22.34,14.29,996.43,72.13,800.0,64.86,0.18,100.0,24991.44,24.65,4999.4,16,0.16768746031746048,-1,ANOMALY,1000.0,4829.398857142862,0.20706510884288684,669.96,37.30288375425398,70,HIGH RISK,24118.56,0.0,NORMAL,NORMAL,1
2026-09-10 12:41:19,MAITRI,-17.74,16.92,992.1,70.4,800.0,66.83,0.19,100.0,24991.42,25.39,4999.4,33,0.16824579365079395,-1,ANOMALY,1000.0,4845.478857142865,0.20637795138159978,670.5600000000001,37.26947625864948,70,HIGH RISK,24140.160000000003,0.0,NORMAL,NORMAL,0
2026-09-10 12:41:19,BHARATI,-32.56,20.72,993.59,51.43,800.0,82.39,0.23,100.0,24991.4,31.31,4999.4,33,0.220010714285714,-1,ANOMALY,1000.0,6336.308571428563,0.157820596760259,669.96,37.302824049196964,70,HIGH RISK,24118.56,0.0,NORMAL,NORMAL,1
2026-09-10 12:41:24,MAITRI,-19.75,11.15,999.01,67.81,800.0,66.94,0.19,100.0,24991.38,25.44,4999.4,28,0.16842246031746058,-1,ANOMALY,1000.0,4850.566857142865,0.20616147131905138,670.5600000000001,37.26941660701503,70,HIGH RISK,24140.160000000003,0.0,NORMAL,NORMAL,0
2026-09-10 12:41:24,BHARATI,-20.68,39.23,992.1,51.62,800.0,67.92,0.19,100.0,24991.37,25.81,4999.4,28,0.1687379365079367,-1,ANOMALY,1000.0,4859.652571428576,0.20577602725744512,669.96,37.3027792704042,70,HIGH RISK,24118.56,0.0,NORMAL,NORMAL,1
2026-09-10 12:41:29,MAITRI,-25.13,28.8,994.54,70.98,800.0,69.39,0.19,100.0,24991.35,26.37,4999.4,20,0.18275666666666657,-1,ANOMALY,1000.0,5263.391999999997,0.18999154917589275,670.5600000000001,37.269371868289184,70,HIGH RISK,24140.160000000003,0.0,NORMAL,NORMAL,0
2026-09-10 12:41:29,BHARATI,-39.34,76.67,968.53,86.07,0.0,99.58,0.23,55.12,24991.31,37.84,4999.39,19,0.24077347222222203,-1,ANOMALY,551.2,6934.275999999994,0.07948919252709302,669.96,37.302689712818676,70,HIGH RISK,24118.56,0.0,NORMAL,NORMAL,1
2026-09-10 12:41:34,BHARATI,-34.56,45.86,988.54,83.31,800.0,94.9,0.23,100.0,24991.26,36.06,4999.39,25,0.2245530952380952,-1,ANOMALY,1000.0,6467.129142857141,0.15462811672850027,669.96,37.3026150814974,70,HIGH RISK,24118.56,0.0,NORMAL,NORMAL,1
2026-09-10 12:41:34,MAITRI,-31.33,38.28,1010.7,57.84,800.0,74.69,0.21,100.0,24991.31,28.38,4999.39,17,0.21854785714285682,-1,ANOMALY,1000.0,6294.178285714277,0.15887697402370576,670.5600000000001,37.26931221665473,70,HIGH RISK,24140.160000000003,0.0,NORMAL,NORMAL,0
2026-09-10 12:41:39,MAITRI,-24.29,13.1,1001.89,71.95,800.0,69.31,0.19,100.0,24991.27,26.34,4999.39,22,0.1791541666666667,-1,ANOMALY,1000.0,5159.64,0.19381197137784806,670.5600000000001,37.26925256502028,70,HIGH RISK,24140.160000000003,0.0,NORMAL,NORMAL,0
2026-09-10 12:41:39,BHARATI,-34.28,39.26,995.99,77.92,800.0,82.19,0.23,100.0,24991.22,31.23,4999.39,28,0.22552,-1,ANOMALY,1000.0,6494.975999999999,0.15396515706909467,669.96,37.30255537644038,70,HIGH RISK,24118.56,0.0,NORMAL,NORMAL,1
2026-09-10 12:41:44,MAITRI,-28.1,19.37,1013.41,70.99,800.0,72.9,0.2,100.0,24991.23,27.7,4999.39,21,0.2005191666666667,-1,ANOMALY,1000.0,5774.952,0.1731616124255232,670.5600000000001,37.26919291338582,70,HIGH RISK,24140.160000000003,0.0,NORMAL,NORMAL,0
2026-09-10 12:41:44,BHARATI,-21.76,26.49,998.77,52.61,800.0,64.25,0.18,100.0,24991.19,24.41,4999.39,16,0.16780876984126997,-1,ANOMALY,1000.0,4832.892571428574,0.20691542077965244,669.96,37.30251059764762,70,HIGH RISK,24118.56,0.0,NORMAL,NORMAL,1
2026-09-10 12:41:49,MAITRI,-27.65,22.23,994.57,77.58,800.0,73.63,0.2,100.0,24991.19,27.98,4999.39,24,0.20320666666666687,-1,ANOMALY,1000.0,5852.352000000006,0.17087147184584914,670.5600000000001,37.269133261751364,70,HIGH RISK,24140.160000000003,0.0,NORMAL,NORMAL,0
2026-09-10 12:41:49,BHARATI,-26.65,16.55,999.91,64.65,800.0,74.98,0.21,100.0,24991.15,28.49,4999.38,30,0.20410250000000033,-1,ANOMALY,1000.0,5878.152000000009,0.17012149396613058,669.96,37.3024508925906,70,HIGH RISK,24118.56,0.0,NORMAL,NORMAL,1
2026-09-10 12:41:54,MAITRI,-31.24,41.32,993.6,86.37,800.0,95.01,0.21,100.0,24991.14,36.1,4999.38,22,0.21902285714285685,-1,ANOMALY,1000.0,6307.8582857142765,0.1585324138090975,670.5600000000001,37.2690586972083,70,HIGH RISK,24140.160000000003,0.0,NORMAL,NORMAL,0
2026-09-10 12:41:54,BHARATI,-17.13,42.25,998.45,64.83,800.0,65.39,0.18,100.0,24991.11,24.85,4999.38,31,0.16836543650793673,-1,ANOMALY,1000.0,4848.924571428577,0.20623129629450654,669.96,37.30239118753358,70,HIGH RISK,24118.56,0.0,NORMAL,NORMAL,1
2026-09-10 12:41:59,BHARATI,-23.8,37.09,1007.16,76.35,800.0,66.39,0.18,100.0,24991.08,25.23,4999.38,16,0.1768333333333333,-1,ANOMALY,1000.0,5092.799999999998,0.19635563933396175,669.96,37.302346408740824,70,HIGH RISK,24118.56,0.0,NORMAL,NORMAL,1
2026-09-10 12:41:59,MAITRI,-32.67,35.56,995.84,55.63,800.0,80.91,0.22,100.0,24991.1,30.74,4999.38,29,0.22040654761904732,-1,ANOMALY,1000.0,6347.708571428563,0.15753716301675585,670.5600000000001,37.26899904557384,70,HIGH RISK,24140.160000000003,0.0,NORMAL,NORMAL,0
2026-09-10 12:42:04,BHARATI,-29.86,42.28,992.28,71.44,800.0,79.95,0.22,100.0,24991.03,30.38,4999.37,34,0.20603702380952402,-1,ANOMALY,1000.0,5933.866285714292,0.16852418842121322,669.96,37.30227177741954,70,HIGH RISK,24118.56,0.0,NORMAL,NORMAL,1
2026-09-10 12:42:04,MAITRI,-27.19,23.52,997.66,63.8,800.0,74.75,0.21,100.0,24991.06,28.4,4999.38,28,0.2038441666666669,-1,ANOMALY,1000.0,5870.712000000007,0.17033709028819652,670.5600000000001,37.26893939393939,70,HIGH RISK,24140.160000000003,0.0,NORMAL,NORMAL,0
2026-09-10 12:42:09,MAITRI,-35.47,36.93,982.93,77.42,800.0,96.0,0.23,100.0,24991.01,36.48,4999.37,29,0.2316643055555554,-1,ANOMALY,1000.0,6671.931999999994,0.14988162349376474,670.5600000000001,37.26886482939632,70,HIGH RISK,24140.160000000003,0.0,NORMAL,NORMAL,0
2026-09-10 12:42:09,BHARATI,-29.74,18.82,1003.83,76.38,800.0,77.83,0.22,100.0,24990.99,29.57,4999.37,29,0.2045953571428574,-1,ANOMALY,1000.0,5892.346285714292,0.16971168215697904,669.96,37.30221207236253,70,HIGH RISK,24118.56,0.0,NORMAL,NORMAL,1
2026-09-10 12:42:14,MAITRI,-22.55,59.69,989.88,83.61,800.0,92.2,0.2,100.0,24990.96,35.04,4999.37,34,0.1696129365079367,-1,ANOMALY,1000.0,4884.852571428577,0.20471446893791304,670.5600000000001,37.26879026485325,70,HIGH RISK,24140.160000000003,0.0,NORMAL,NORMAL,0
2026-09-10 12:42:14,BHARATI,-31.73,43.15,983.52,83.55,800.0,93.21,0.21,100.0,24990.94,35.42,4999.37,22,0.2188520238095235,-1,ANOMALY,1000.0,6302.938285714277,0.1586561623594694,669.96,37.30213744104125,70,HIGH RISK,24118.56,0.0,NORMAL,NORMAL,1
2026-09-10 12:42:19,MAITRI,-16.5,10.66,1013.88,72.83,800.0,61.13,0.17,100.0,24990.93,23.23,4999.37,22,0.16668454365079394,-1,ANOMALY,1000.0,4800.514857142865,0.20831098949981638,670.5600000000001,37.26874552612741,70,HIGH RISK,24140.160000000003,0.0,NORMAL,NORMAL,0
2026-09-10 12:42:19,BHARATI,-28.79,24.09,998.78,56.13,800.0,74.03,0.21,100.0,24990.9,28.13,4999.37,22,0.20064000000000007,-1,ANOMALY,1000.0,5778.432000000002,0.17305732766259077,669.96,37.30207773598424,70,HIGH RISK,24118.56,0.0,NORMAL,NORMAL,1
2026-09-10 12:42:24,MAITRI,-22.88,59.71,984.92,79.06,800.0,92.21,0.18,100.0,24990.88,35.04,4999.37,18,0.16894626984126998,-1,ANOMALY,1000.0,4865.652571428574,0.20552227791027752,670.5600000000001,37.26867096158435,70,HIGH RISK,24140.160000000003,0.0,NORMAL,NORMAL,0
2026-09-10 12:42:24,BHARATI,-19.98,38.4,999.97,73.37,800.0,68.38,0.19,100.0,24990.87,25.99,4999.36,31,0.1688754365079367,-1,ANOMALY,1000.0,4863.612571428577,0.20560848244256275,669.96,37.30203295719147,70,HIGH RISK,24118.56,0.0,NORMAL,NORMAL,1
2026-09-10 12:42:29,MAITRI,-18.87,23.99,996.9,62.02,800.0,60.81,0.17,100.0,24990.85,23.11,4999.36,15,0.16712496031746052,-1,ANOMALY,1000.0,4813.198857142863,0.20776203719818978,670.5600000000001,37.2686262228585,70,HIGH RISK,24140.160000000003,0.0,NORMAL,NORMAL,0
2026-09-10 12:42:29,BHARATI,-39.08,50.87,972.62,73.24,800.0,95.37,0.23,100.0,24990.82,36.24,4999.36,18,0.23717716269841257,-1,ANOMALY,1000.0,6830.702285714282,0.14639783117050761,669.96,37.301958325870196,70,HIGH RISK,24118.56,0.0,NORMAL,NORMAL,1
2026-09-10 12:42:34,BHARATI,-15.39,29.0,993.21,55.72,800.0,60.36,0.17,100.0,24990.79,22.94,4999.36,23,0.16617835317460347,-1,ANOMALY,1000.0,4785.93657142858,0.20894551882903553,669.96,37.30191354707744,70,HIGH RISK,24118.56,0.0,NORMAL,NORMAL,1
2026-09-10 12:42:34,MAITRI,-29.26,38.13,1006.01,76.83,800.0,75.32,0.21,100.0,24990.81,28.62,4999.36,24,0.20352333333333347,-1,ANOMALY,1000.0,5861.472000000003,0.17060560896648477,670.5600000000001,37.26856657122405,70,HIGH RISK,24140.160000000003,0.0,NORMAL,NORMAL,0
2026-09-10 12:42:39,MAITRI,-24.73,23.98,989.54,74.07,800.0,73.77,0.2,100.0,24990.77,28.03,4999.36,32,0.1825741666666667,-1,ANOMALY,1000.0,5258.136,0.19018146354525634,670.5600000000001,37.26850691958959,70,HIGH RISK,24140.160000000003,0.0,NORMAL,NORMAL,0
2026-09-10 12:42:39,BHARATI,-31.78,44.04,996.43,51.41,800.0,80.36,0.22,100.0,24990.74,30.54,4999.35,30,0.22031071428571403,-1,ANOMALY,1000.0,6344.948571428563,0.15760569037596633,669.96,37.301838915756164,70,HIGH RISK,24118.56,0.0,NORMAL,NORMAL,1
2026-09-10 12:42:44,MAITRI,-31.0,56.19,986.04,86.54,800.0,96.47,0.21,100.0,24990.72,36.66,4999.36,19,0.21869785714285686,-1,ANOMALY,1000.0,6298.498285714277,0.1587680038380126,670.5600000000001,37.26843235504653,70,HIGH RISK,24140.160000000003,0.0,NORMAL,NORMAL,0
2026-09-10 12:42:44,BHARATI,-34.97,39.49,1008.63,62.96,800.0,80.52,0.22,100.0,24990.7,30.6,4999.35,22,0.22440309523809518,-1,ANOMALY,1000.0,6462.809142857141,0.1547314763434141,669.96,37.301779210699145,70,HIGH RISK,24118.56,0.0,NORMAL,NORMAL,1
2026-09-10 12:42:49,MAITRI,-25.69,13.53,997.1,56.88,800.0,71.98,0.2,100.0,24990.68,27.35,4999.35,25,0.19708750000000014,-1,ANOMALY,1000.0,5676.1200000000035,0.17617668407292295,670.5600000000001,37.26837270341207,70,HIGH RISK,24140.160000000003,0.0,NORMAL,NORMAL,0
2026-09-10 12:42:49,BHARATI,-30.41,14.62,1003.09,69.36,800.0,76.93,0.21,100.0,24990.66,29.23,4999.35,25,0.21795285714285684,-1,ANOMALY,1000.0,6277.042285714277,0.1593106999256431,669.96,37.301719505642126,70,HIGH RISK,24118.56,0.0,NORMAL,NORMAL,1
2026-09-10 12:42:54,MAITRI,-40.96,77.2,971.32,85.63,0.0,98.66,0.24,55.4,24990.63,37.49,4999.35,18,0.24517124999999992,-1,ANOMALY,553.9999999999999,7060.931999999998,0.07845989736199131,670.5600000000001,37.26829813886901,70,HIGH RISK,24140.160000000003,0.0,NORMAL,NORMAL,0
2026-09-10 12:42:54,BHARATI,-22.66,12.36,1001.62,57.05,800.0,67.59,0.19,100.0,24990.62,25.68,4999.35,22,0.16908079365079387,-1,ANOMALY,1000.0,4869.526857142863,0.20535876058125657,669.96,37.30165980058511,70,HIGH RISK,24118.56,0.0,NORMAL,NORMAL,1
2026-09-10 12:42:59,BHARATI,-31.58,33.32,991.33,77.84,800.0,80.56,0.22,100.0,24990.58,30.61,4999.34,31,0.22025238095238067,-1,ANOMALY,1000.0,6343.2685714285635,0.15764743187829278,669.96,37.301600095528094,70,HIGH RISK,24118.56,0.0,NORMAL,NORMAL,1
2026-09-10 12:42:59,MAITRI,-31.71,31.79,988.94,78.88,800.0,75.09,0.21,100.0,24990.59,28.54,4999.35,17,0.21841452380952353,-1,ANOMALY,1000.0,6290.338285714277,0.15897396206354403,670.5600000000001,37.26823848723455,70,HIGH RISK,24140.160000000003,0.0,NORMAL,NORMAL,0
2026-09-10 12:43:04,MAITRI,-21.09,37.23,982.54,70.55,800.0,95.52,0.18,100.0,24990.54,36.3,4999.35,18,0.16740876984126998,-1,ANOMALY,1000.0,4821.372571428575,0.20740981643401593,670.5600000000001,37.26816392269148,70,HIGH RISK,24140.160000000003,0.0,NORMAL,NORMAL,0
2026-09-10 12:43:04,BHARATI,-23.29,35.01,1011.03,73.09,800.0,69.85,0.19,100.0,24990.55,26.54,4999.34,26,0.17533333333333345,-1,ANOMALY,1000.0,5049.600000000003,0.1980354879594422,669.96,37.301555316735325,70,HIGH RISK,24118.56,0.0,NORMAL,NORMAL,1
2026-09-10 12:43:10,MAITRI,-21.8,42.01,1006.9,62.68,800.0,63.89,0.18,100.0,24990.51,24.28,4999.34,15,0.1675421031746033,-1,ANOMALY,1000.0,4825.212571428575,0.20724475558264066,670.5600000000001,37.26811918396564,70,HIGH RISK,24140.160000000003,0.0,NORMAL,NORMAL,0
2026-09-10 12:43:10,BHARATI,-20.54,38.07,1005.03,73.48,800.0,69.76,0.19,100.0,24990.51,26.51,4999.34,33,0.1688754365079367,-1,ANOMALY,1000.0,4863.612571428577,0.20560848244256275,669.96,37.301495611678305,70,HIGH RISK,24118.56,0.0,NORMAL,NORMAL,1
2026-09-10 12:43:15,MAITRI,-22.77,39.34,1008.29,66.49,800.0,66.91,0.19,100.0,24990.47,25.43,4999.34,20,0.16837126984126996,-1,ANOMALY,1000.0,4849.092571428574,0.20622415127566712,670.5600000000001,37.268059532331186,70,HIGH RISK,24140.160000000003,0.0,NORMAL,NORMAL,0
2026-09-10 12:43:15,BHARATI,-18.32,19.82,998.68,70.7,800.0,60.63,0.17,100.0,24990.48,23.04,4999.33,16,0.16716246031746052,-1,ANOMALY,1000.0,4814.278857142863,0.2077154293869615,669.96,37.30145083288554,70,HIGH RISK,24118.56,0.0,NORMAL,NORMAL,1
2026-09-10 12:43:20,MAITRI,-20.96,44.79,995.38,71.72,800.0,68.21,0.19,100.0,24990.44,25.92,4999.34,28,0.1686379365079367,-1,ANOMALY,1000.0,4856.772571428577,0.20589804963954875,670.5600000000001,37.26801479360534,70,HIGH RISK,24140.160000000003,0.0,NORMAL,NORMAL,0
2026-09-10 12:43:20,BHARATI,-27.58,45.67,984.9,89.59,800.0,94.53,0.19,100.0,24990.43,35.92,4999.33,15,0.2004191666666667,-1,ANOMALY,1000.0,5772.072000000001,0.17324801215230853,669.96,37.301376201564274,70,HIGH RISK,24118.56,0.0,NORMAL,NORMAL,1
2026-09-10 12:43:25,MAITRI,-35.97,58.88,950.77,90.44,0.0,85.76,0.23,59.27,24990.39,32.59,4999.34,22,0.23431013888888866,-1,ANOMALY,592.7,6748.131999999993,0.0878317140210062,670.5600000000001,37.26794022906227,70,HIGH RISK,24140.160000000003,0.0,NORMAL,NORMAL,0
2026-09-10 12:43:25,BHARATI,-32.68,37.55,995.31,74.31,800.0,76.91,0.21,100.0,24990.39,29.23,4999.33,19,0.21837702380952348,-1,ANOMALY,1000.0,6289.258285714275,0.15900126128886266,669.96,37.301316496507255,70,HIGH RISK,24118.56,0.0,NORMAL,NORMAL,1
2026-09-10 12:43:30,BHARATI,-16.85,14.43,987.57,64.16,800.0,59.49,0.17,100.0,24990.35,22.61,4999.33,17,0.16660329365079385,-1,ANOMALY,1000.0,4798.1748571428625,0.20841257973567545,669.96,37.30125679145023,70,HIGH RISK,24118.56,0.0,NORMAL,NORMAL,1
2026-09-10 12:43:30,MAITRI,-28.52,11.63,993.36,67.44,800.0,73.75,0.2,100.0,24990.35,28.02,4999.33,22,0.2007983333333334,-1,ANOMALY,1000.0,5782.992000000002,0.17292086864377465,670.5600000000001,37.26788057742782,70,HIGH RISK,24140.160000000003,0.0,NORMAL,NORMAL,0
2026-09-10 12:43:35,MAITRI,-17.93,27.83,997.97,52.46,800.0,65.83,0.18,100.0,24990.32,25.01,4999.33,30,0.16829876984127007,-1,ANOMALY,1000.0,4847.004571428578,0.20631298882915347,670.5600000000001,37.26783583870198,70,HIGH RISK,24140.160000000003,0.0,NORMAL,NORMAL,0
2026-09-10 12:43:35,BHARATI,-44.59,64.76,972.35,85.87,0.0,91.29,0.25,57.61,24990.31,34.69,4999.33,18,0.24455958333333322,-1,ANOMALY,576.0999999999999,7043.315999999995,0.08179385959681496,669.96,37.301197086393216,70,HIGH RISK,24118.56,0.0,NORMAL,NORMAL,1
2026-09-10 12:43:40,MAITRI,-22.3,28.33,1001.19,72.84,800.0,69.21,0.19,100.0,24990.28,26.3,4999.33,27,0.16906543650793668,-1,ANOMALY,1000.0,4869.084571428576,0.20537741444622368,670.5600000000001,37.26777618706752,70,HIGH RISK,24140.160000000003,0.0,NORMAL,NORMAL,0
2026-09-10 12:43:40,BHARATI,-20.42,10.35,995.97,73.3,800.0,64.44,0.18,100.0,24990.27,24.49,4999.32,20,0.1674599603174605,-1,ANOMALY,1000.0,4822.846857142862,0.2073464137719723,669.96,37.3011373813362,70,HIGH RISK,24118.56,0.0,NORMAL,NORMAL,1
2026-09-10 12:43:45,MAITRI,-24.06,37.62,972.93,89.4,800.0,96.08,0.2,100.0,24990.23,36.51,4999.32,29,0.1796208333333333,-1,ANOMALY,1000.0,5173.079999999999,0.19330843520687874,670.5600000000001,37.267701622524456,70,HIGH RISK,24140.160000000003,0.0,NORMAL,NORMAL,0
2026-09-10 12:43:45,BHARATI,-22.79,36.67,985.5,67.12,800.0,64.93,0.18,100.0,24990.24,24.67,4999.32,15,0.16834626984126996,-1,ANOMALY,1000.0,4848.372571428575,0.20625477627131894,669.96,37.301092602543434,70,HIGH RISK,24118.56,0.0,NORMAL,NORMAL,1
2026-09-10 12:43:50,MAITRI,-38.39,37.12,986.58,74.23,800.0,94.29,0.24,100.0,24990.18,35.83,4999.32,31,0.23704531746031723,-1,ANOMALY,1000.0,6826.9051428571365,0.1464792580348478,670.5600000000001,37.267627057981386,70,HIGH RISK,24140.160000000003,0.0,NORMAL,NORMAL,0
2026-09-10 12:43:50,BHARATI,-15.82,40.68,990.88,70.43,800.0,63.61,0.18,100.0,24990.2,24.17,4999.32,30,0.16695001984127011,-1,ANOMALY,1000.0,4808.160571428579,0.20797974301072158,669.96,37.301032897486415,70,HIGH RISK,24118.56,0.0,NORMAL,NORMAL,1
2026-09-10 12:43:55,BHARATI,-25.06,26.34,1000.6,63.19,800.0,74.51,0.21,100.0,24990.17,28.31,4999.31,33,0.18466500000000008,-1,ANOMALY,1000.0,5318.352000000002,0.18802817113271172,669.96,37.300988118693645,70,HIGH RISK,24118.56,0.0,NORMAL,NORMAL,1
2026-09-10 12:43:55,MAITRI,-22.44,33.34,999.85,57.03,800.0,64.96,0.18,100.0,24990.14,24.68,4999.32,16,0.16773626984126996,-1,ANOMALY,1000.0,4830.8045714285745,0.20700485503272556,670.5600000000001,37.26756740634693,70,HIGH RISK,24140.160000000003,0.0,NORMAL,NORMAL,0
2026-09-10 12:44:00,MAITRI,-27.54,36.49,1008.48,70.96,800.0,73.92,0.21,100.0,24990.11,28.09,4999.32,25,0.20331500000000016,-1,ANOMALY,1000.0,5855.472000000004,0.1707804255574955,670.5600000000001,37.26752266762109,70,HIGH RISK,24140.160000000003,0.0,NORMAL,NORMAL,0
2026-09-10 12:44:00,BHARATI,-28.1,35.33,990.04,73.37,800.0,98.68,0.21,100.0,24990.11,37.5,4999.31,24,0.20330666666666686,-1,ANOMALY,1000.0,5855.232000000005,0.17078742567331218,669.96,37.30089856110813,70,HIGH RISK,24118.56,0.0,NORMAL,NORMAL,1
2026-09-10 12:44:05,MAITRI,-38.15,52.78,979.61,80.77,800.0,97.42,0.23,100.0,24990.05,37.02,4999.31,22,0.23468757936507917,-1,ANOMALY,1000.0,6759.002285714279,0.14795083027469663,670.5600000000001,37.267433190169406,70,HIGH RISK,24140.160000000003,0.0,NORMAL,NORMAL,0
2026-09-10 12:44:05,BHARATI,-26.13,12.07,1001.96,52.04,800.0,69.63,0.19,100.0,24990.08,26.46,4999.31,18,0.20045250000000006,-1,ANOMALY,1000.0,5773.032000000001,0.17321920266508134,669.96,37.300853782315365,70,HIGH RISK,24118.56,0.0,NORMAL,NORMAL,1
2026-09-10 12:44:10,MAITRI,-33.43,39.57,1013.46,73.65,800.0,77.31,0.21,100.0,24990.01,29.38,4999.31,18,0.22018535714285686,-1,ANOMALY,1000.0,6341.338285714277,0.1576954193175269,670.5600000000001,37.26737353853495,70,HIGH RISK,24140.160000000003,0.0,NORMAL,NORMAL,0
2026-09-10 12:44:10,BHARATI,-19.19,19.59,985.7,55.38,800.0,62.75,0.17,100.0,24990.04,23.84,4999.31,19,0.1674391269841272,-1,ANOMALY,1000.0,4822.2468571428635,0.20737221250271926,669.96,37.300794077258345,70,HIGH RISK,24118.56,0.0,NORMAL,NORMAL,1
2026-09-10 12:44:15,MAITRI,-31.85,31.03,992.74,79.05,800.0,76.84,0.21,100.0,24989.97,29.2,4999.31,21,0.21843952380952356,-1,ANOMALY,1000.0,6291.058285714278,0.15895576778724144,670.5600000000001,37.2673138869005,70,HIGH RISK,24140.160000000003,0.0,NORMAL,NORMAL,0
2026-09-10 12:44:15,BHARATI,-29.87,58.0,972.01,71.26,800.0,95.82,0.22,100.0,24989.99,36.41,4999.3,29,0.20579535714285732,-1,ANOMALY,1000.0,5926.906285714291,0.16872208734096483,669.96,37.30071944593707,70,HIGH RISK,24118.56,0.0,NORMAL,NORMAL,1
2026-09-10 12:44:20,BHARATI,-37.63,78.06,954.23,96.86,0.0,99.21,0.24,55.24,24989.94,37.7,4999.3,30,0.2398449603174601,-1,ANOMALY,552.4,6907.534857142851,0.07997064241069758,669.96,37.300644814615794,70,HIGH RISK,24118.56,0.0,NORMAL,NORMAL,1
2026-09-10 12:44:20,MAITRI,-44.14,79.59,971.25,85.47,0.0,97.54,0.25,55.74,24989.92,37.07,4999.31,19,0.2451962499999999,-1,ANOMALY,557.4,7061.651999999996,0.07893337139808082,670.5600000000001,37.267239322357426,70,HIGH RISK,24140.160000000003,0.0,NORMAL,NORMAL,0
2026-09-10 12:44:25,MAITRI,-20.17,52.94,993.91,76.19,800.0,94.94,0.17,100.0,24989.87,36.08,4999.31,15,0.16740876984126998,-1,ANOMALY,1000.0,4821.372571428575,0.20740981643401593,670.5600000000001,37.267164757814356,70,HIGH RISK,24140.160000000003,0.0,NORMAL,NORMAL,0
2026-09-10 12:44:25,BHARATI,-29.99,27.74,988.8,68.83,800.0,75.69,0.21,100.0,24989.9,28.76,4999.3,23,0.20654952380952388,-1,ANOMALY,1000.0,5948.6262857142865,0.1681060385994519,669.96,37.30058510955878,70,HIGH RISK,24118.56,0.0,NORMAL,NORMAL,1
2026-09-10 12:44:30,MAITRI,-17.98,19.9,1010.53,59.32,800.0,67.08,0.19,100.0,24989.84,25.49,4999.3,33,0.16829579365079395,-1,ANOMALY,1000.0,4846.918857142866,0.20631663732647554,670.5600000000001,37.26712001908852,70,HIGH RISK,24140.160000000003,0.0,NORMAL,NORMAL,0
2026-09-10 12:44:30,BHARATI,-17.43,30.87,985.43,73.08,800.0,59.7,0.17,100.0,24989.87,22.69,4999.3,16,0.16698210317460332,-1,ANOMALY,1000.0,4809.084571428575,0.20793978254013995,669.96,37.30054033076601,70,HIGH RISK,24118.56,0.0,NORMAL,NORMAL,1
2026-09-10 12:44:35,MAITRI,-19.06,36.94,987.69,59.38,800.0,68.61,0.19,100.0,24989.8,26.07,4999.3,34,0.1685654365079367,-1,ANOMALY,1000.0,4854.684571428577,0.20598660639773186,670.5600000000001,37.267060367454064,70,HIGH RISK,24140.160000000003,0.0,NORMAL,NORMAL,0
2026-09-10 12:44:35,BHARATI,-28.22,29.8,990.13,76.64,800.0,78.23,0.22,100.0,24989.83,29.73,4999.29,34,0.20406083333333364,-1,ANOMALY,1000.0,5876.952000000008,0.1701562306447285,669.96,37.300480625709,70,HIGH RISK,24118.56,0.0,NORMAL,NORMAL,1
2026-09-10 12:44:40,MAITRI,-18.42,30.03,985.35,62.24,800.0,62.34,0.17,100.0,24989.77,23.69,4999.3,20,0.16709876984127,-1,ANOMALY,1000.0,4812.444571428576,0.20779460109254821,670.5600000000001,37.267015628728224,70,HIGH RISK,24140.160000000003,0.0,NORMAL,NORMAL,0
2026-09-10 12:44:40,BHARATI,-24.41,18.34,994.99,63.43,800.0,71.03,0.2,100.0,24989.79,26.99,4999.29,26,0.17987083333333342,-1,ANOMALY,1000.0,5180.2800000000025,0.19303975846865412,669.96,37.30042092065198,70,HIGH RISK,24118.56,0.0,NORMAL,NORMAL,1
2026-09-10 12:44:45,MAITRI,-34.26,57.18,992.0,79.2,800.0,98.4,0.21,100.0,24989.72,37.39,4999.29,15,0.22479809523809519,-1,ANOMALY,1000.0,6474.185142857141,0.15445959266445802,670.5600000000001,37.266941064185154,70,HIGH RISK,24140.160000000003,0.0,NORMAL,NORMAL,0
2026-09-10 12:44:45,BHARATI,-31.51,29.1,994.74,60.12,800.0,74.49,0.21,100.0,24989.75,28.31,4999.29,16,0.21824369047619016,-1,ANOMALY,1000.0,6285.418285714277,0.15909840117925575,669.96,37.30036121559496,70,HIGH RISK,24118.56,0.0,NORMAL,NORMAL,1
2026-09-10 12:44:50,MAITRI,-23.25,38.83,1003.11,63.25,800.0,70.61,0.2,100.0,24989.68,26.83,4999.29,28,0.17541666666666675,-1,ANOMALY,1000.0,5052.000000000002,0.19794140934283444,670.5600000000001,37.2668814125507,70,HIGH RISK,24140.160000000003,0.0,NORMAL,NORMAL,0
2026-09-10 12:44:50,BHARATI,-18.62,27.05,1002.17,73.94,800.0,61.35,0.17,100.0,24989.72,23.31,4999.29,17,0.16733210317460337,-1,ANOMALY,1000.0,4819.164571428577,0.20750484553457849,669.96,37.3003164368022,70,HIGH RISK,24118.56,0.0,NORMAL,NORMAL,1
2026-09-10 12:44:55,MAITRI,-32.63,41.71,1005.2,53.21,800.0,78.46,0.22,100.0,24989.64,29.82,4999.29,23,0.21919785714285683,-1,ANOMALY,1000.0,6312.898285714276,0.15840584700421076,670.5600000000001,37.266821760916244,70,HIGH RISK,24140.160000000003,0.0,NORMAL,NORMAL,0
2026-09-10 12:44:55,BHARATI,-35.56,68.96,959.81,96.87,0.0,93.9,0.22,56.83,24989.67,35.68,4999.28,18,0.2325770436507934,-1,ANOMALY,568.3000000000001,6698.21885714285,0.08484345049340633,669.96,37.30024180548092,70,HIGH RISK,24118.56,0.0,NORMAL,NORMAL,1
