timestamp,station_id,Temperature,Wind_Speed,Pressure,Humidity,Solar_Radiation,Generator_Load,Energy_consumption,Battery_Level,Fuel_Level,Fuel_Burn_Rate,Food_Inventory,Occupancy,scenario,occurring_anomaly,predicted_anomaly,disaster_label,fuel_hours_remaining,food_hours_remaining,risk_score,risk_status
2026-09-09 14:35:53,MAITRI,-27.04,18.26,1003.8,78.37,692.82,70.6,0.2,97.32,24999.96,26.83,5000.0,18,NORMAL,NONE,NONE,NONE,931.9,3346.72,0,NORMAL
2026-09-09 14:35:53,BHARATI,-35.04,39.89,973.93,80.51,692.82,92.65,0.22,97.32,24999.95,35.21,5000.0,20,ANOMALY,ANOMALY_GENERATOR_OVERLOAD,NONE,NONE,710.1,3012.05,65,WARNING
2026-09-09 14:35:58,MAITRI,-29.58,42.5,1010.24,67.94,692.82,74.46,0.21,97.32,24999.92,28.3,5000.0,21,NORMAL,NONE,NONE,NONE,883.5,2868.61,0,NORMAL
2026-09-09 14:35:58,BHARATI,-15.64,26.78,990.3,56.55,692.82,60.22,0.17,97.32,24999.92,22.88,5000.0,22,NORMAL,NONE,NONE,NONE,1092.48,2738.22,0,NORMAL
2026-09-09 14:36:03,MAITRI,-29.31,17.29,995.98,65.43,692.82,76.58,0.21,97.32,24999.88,29.1,4999.99,27,NORMAL,NONE,NONE,NONE,859.12,2231.14,0,NORMAL
2026-09-09 14:36:03,BHARATI,-15.62,42.25,995.63,68.08,692.82,61.41,0.17,97.32,24999.89,23.33,4999.99,25,NORMAL,NONE,NONE,NONE,1071.39,2409.63,0,NORMAL
2026-09-09 14:36:08,MAITRI,-36.99,66.04,969.08,92.48,0.0,97.26,0.24,55.82,24999.83,36.96,4999.99,27,DISASTER,ANOMALY_GENERATOR_OVERLOAD,NONE,DISASTER_BLIZZARD_EMERGENCY,676.41,2231.14,90,CRITICAL
2026-09-09 14:36:08,BHARATI,-18.57,40.45,997.47,54.33,692.82,61.3,0.17,97.32,24999.85,23.29,4999.99,17,NORMAL,NONE,NONE,NONE,1073.24,3543.58,0,NORMAL
2026-09-09 14:36:13,MAITRI,-22.09,35.35,1000.71,50.45,692.82,69.39,0.19,97.32,24999.8,26.37,4999.99,28,NORMAL,NONE,NONE,NONE,948.09,2151.46,0,NORMAL
2026-09-09 14:36:13,BHARATI,-30.73,11.17,1013.35,68.48,692.82,80.46,0.22,97.32,24999.81,30.58,4999.99,33,NORMAL,NONE,NONE,NONE,817.63,1825.48,0,NORMAL
2026-09-09 14:36:18,MAITRI,-23.93,41.67,990.14,74.29,692.82,70.13,0.19,97.32,24999.76,26.65,4999.98,25,NORMAL,NONE,NONE,NONE,938.11,2409.63,0,NORMAL
2026-09-09 14:36:18,BHARATI,-23.99,23.02,989.51,72.08,692.82,67.39,0.19,97.32,24999.78,25.61,4999.98,18,NORMAL,NONE,NONE,NONE,976.25,3346.71,0,NORMAL
2026-09-09 14:36:23,MAITRI,-23.79,14.67,991.68,67.98,692.82,68.77,0.19,97.32,24999.72,26.13,4999.98,22,NORMAL,NONE,NONE,NONE,956.59,2738.22,0,NORMAL
2026-09-09 14:36:23,BHARATI,-32.2,58.48,994.53,84.78,692.82,93.93,0.22,97.32,24999.73,35.69,4999.98,24,ANOMALY,ANOMALY_GENERATOR_OVERLOAD,NONE,NONE,700.41,2510.03,55,WARNING
2026-09-09 14:36:28,MAITRI,-29.31,29.77,992.02,53.77,692.82,72.97,0.2,97.32,24999.68,27.73,4999.98,18,NORMAL,NONE,NONE,NONE,901.55,3346.71,0,NORMAL
2026-09-09 14:36:28,BHARATI,-26.54,36.94,1010.88,72.35,692.82,76.06,0.21,97.32,24999.69,28.9,4999.98,33,NORMAL,NONE,NONE,NONE,864.94,1825.48,0,NORMAL
2026-09-09 14:36:33,MAITRI,-19.62,28.91,993.67,65.02,692.82,66.0,0.18,97.32,24999.65,25.08,4999.98,26,NORMAL,NONE,NONE,NONE,996.84,2316.95,0,NORMAL
2026-09-09 14:36:33,BHARATI,-17.79,12.9,1002.05,51.61,692.82,62.48,0.17,97.32,24999.65,23.74,4999.98,22,NORMAL,NONE,NONE,NONE,1052.99,2738.21,0,NORMAL
2026-09-09 14:36:38,MAITRI,-22.29,53.2,987.92,70.24,692.82,95.53,0.19,97.32,24999.6,36.3,4999.97,25,ANOMALY,ANOMALY_GENERATOR_OVERLOAD,NONE,NONE,688.66,2409.63,55,WARNING
2026-09-09 14:36:38,BHARATI,-25.62,41.65,1002.49,56.69,692.82,70.7,0.2,97.32,24999.62,26.87,4999.97,22,NORMAL,NONE,NONE,NONE,930.5,2738.21,0,NORMAL
2026-09-09 14:36:43,MAITRI,-30.53,13.65,1005.16,77.28,692.82,73.06,0.2,97.32,24999.56,27.76,4999.97,15,NORMAL,NONE,NONE,NONE,900.45,4016.04,0,NORMAL
2026-09-09 14:36:43,BHARATI,-29.6,20.4,1010.06,68.99,692.82,78.88,0.22,97.32,24999.57,29.97,4999.97,32,NORMAL,NONE,NONE,NONE,834.06,1882.52,0,NORMAL
2026-09-09 14:36:48,MAITRI,-31.47,22.58,1012.03,73.24,692.82,79.64,0.22,97.32,24999.52,30.26,4999.97,29,NORMAL,NONE,NONE,NONE,826.06,2077.26,0,NORMAL
2026-09-09 14:36:48,BHARATI,-40.79,77.39,970.12,87.92,0.0,87.8,0.24,58.66,24999.53,33.36,4999.97,24,DISASTER,NONE,NONE,DISASTER_BLIZZARD_EMERGENCY,749.34,2510.02,70,CRITICAL
2026-09-09 14:36:53,MAITRI,-33.83,35.67,993.14,68.56,692.82,82.13,0.23,97.32,24999.47,31.21,4999.96,29,NORMAL,NONE,NONE,NONE,801.06,2077.26,0,NORMAL
2026-09-09 14:36:53,BHARATI,-29.24,11.86,1007.79,67.13,692.82,72.5,0.2,97.32,24999.49,27.55,4999.96,17,NORMAL,NONE,NONE,NONE,907.4,3543.56,0,NORMAL
2026-09-09 14:36:58,MAITRI,-24.03,46.15,971.47,75.75,692.82,96.55,0.2,97.32,24999.42,36.69,4999.96,32,ANOMALY,ANOMALY_GENERATOR_OVERLOAD,NONE,NONE,681.41,1882.52,55,WARNING
2026-09-09 14:36:58,BHARATI,-27.48,30.48,1007.92,65.51,692.82,71.45,0.2,97.32,24999.45,27.15,4999.96,19,NORMAL,NONE,NONE,NONE,920.75,3170.55,0,NORMAL
2026-09-09 14:37:03,MAITRI,-17.67,42.17,989.12,75.66,692.82,66.36,0.18,97.32,24999.39,25.22,4999.96,32,NORMAL,NONE,NONE,NONE,991.4,1882.51,0,NORMAL
2026-09-09 14:37:03,BHARATI,-25.79,12.54,992.93,69.83,692.82,72.48,0.2,97.32,24999.41,27.54,4999.96,26,NORMAL,NONE,NONE,NONE,907.61,2316.94,0,NORMAL
2026-09-09 15:42:20,MAITRI,-25.93,28.92,1011.73,62.96,565.69,68.23,0.19,94.14,24999.96,25.93,5000.0,15,NORMAL,NONE,NONE,NONE,964.25,4016.06,0,NORMAL
2026-09-09 15:42:20,BHARATI,-36.71,35.86,986.6,79.19,565.69,92.6,0.24,94.14,24999.95,35.19,5000.0,29,ANOMALY,ANOMALY_GENERATOR_OVERLOAD,NONE,NONE,710.45,2077.27,65,WARNING
2026-09-09 15:42:25,MAITRI,-37.0,49.33,982.97,88.79,565.69,97.23,0.24,94.14,24999.91,36.95,5000.0,27,ANOMALY,ANOMALY_GENERATOR_OVERLOAD,NONE,NONE,676.65,2231.14,65,WARNING
2026-09-09 15:42:25,BHARATI,-15.59,18.84,999.68,52.76,565.69,57.37,0.16,94.14,24999.92,21.8,4999.99,15,NORMAL,NONE,NONE,NONE,1146.71,4016.06,0,NORMAL
2026-09-09 15:42:30,MAITRI,-32.57,20.23,1012.57,68.12,565.69,80.0,0.22,94.14,24999.87,30.4,4999.99,27,NORMAL,NONE,NONE,NONE,822.35,2231.14,0,NORMAL
2026-09-09 15:42:30,BHARATI,-21.82,30.79,1005.06,77.26,565.69,66.31,0.18,94.14,24999.89,25.2,4999.99,21,NORMAL,NONE,NONE,NONE,992.18,2868.61,0,NORMAL
2026-09-09 15:42:35,MAITRI,-32.44,28.17,1004.33,64.99,565.69,76.26,0.21,94.14,24999.83,28.98,4999.99,18,NORMAL,NONE,NONE,NONE,862.72,3346.71,0,NORMAL
2026-09-09 15:42:35,BHARATI,-32.51,25.2,985.25,68.28,565.69,81.94,0.23,94.14,24999.84,31.14,4999.99,32,NORMAL,NONE,NONE,NONE,802.91,1882.53,0,NORMAL
2026-09-09 15:42:40,MAITRI,-33.52,35.66,1010.46,56.18,565.69,76.6,0.21,94.14,24999.79,29.11,4999.99,16,NORMAL,NONE,NONE,NONE,858.86,3765.05,0,NORMAL
2026-09-09 15:42:40,BHARATI,-33.34,57.84,970.31,76.67,565.69,96.83,0.22,94.14,24999.79,36.8,4999.99,19,ANOMALY,ANOMALY_GENERATOR_OVERLOAD,NONE,NONE,679.41,3170.57,55,WARNING
2026-09-09 15:42:45,MAITRI,-34.55,43.59,1009.78,66.14,565.69,82.47,0.23,94.14,24999.75,31.34,4999.98,28,NORMAL,NONE,NONE,NONE,797.7,2151.46,0,NORMAL
2026-09-09 15:42:45,BHARATI,-20.64,24.27,989.48,59.66,565.69,65.07,0.18,94.14,24999.76,24.73,4999.98,21,NORMAL,NONE,NONE,NONE,1011.07,2868.61,0,NORMAL
2026-09-09 15:42:50,MAITRI,-16.9,16.58,1013.91,75.04,565.69,60.35,0.17,94.14,24999.71,22.93,4999.98,19,NORMAL,NONE,NONE,NONE,1090.15,3170.57,0,NORMAL
2026-09-09 15:42:50,BHARATI,-27.2,57.76,993.63,71.31,565.69,95.86,0.21,94.14,24999.71,36.42,4999.98,26,ANOMALY,ANOMALY_GENERATOR_OVERLOAD,NONE,NONE,686.33,2316.95,55,WARNING
2026-09-09 15:42:55,MAITRI,-38.82,46.95,986.43,79.02,565.69,97.21,0.24,94.14,24999.66,36.94,4999.98,28,ANOMALY,ANOMALY_GENERATOR_OVERLOAD,NONE,NONE,676.76,2151.45,65,WARNING
2026-09-09 15:42:55,BHARATI,-32.09,38.24,1001.25,58.21,565.69,79.49,0.22,94.14,24999.66,30.21,4999.98,27,NORMAL,NONE,NONE,NONE,827.61,2231.14,0,NORMAL
2026-09-09 15:43:00,MAITRI,-34.33,17.47,1006.48,75.47,565.69,78.25,0.22,94.14,24999.62,29.74,4999.98,18,NORMAL,NONE,NONE,NONE,840.73,3346.71,0,NORMAL
2026-09-09 15:43:00,BHARATI,-36.94,43.34,992.17,88.96,565.69,92.73,0.24,94.14,24999.62,35.24,4999.97,28,ANOMALY,ANOMALY_GENERATOR_OVERLOAD,NONE,NONE,709.48,2151.45,65,WARNING
2026-09-09 15:43:05,MAITRI,-17.06,37.75,987.08,62.21,565.69,66.12,0.18,94.14,24999.59,25.12,4999.97,33,NORMAL,NONE,NONE,NONE,995.03,1825.47,0,NORMAL
2026-09-09 15:43:05,BHARATI,-20.88,26.53,990.03,74.64,565.69,64.92,0.18,94.14,24999.58,24.67,4999.97,20,NORMAL,NONE,NONE,NONE,1013.36,3012.03,0,NORMAL
2026-09-09 15:43:10,MAITRI,-20.85,23.29,989.77,58.58,565.69,62.89,0.17,94.14,24999.55,23.9,4999.97,15,NORMAL,NONE,NONE,NONE,1046.02,4016.04,0,NORMAL
2026-09-09 15:43:10,BHARATI,-21.73,31.32,990.38,59.88,565.69,67.42,0.19,94.14,24999.55,25.62,4999.97,24,NORMAL,NONE,NONE,NONE,975.84,2510.02,0,NORMAL
2026-09-09 15:43:15,MAITRI,-25.76,38.07,991.0,67.68,565.69,74.85,0.21,94.14,24999.51,28.44,4999.97,32,NORMAL,NONE,NONE,NONE,878.95,1882.52,0,NORMAL
2026-09-09 15:43:15,BHARATI,-16.24,28.44,987.87,54.25,565.69,61.25,0.17,94.14,24999.51,23.28,4999.97,23,NORMAL,NONE,NONE,NONE,1074.05,2619.16,0,NORMAL
2026-09-09 15:43:20,MAITRI,-20.99,11.64,1004.17,65.02,565.69,67.84,0.19,94.14,24999.48,25.78,4999.97,27,NORMAL,NONE,NONE,NONE,969.76,2231.13,0,NORMAL
2026-09-09 15:43:20,BHARATI,-26.57,42.27,997.67,78.99,565.69,71.3,0.2,94.14,24999.48,27.09,4999.96,21,NORMAL,NONE,NONE,NONE,922.74,2868.6,0,NORMAL
2026-09-09 15:43:25,MAITRI,-27.72,25.49,1014.26,58.02,565.69,70.5,0.2,94.14,24999.44,26.79,4999.96,16,NORMAL,NONE,NONE,NONE,933.11,3765.03,0,NORMAL
2026-09-09 15:43:25,BHARATI,-27.34,34.36,1012.82,76.05,565.69,69.71,0.19,94.14,24999.44,26.49,4999.96,15,NORMAL,NONE,NONE,NONE,943.73,4016.03,0,NORMAL
2026-09-09 15:43:30,MAITRI,-25.38,42.36,997.05,75.09,565.69,68.85,0.19,94.14,24999.4,26.16,4999.96,18,NORMAL,NONE,NONE,NONE,955.56,3346.69,0,NORMAL
2026-09-09 15:43:30,BHARATI,-31.55,27.84,992.81,60.29,565.69,77.73,0.22,94.14,24999.4,29.54,4999.96,24,NORMAL,NONE,NONE,NONE,846.36,2510.02,0,NORMAL
2026-09-09 15:43:35,MAITRI,-21.47,42.79,985.52,59.42,565.69,67.54,0.19,94.14,24999.37,25.67,4999.96,25,NORMAL,NONE,NONE,NONE,974.03,2409.62,0,NORMAL
2026-09-09 15:43:35,BHARATI,-27.71,59.02,981.63,86.69,565.69,96.3,0.21,94.14,24999.35,36.6,4999.96,28,ANOMALY,ANOMALY_GENERATOR_OVERLOAD,NONE,NONE,683.12,2151.44,55,WARNING
2026-09-09 15:43:40,MAITRI,-19.29,33.09,992.59,52.23,565.69,65.25,0.18,94.14,24999.33,24.8,4999.96,25,NORMAL,NONE,NONE,NONE,1008.24,2409.62,0,NORMAL
2026-09-09 15:43:40,BHARATI,-25.3,14.43,1006.81,76.19,565.69,69.96,0.19,94.14,24999.31,26.59,4999.95,21,NORMAL,NONE,NONE,NONE,940.35,2868.59,0,NORMAL
2026-09-09 15:43:45,MAITRI,-26.61,15.31,1010.29,57.96,565.69,70.14,0.19,94.14,24999.3,26.65,4999.95,18,NORMAL,NONE,NONE,NONE,937.95,3346.69,0,NORMAL
2026-09-09 15:43:45,BHARATI,-22.74,25.46,991.88,71.41,565.69,66.88,0.19,94.14,24999.28,25.41,4999.95,20,NORMAL,NONE,NONE,NONE,983.69,3012.02,0,NORMAL
2026-09-09 15:43:50,MAITRI,-20.06,28.2,991.48,73.27,565.69,64.47,0.18,94.14,24999.26,24.5,4999.95,21,NORMAL,NONE,NONE,NONE,1020.47,2868.59,0,NORMAL
2026-09-09 15:43:50,BHARATI,-35.76,55.3,985.65,80.53,565.69,92.93,0.24,94.14,24999.23,35.31,4999.95,31,ANOMALY,ANOMALY_GENERATOR_OVERLOAD,NONE,NONE,707.96,1943.24,65,WARNING
2026-09-09 15:43:55,MAITRI,-31.49,22.82,995.9,52.07,565.69,80.86,0.22,94.14,24999.22,30.73,4999.95,32,NORMAL,NONE,NONE,NONE,813.56,1882.51,0,NORMAL
2026-09-09 15:43:55,BHARATI,-35.08,49.73,977.78,71.62,565.69,94.07,0.23,94.14,24999.18,35.75,4999.95,30,ANOMALY,ANOMALY_GENERATOR_OVERLOAD,NONE,NONE,699.35,2008.01,65,WARNING
2026-09-09 15:44:00,MAITRI,-29.19,13.72,996.85,68.02,565.69,74.05,0.21,94.14,24999.18,28.14,4999.94,21,NORMAL,NONE,NONE,NONE,888.45,2868.59,0,NORMAL
2026-09-09 15:44:00,BHARATI,-30.48,14.51,992.09,52.86,565.69,76.21,0.21,94.14,24999.14,28.96,4999.94,23,NORMAL,NONE,NONE,NONE,863.24,2619.14,0,NORMAL
2026-09-09 15:44:05,MAITRI,-27.7,28.04,990.64,73.06,565.69,72.09,0.2,94.14,24999.14,27.39,4999.94,20,NORMAL,NONE,NONE,NONE,912.6,3012.01,0,NORMAL
2026-09-09 15:44:05,BHARATI,-17.1,22.41,1010.23,59.34,565.69,60.55,0.17,94.14,24999.1,23.01,4999.94,19,NORMAL,NONE,NONE,NONE,1086.41,3170.54,0,NORMAL
2026-09-09 15:44:10,MAITRI,-21.96,26.08,1003.52,58.47,565.69,64.46,0.18,94.14,24999.11,24.49,4999.94,16,NORMAL,NONE,NONE,NONE,1020.61,3765.02,0,NORMAL
2026-09-09 15:44:10,BHARATI,-23.47,39.11,1006.45,50.5,565.69,66.84,0.19,94.14,24999.07,25.4,4999.94,18,NORMAL,NONE,NONE,NONE,984.24,3346.68,0,NORMAL
2026-09-09 15:44:15,MAITRI,-16.34,29.99,995.55,78.43,565.69,62.56,0.17,94.14,24999.08,23.77,4999.94,26,NORMAL,NONE,NONE,NONE,1051.66,2316.93,0,NORMAL
2026-09-09 15:44:15,BHARATI,-18.89,24.25,1005.82,78.84,565.69,66.83,0.19,94.14,24999.03,25.4,4999.93,30,NORMAL,NONE,NONE,NONE,984.36,2008.01,0,NORMAL
2026-09-09 15:44:20,MAITRI,-39.88,35.99,986.28,88.87,565.69,96.08,0.24,94.14,24999.03,36.51,4999.94,20,ANOMALY,ANOMALY_GENERATOR_OVERLOAD,NONE,NONE,684.72,3012.01,65,WARNING
2026-09-09 15:44:20,BHARATI,-19.1,31.15,1008.42,68.16,565.69,61.46,0.17,94.14,24999.0,23.35,4999.93,16,NORMAL,NONE,NONE,NONE,1070.44,3765.01,0,NORMAL
2026-09-09 15:44:25,MAITRI,-25.08,40.23,1010.37,67.87,565.69,70.93,0.2,94.14,24998.99,26.95,4999.93,24,NORMAL,NONE,NONE,NONE,927.46,2510.01,0,NORMAL
2026-09-09 15:44:25,BHARATI,-28.73,37.99,1012.16,77.94,565.69,72.36,0.2,94.14,24998.96,27.5,4999.93,18,NORMAL,NONE,NONE,NONE,909.11,3346.67,0,NORMAL
2026-09-09 15:44:30,MAITRI,-29.51,39.54,985.26,67.28,565.69,75.59,0.21,94.14,24998.95,28.72,4999.93,24,NORMAL,NONE,NONE,NONE,870.34,2510.0,0,NORMAL
2026-09-09 15:44:30,BHARATI,-37.1,51.6,989.19,88.28,565.69,95.53,0.24,94.14,24998.91,36.3,4999.93,27,ANOMALY,ANOMALY_GENERATOR_OVERLOAD,NONE,NONE,688.65,2231.11,65,WARNING
2026-09-09 15:44:35,MAITRI,-23.22,22.69,1004.14,74.93,565.69,65.38,0.18,94.14,24998.91,24.84,4999.93,15,NORMAL,NONE,NONE,NONE,1006.28,4016.01,0,NORMAL
2026-09-09 15:44:35,BHARATI,-15.85,42.83,1009.51,62.24,565.69,64.85,0.18,94.14,24998.88,24.64,4999.92,33,NORMAL,NONE,NONE,NONE,1014.51,1825.46,0,NORMAL
2026-09-09 15:44:40,MAITRI,-24.63,25.07,989.89,77.39,565.69,71.66,0.2,94.14,24998.88,27.23,4999.92,27,NORMAL,NONE,NONE,NONE,918.03,2231.11,0,NORMAL
2026-09-09 15:44:40,BHARATI,-23.3,10.32,1000.85,54.05,565.69,69.87,0.19,94.14,24998.84,26.55,4999.92,26,NORMAL,NONE,NONE,NONE,941.59,2316.92,0,NORMAL
2026-09-09 15:44:45,MAITRI,-32.54,11.63,1008.42,73.13,565.69,77.96,0.22,94.14,24998.84,29.63,4999.92,22,NORMAL,NONE,NONE,NONE,843.82,2738.18,0,NORMAL
2026-09-09 15:44:45,BHARATI,-25.07,50.57,981.14,78.03,565.69,93.15,0.2,94.14,24998.79,35.4,4999.92,27,ANOMALY,ANOMALY_GENERATOR_OVERLOAD,NONE,NONE,706.27,2231.11,55,WARNING
2026-09-09 15:44:50,MAITRI,-19.61,19.89,1004.01,50.03,565.69,61.59,0.17,94.14,24998.8,23.41,4999.92,15,NORMAL,NONE,NONE,NONE,1068.08,4016.0,0,NORMAL
2026-09-09 15:44:50,BHARATI,-30.71,41.65,984.77,87.41,565.69,92.63,0.21,94.14,24998.74,35.2,4999.92,19,ANOMALY,ANOMALY_GENERATOR_OVERLOAD,NONE,NONE,710.22,3170.52,55,WARNING
2026-09-09 15:44:55,MAITRI,-20.02,26.45,985.72,72.74,565.69,66.03,0.18,94.14,24998.77,25.09,4999.92,25,NORMAL,NONE,NONE,NONE,996.38,2409.6,0,NORMAL
2026-09-09 15:44:55,BHARATI,-33.46,17.01,1014.15,77.03,565.69,83.33,0.23,94.14,24998.7,31.66,4999.91,33,NORMAL,NONE,NONE,NONE,789.48,1825.45,0,NORMAL
2026-09-09 15:45:00,MAITRI,-31.26,52.94,986.52,83.4,565.69,95.87,0.23,94.14,24998.72,36.43,4999.91,34,ANOMALY,ANOMALY_GENERATOR_OVERLOAD,NONE,NONE,686.22,1771.76,55,WARNING
2026-09-09 15:45:00,BHARATI,-20.15,34.67,1007.85,66.61,565.69,67.35,0.19,94.14,24998.66,25.59,4999.91,28,NORMAL,NONE,NONE,NONE,976.74,2151.42,0,NORMAL
2026-09-09 15:45:05,MAITRI,-28.58,13.55,1009.97,71.91,565.69,75.01,0.21,94.14,24998.68,28.5,4999.91,25,NORMAL,NONE,NONE,NONE,877.02,2409.6,0,NORMAL
2026-09-09 15:45:05,BHARATI,-33.36,18.86,1003.14,67.59,565.69,78.83,0.22,94.14,24998.62,29.96,4999.91,22,NORMAL,NONE,NONE,NONE,834.52,2738.17,0,NORMAL
2026-09-09 15:45:10,MAITRI,-17.38,26.73,1007.8,64.64,565.69,66.85,0.19,94.14,24998.64,25.4,4999.91,34,NORMAL,NONE,NONE,NONE,984.03,1771.76,0,NORMAL
2026-09-09 15:45:10,BHARATI,-32.44,24.59,1005.36,63.99,565.69,77.06,0.21,94.14,24998.58,29.28,4999.9,20,NORMAL,NONE,NONE,NONE,853.69,3011.99,0,NORMAL
2026-09-09 15:45:15,MAITRI,-23.25,43.19,994.75,72.85,565.69,92.4,0.19,94.14,24998.59,35.11,4999.9,24,ANOMALY,ANOMALY_GENERATOR_OVERLOAD,NONE,NONE,712.0,2509.99,55,WARNING
2026-09-09 15:45:15,BHARATI,-28.34,24.09,1002.15,78.4,565.69,73.15,0.2,94.14,24998.54,27.8,4999.9,21,NORMAL,NONE,NONE,NONE,899.28,2868.56,0,NORMAL
2026-09-09 15:45:20,MAITRI,-24.08,30.92,992.08,78.39,565.69,67.48,0.19,94.14,24998.56,25.64,4999.9,18,NORMAL,NONE,NONE,NONE,974.89,3346.65,0,NORMAL
2026-09-09 15:45:20,BHARATI,-26.09,38.8,987.74,56.08,565.69,73.19,0.2,94.14,24998.5,27.81,4999.9,27,NORMAL,NONE,NONE,NONE,898.8,2231.1,0,NORMAL
2026-09-09 15:45:25,MAITRI,-32.14,13.09,997.23,63.53,565.69,76.35,0.21,94.14,24998.52,29.01,4999.9,19,NORMAL,NONE,NONE,NONE,861.61,3170.51,0,NORMAL
2026-09-09 15:45:25,BHARATI,-36.87,52.77,979.17,70.21,565.69,95.56,0.22,94.14,24998.45,36.31,4999.9,15,ANOMALY,ANOMALY_GENERATOR_OVERLOAD,NONE,NONE,688.41,4015.98,65,WARNING
2026-09-09 15:45:30,MAITRI,-34.53,43.8,993.1,61.74,565.69,83.66,0.23,94.14,24998.47,31.79,4999.9,31,NORMAL,NONE,NONE,NONE,786.38,1943.22,0,NORMAL
2026-09-09 15:45:30,BHARATI,-27.07,33.02,1010.73,57.12,565.69,69.83,0.19,94.14,24998.42,26.53,4999.89,16,NORMAL,NONE,NONE,NONE,942.14,3764.98,0,NORMAL
2026-09-09 15:45:35,MAITRI,-22.81,18.14,995.41,57.23,565.69,67.75,0.19,94.14,24998.44,25.74,4999.89,22,NORMAL,NONE,NONE,NONE,971.06,2738.17,0,NORMAL
2026-09-09 15:45:35,BHARATI,-43.25,68.47,953.4,94.83,0.0,90.63,0.25,57.81,24998.37,34.44,4999.89,25,DISASTER,ANOMALY_GENERATOR_OVERLOAD,NONE,DISASTER_BLIZZARD_EMERGENCY,725.87,2409.59,90,CRITICAL
2026-09-09 15:45:40,MAITRI,-23.43,17.81,1008.42,60.46,565.69,66.41,0.18,94.14,24998.4,25.23,4999.89,17,NORMAL,NONE,NONE,NONE,990.67,3543.51,0,NORMAL
2026-09-09 15:45:40,BHARATI,-32.35,44.38,1005.21,68.28,565.69,78.97,0.22,94.14,24998.33,30.01,4999.89,25,NORMAL,NONE,NONE,NONE,833.04,2409.59,0,NORMAL
2026-09-09 15:45:45,MAITRI,-22.74,46.04,978.9,86.17,565.69,96.14,0.18,94.14,24998.35,36.53,4999.89,18,ANOMALY,ANOMALY_GENERATOR_OVERLOAD,NONE,NONE,684.25,3346.65,55,WARNING
2026-09-09 15:45:45,BHARATI,-35.22,44.65,991.45,72.15,565.69,96.01,0.23,94.14,24998.28,36.48,4999.89,25,ANOMALY,ANOMALY_GENERATOR_OVERLOAD,NONE,NONE,685.2,2409.58,65,WARNING
2026-09-09 15:45:50,MAITRI,-44.59,63.5,962.63,88.82,0.0,89.39,0.26,58.18,24998.31,33.97,4999.89,30,DISASTER,NONE,NONE,DISASTER_BLIZZARD_EMERGENCY,735.93,2007.99,70,CRITICAL
2026-09-09 15:45:50,BHARATI,-21.51,42.27,1014.45,66.65,565.69,65.18,0.18,94.14,24998.24,24.77,4999.88,19,NORMAL,NONE,NONE,NONE,1009.21,3170.5,0,NORMAL
2026-09-09 15:45:55,MAITRI,-25.53,19.38,1000.62,72.06,565.69,69.81,0.19,94.14,24998.27,26.53,4999.88,20,NORMAL,NONE,NONE,NONE,942.36,3011.98,0,NORMAL
2026-09-09 15:45:55,BHARATI,-24.38,40.65,1006.98,75.73,565.69,70.6,0.2,94.14,24998.21,26.83,4999.88,25,NORMAL,NONE,NONE,NONE,931.79,2409.58,0,NORMAL
2026-09-09 15:46:00,MAITRI,-39.77,49.89,989.41,74.8,565.69,92.23,0.25,94.14,24998.22,35.05,4999.88,29,ANOMALY,ANOMALY_GENERATOR_OVERLOAD,NONE,NONE,713.26,2077.23,65,WARNING
2026-09-09 15:46:00,BHARATI,-20.08,43.16,1013.41,68.72,565.69,62.89,0.17,94.14,24998.17,23.9,4999.88,17,NORMAL,NONE,NONE,NONE,1046.08,3543.5,0,NORMAL
2026-09-09 15:46:05,MAITRI,-27.77,38.7,1001.96,54.68,565.69,74.96,0.21,94.14,24998.18,28.48,4999.88,27,NORMAL,NONE,NONE,NONE,877.63,2231.09,0,NORMAL
2026-09-09 15:46:05,BHARATI,-24.45,25.67,994.96,60.7,565.69,74.27,0.21,94.14,24998.13,28.22,4999.88,34,NORMAL,NONE,NONE,NONE,885.77,1771.75,0,NORMAL
2026-09-09 15:46:10,MAITRI,-29.92,15.73,986.44,52.93,565.69,79.22,0.22,94.14,24998.14,30.1,4999.87,32,NORMAL,NONE,NONE,NONE,830.44,1882.48,0,NORMAL
2026-09-09 15:46:10,BHARATI,-21.14,25.31,997.36,54.79,565.69,63.19,0.18,94.14,24998.1,24.01,4999.87,15,NORMAL,NONE,NONE,NONE,1041.02,4015.96,0,NORMAL
2026-09-09 15:46:15,MAITRI,-23.75,18.3,989.8,64.5,565.69,69.14,0.19,94.14,24998.1,26.27,4999.87,23,NORMAL,NONE,NONE,NONE,951.52,2619.1,0,NORMAL
2026-09-09 15:46:15,BHARATI,-20.54,49.26,992.38,89.28,565.69,92.28,0.19,94.14,24998.05,35.07,4999.87,29,ANOMALY,ANOMALY_GENERATOR_OVERLOAD,NONE,NONE,712.86,2077.22,55,WARNING
2026-09-09 15:46:20,MAITRI,-21.85,42.14,993.73,74.18,565.69,67.14,0.19,94.14,24998.07,25.51,4999.87,23,NORMAL,NONE,NONE,NONE,979.81,2619.1,0,NORMAL
2026-09-09 15:46:20,BHARATI,-21.72,22.52,998.76,60.93,565.69,65.8,0.18,94.14,24998.02,25.01,4999.87,20,NORMAL,NONE,NONE,NONE,999.71,3011.97,0,NORMAL
2026-09-09 15:46:25,MAITRI,-19.25,11.09,987.77,76.46,565.69,63.61,0.18,94.14,24998.03,24.17,4999.87,21,NORMAL,NONE,NONE,NONE,1034.19,2868.54,0,NORMAL
2026-09-09 15:46:25,BHARATI,-38.75,57.83,970.4,78.14,565.69,92.66,0.23,94.14,24997.97,35.21,4999.87,17,ANOMALY,ANOMALY_GENERATOR_OVERLOAD,NONE,NONE,709.98,3543.49,65,WARNING
2026-09-09 15:46:30,MAITRI,-28.55,30.94,999.1,55.51,565.69,74.18,0.21,94.14,24997.99,28.19,4999.86,23,NORMAL,NONE,NONE,NONE,886.84,2619.1,0,NORMAL
2026-09-09 15:46:30,BHARATI,-37.7,50.51,972.54,87.31,565.69,98.18,0.24,94.14,24997.92,37.31,4999.86,32,ANOMALY,ANOMALY_GENERATOR_OVERLOAD,NONE,NONE,670.05,1882.48,65,WARNING
2026-09-09 15:46:35,MAITRI,-31.52,29.56,992.68,58.2,565.69,77.7,0.22,94.14,24997.95,29.53,4999.86,24,NORMAL,NONE,NONE,NONE,846.67,2509.97,0,NORMAL
2026-09-09 15:46:35,BHARATI,-22.6,19.3,1001.05,70.02,565.69,66.33,0.18,94.14,24997.88,25.2,4999.86,19,NORMAL,NONE,NONE,NONE,991.83,3170.49,0,NORMAL
2026-09-09 15:46:40,MAITRI,-33.98,37.73,999.49,69.51,565.69,78.68,0.22,94.14,24997.91,29.9,4999.86,20,NORMAL,NONE,NONE,NONE,836.09,3011.96,0,NORMAL
2026-09-09 15:46:40,BHARATI,-22.22,59.65,974.52,88.85,565.69,97.64,0.2,94.14,24997.83,37.1,4999.86,34,ANOMALY,ANOMALY_GENERATOR_OVERLOAD,NONE,NONE,673.74,1771.74,55,WARNING
2026-09-09 15:46:45,MAITRI,-26.93,42.72,1011.36,74.43,565.69,76.47,0.21,94.14,24997.87,29.06,4999.85,33,NORMAL,NONE,NONE,NONE,860.22,1825.43,0,NORMAL
2026-09-09 15:46:45,BHARATI,-33.28,14.01,991.26,78.04,565.69,79.94,0.22,94.14,24997.79,30.38,4999.85,25,NORMAL,NONE,NONE,NONE,822.89,2409.57,0,NORMAL
2026-09-09 15:46:50,MAITRI,-27.0,12.93,996.52,55.78,565.69,74.55,0.21,94.14,24997.83,28.33,4999.85,28,NORMAL,NONE,NONE,NONE,882.36,2151.4,0,NORMAL
2026-09-09 15:46:50,BHARATI,-33.07,49.34,988.31,79.1,565.69,97.13,0.22,94.14,24997.74,36.91,4999.85,26,ANOMALY,ANOMALY_GENERATOR_OVERLOAD,NONE,NONE,677.25,2316.89,55,WARNING
2026-09-09 15:46:55,MAITRI,-21.69,38.03,1005.43,70.48,565.69,64.57,0.18,94.14,24997.8,24.54,4999.85,17,NORMAL,NONE,NONE,NONE,1018.75,3543.48,0,NORMAL
2026-09-09 15:46:55,BHARATI,-31.37,28.56,988.85,58.97,565.69,75.53,0.21,94.14,24997.7,28.7,4999.85,19,NORMAL,NONE,NONE,NONE,870.92,3170.48,0,NORMAL
2026-09-09 15:47:00,MAITRI,-15.04,16.1,998.91,72.9,565.69,59.99,0.17,94.14,24997.77,22.8,4999.85,23,NORMAL,NONE,NONE,NONE,1096.6,2619.09,0,NORMAL
2026-09-09 15:47:00,BHARATI,-20.09,41.76,1011.38,59.82,565.69,66.5,0.18,94.14,24997.66,25.27,4999.84,26,NORMAL,NONE,NONE,NONE,989.24,2316.89,0,NORMAL
2026-09-09 15:47:05,MAITRI,-16.68,14.54,1013.83,51.74,565.69,62.51,0.17,94.14,24997.73,23.76,4999.84,25,NORMAL,NONE,NONE,NONE,1052.3,2409.56,0,NORMAL
2026-09-09 15:47:05,BHARATI,-25.93,41.27,981.69,74.94,565.69,94.94,0.2,94.14,24997.61,36.08,4999.84,26,ANOMALY,ANOMALY_GENERATOR_OVERLOAD,NONE,NONE,692.9,2316.89,55,WARNING
2026-09-09 15:47:10,MAITRI,-22.44,10.24,991.02,62.96,565.69,68.97,0.19,94.14,24997.7,26.21,4999.84,26,NORMAL,NONE,NONE,NONE,953.87,2316.89,0,NORMAL
2026-09-09 15:47:10,BHARATI,-23.26,42.3,1002.98,77.86,565.69,70.62,0.2,94.14,24997.57,26.84,4999.84,28,NORMAL,NONE,NONE,NONE,931.47,2151.39,0,NORMAL
2026-09-09 15:47:15,MAITRI,-27.7,14.17,1014.7,74.06,565.69,76.88,0.21,94.14,24997.66,29.21,4999.84,32,NORMAL,NONE,NONE,NONE,855.66,1882.47,0,NORMAL
2026-09-09 15:47:15,BHARATI,-26.48,56.21,990.87,81.5,565.69,97.44,0.2,94.14,24997.52,37.03,4999.84,19,ANOMALY,ANOMALY_GENERATOR_OVERLOAD,NONE,NONE,675.13,3170.47,55,WARNING
2026-09-09 15:47:20,MAITRI,-39.14,77.86,970.77,97.9,0.0,92.63,0.23,57.21,24997.61,35.2,4999.84,16,DISASTER,ANOMALY_GENERATOR_OVERLOAD,NONE,DISASTER_BLIZZARD_EMERGENCY,710.16,3764.94,90,CRITICAL
2026-09-09 15:47:20,BHARATI,-34.51,35.95,985.41,72.24,565.69,93.79,0.23,94.14,24997.47,35.64,4999.83,27,ANOMALY,ANOMALY_GENERATOR_OVERLOAD,NONE,NONE,701.4,2231.07,55,WARNING
2026-09-09 15:47:25,MAITRI,-32.07,19.85,1001.8,55.39,565.69,74.68,0.21,94.14,24997.57,28.38,4999.83,15,NORMAL,NONE,NONE,NONE,880.92,4015.93,0,NORMAL
2026-09-09 15:47:25,BHARATI,-28.72,11.77,1012.45,77.77,565.69,76.75,0.21,94.14,24997.43,29.17,4999.83,29,NORMAL,NONE,NONE,NONE,857.08,2077.2,0,NORMAL
2026-09-09 15:47:30,MAITRI,-22.46,10.27,1002.38,64.02,565.69,69.39,0.19,94.14,24997.53,26.37,4999.83,27,NORMAL,NONE,NONE,NONE,948.06,2231.07,0,NORMAL
2026-09-09 15:47:30,BHARATI,-30.2,34.21,1006.88,59.33,565.69,76.71,0.21,94.14,24997.39,29.15,4999.83,25,NORMAL,NONE,NONE,NONE,857.57,2409.56,0,NORMAL
2026-09-09 15:47:35,MAITRI,-26.7,43.47,1012.79,51.98,565.69,74.64,0.21,94.14,24997.49,28.36,4999.83,29,NORMAL,NONE,NONE,NONE,881.34,2077.2,0,NORMAL
2026-09-09 15:47:35,BHARATI,-25.62,19.72,1009.09,72.39,565.69,74.7,0.21,94.14,24997.35,28.39,4999.82,32,NORMAL,NONE,NONE,NONE,880.61,1882.46,0,NORMAL
2026-09-09 15:47:40,MAITRI,-22.72,43.09,999.81,54.88,565.69,68.46,0.19,94.14,24997.46,26.02,4999.82,24,NORMAL,NONE,NONE,NONE,960.88,2509.95,0,NORMAL
2026-09-09 15:47:40,BHARATI,-17.8,19.11,990.71,63.99,565.69,60.49,0.17,94.14,24997.32,22.99,4999.82,17,NORMAL,NONE,NONE,NONE,1087.46,3543.46,0,NORMAL
2026-09-09 15:47:45,MAITRI,-20.25,40.24,1014.94,68.6,565.69,69.86,0.19,94.14,24997.42,26.55,4999.82,34,NORMAL,NONE,NONE,NONE,941.66,1771.73,0,NORMAL
2026-09-09 15:47:45,BHARATI,-26.32,19.16,986.89,66.98,565.69,69.04,0.19,94.14,24997.28,26.23,4999.82,16,NORMAL,NONE,NONE,NONE,952.88,3764.92,0,NORMAL
2026-09-09 15:47:50,MAITRI,-21.89,26.86,1009.53,75.7,565.69,69.99,0.19,94.14,24997.38,26.6,4999.82,30,NORMAL,NONE,NONE,NONE,939.9,2007.96,0,NORMAL
2026-09-09 15:47:50,BHARATI,-31.73,27.42,989.17,62.53,565.69,80.72,0.22,94.14,24997.24,30.67,4999.82,31,NORMAL,NONE,NONE,NONE,814.96,1943.19,0,NORMAL
2026-09-09 15:47:55,MAITRI,-19.93,41.66,987.79,57.83,565.69,65.53,0.18,94.14,24997.35,24.9,4999.81,24,NORMAL,NONE,NONE,NONE,1003.93,2509.95,0,NORMAL
2026-09-09 15:47:55,BHARATI,-24.0,37.57,986.85,81.8,565.69,98.89,0.19,94.14,24997.19,37.58,4999.81,17,ANOMALY,ANOMALY_GENERATOR_OVERLOAD,NONE,NONE,665.2,3543.45,55,WARNING
2026-09-09 15:48:00,MAITRI,-26.22,20.17,1004.16,57.17,565.69,74.94,0.21,94.14,24997.31,28.48,4999.81,31,NORMAL,NONE,NONE,NONE,877.85,1943.18,0,NORMAL
2026-09-09 15:48:00,BHARATI,-29.76,39.54,993.91,82.22,565.69,93.46,0.22,94.14,24997.14,35.51,4999.81,33,ANOMALY,ANOMALY_GENERATOR_OVERLOAD,NONE,NONE,703.87,1825.41,55,WARNING
2026-09-09 15:48:05,MAITRI,-37.37,40.11,985.54,87.8,565.69,92.58,0.24,94.14,24997.26,35.18,4999.81,31,ANOMALY,ANOMALY_GENERATOR_OVERLOAD,NONE,NONE,710.54,1943.18,65,WARNING
2026-09-09 15:48:05,BHARATI,-29.4,15.34,998.44,70.55,565.69,77.07,0.21,94.14,24997.1,29.28,4999.81,28,NORMAL,NONE,NONE,NONE,853.58,2151.38,0,NORMAL
2026-09-09 15:48:10,MAITRI,-31.22,16.68,1009.66,58.35,565.69,77.78,0.22,94.14,24997.22,29.56,4999.8,25,NORMAL,NONE,NONE,NONE,845.73,2409.54,0,NORMAL
2026-09-09 15:48:10,BHARATI,-18.57,16.79,1006.19,62.28,565.69,64.1,0.18,94.14,24997.06,24.36,4999.8,24,NORMAL,NONE,NONE,NONE,1026.2,2509.94,0,NORMAL
2026-09-09 15:48:15,MAITRI,-21.32,14.46,999.84,60.62,565.69,70.19,0.19,94.14,24997.18,26.67,4999.8,32,NORMAL,NONE,NONE,NONE,937.26,1882.46,0,NORMAL
2026-09-09 15:48:15,BHARATI,-22.36,20.76,996.12,76.94,565.69,65.27,0.18,94.14,24997.03,24.8,4999.8,17,NORMAL,NONE,NONE,NONE,1007.78,3543.45,0,NORMAL
2026-09-09 15:48:20,MAITRI,-31.29,22.25,994.86,77.24,565.69,76.65,0.21,94.14,24997.14,29.13,4999.8,22,NORMAL,NONE,NONE,NONE,858.2,2738.12,0,NORMAL
2026-09-09 15:48:20,BHARATI,-18.38,22.83,1007.55,65.44,565.69,67.9,0.19,94.14,24996.99,25.8,4999.8,34,NORMAL,NONE,NONE,NONE,968.79,1771.72,0,NORMAL
2026-09-09 15:48:25,MAITRI,-29.74,23.77,1007.6,72.71,565.69,79.43,0.22,94.14,24997.1,30.18,4999.79,33,NORMAL,NONE,NONE,NONE,828.19,1825.41,0,NORMAL
2026-09-09 15:48:25,BHARATI,-34.77,27.56,1012.0,70.79,565.69,77.51,0.22,94.14,24996.95,29.45,4999.8,15,NORMAL,NONE,NONE,NONE,848.73,4015.9,0,NORMAL
2026-09-09 15:48:30,MAITRI,-32.32,33.24,989.15,50.85,565.69,76.14,0.21,94.14,24997.06,28.93,4999.79,18,NORMAL,NONE,NONE,NONE,863.96,3346.58,0,NORMAL
2026-09-09 15:48:30,BHARATI,-15.16,11.38,1008.26,60.71,565.69,61.71,0.17,94.14,24996.92,23.45,4999.79,27,NORMAL,NONE,NONE,NONE,1065.93,2231.05,0,NORMAL
2026-09-09 15:48:35,MAITRI,-25.4,14.66,991.35,71.66,565.69,71.67,0.2,94.14,24997.02,27.24,4999.79,25,NORMAL,NONE,NONE,NONE,917.81,2409.54,0,NORMAL
2026-09-09 15:48:35,BHARATI,-17.14,24.15,995.38,53.49,565.69,64.6,0.18,94.14,24996.89,24.55,4999.79,29,NORMAL,NONE,NONE,NONE,1018.27,2077.19,0,NORMAL
2026-09-09 15:48:40,MAITRI,-23.63,44.76,1013.03,55.08,565.69,68.62,0.19,94.14,24996.98,26.07,4999.79,22,NORMAL,NONE,NONE,NONE,958.7,2738.11,0,NORMAL
2026-09-09 15:48:40,BHARATI,-30.51,37.35,994.16,88.25,565.69,98.67,0.21,94.14,24996.83,37.49,4999.79,23,ANOMALY,ANOMALY_GENERATOR_OVERLOAD,NONE,NONE,666.7,2619.06,55,WARNING
2026-09-09 15:48:45,MAITRI,-27.39,24.6,1001.57,75.97,565.69,72.96,0.2,94.14,24996.95,27.72,4999.78,23,NORMAL,NONE,NONE,NONE,901.65,2619.06,0,NORMAL
2026-09-09 15:48:45,BHARATI,-19.24,23.75,1000.6,74.08,565.69,68.4,0.19,94.14,24996.8,25.99,4999.78,33,NORMAL,NONE,NONE,NONE,961.67,1825.4,0,NORMAL
2026-09-09 15:48:50,MAITRI,-19.43,40.38,986.75,58.14,565.69,69.0,0.19,94.14,24996.91,26.22,4999.78,34,NORMAL,NONE,NONE,NONE,953.35,1771.72,0,NORMAL
2026-09-09 15:48:50,BHARATI,-24.72,32.78,1011.66,57.95,565.69,67.75,0.19,94.14,24996.76,25.75,4999.78,17,NORMAL,NONE,NONE,NONE,970.89,3543.43,0,NORMAL
2026-09-09 15:48:55,MAITRI,-35.42,72.87,965.91,89.59,0.0,87.47,0.24,58.76,24996.86,33.24,4999.78,33,DISASTER,NONE,NONE,DISASTER_BLIZZARD_EMERGENCY,752.04,1825.4,70,CRITICAL
2026-09-09 15:48:55,BHARATI,-26.62,22.99,1001.15,62.74,565.69,68.95,0.19,94.14,24996.73,26.2,4999.78,15,NORMAL,NONE,NONE,NONE,954.04,4015.89,0,NORMAL
2026-09-09 15:49:00,MAITRI,-40.78,62.57,969.48,92.69,0.0,95.57,0.24,56.33,24996.81,36.32,4999.77,25,DISASTER,ANOMALY_GENERATOR_OVERLOAD,NONE,DISASTER_BLIZZARD_EMERGENCY,688.29,2409.53,90,CRITICAL
2026-09-09 15:49:00,BHARATI,-23.4,38.99,999.61,53.79,565.69,69.17,0.19,94.14,24996.69,26.28,4999.78,24,NORMAL,NONE,NONE,NONE,951.02,2509.93,0,NORMAL
2026-09-09 15:49:05,MAITRI,-20.29,53.74,975.92,72.24,565.69,93.34,0.18,94.14,24996.76,35.47,4999.77,25,ANOMALY,ANOMALY_GENERATOR_OVERLOAD,NONE,NONE,704.74,2409.53,55,WARNING
2026-09-09 15:49:05,BHARATI,-34.27,16.22,990.31,74.54,565.69,82.59,0.23,94.14,24996.65,31.38,4999.77,29,NORMAL,NONE,NONE,NONE,796.49,2077.18,0,NORMAL
2026-09-09 15:49:10,MAITRI,-18.58,28.79,990.87,53.12,565.69,61.31,0.17,94.14,24996.73,23.3,4999.77,17,NORMAL,NONE,NONE,NONE,1072.97,3543.42,0,NORMAL
2026-09-09 15:49:10,BHARATI,-21.35,11.29,990.25,70.25,565.69,65.02,0.18,94.14,24996.61,24.71,4999.77,19,NORMAL,NONE,NONE,NONE,1011.67,3170.43,0,NORMAL
2026-09-09 15:49:15,MAITRI,-33.85,20.36,1001.67,60.67,565.69,76.95,0.21,94.14,24996.69,29.24,4999.77,16,NORMAL,NONE,NONE,NONE,854.89,3764.88,0,NORMAL
2026-09-09 15:49:15,BHARATI,-34.37,46.01,984.19,81.67,565.69,92.4,0.23,94.14,24996.56,35.11,4999.77,32,ANOMALY,ANOMALY_GENERATOR_OVERLOAD,NONE,NONE,711.91,1882.44,55,WARNING
2026-09-09 15:49:20,MAITRI,-16.62,39.6,989.61,60.12,565.69,63.65,0.18,94.14,24996.66,24.19,4999.76,28,NORMAL,NONE,NONE,NONE,1033.43,2151.36,0,NORMAL
2026-09-09 15:49:20,BHARATI,-43.55,62.14,958.47,86.99,0.0,86.06,0.24,59.18,24996.52,32.7,4999.77,16,DISASTER,NONE,NONE,DISASTER_BLIZZARD_EMERGENCY,764.38,3764.88,70,CRITICAL
2026-09-09 15:49:25,MAITRI,-30.03,38.84,987.68,51.47,565.69,73.73,0.2,94.14,24996.62,28.02,4999.76,18,NORMAL,NONE,NONE,NONE,892.16,3346.56,0,NORMAL
2026-09-09 15:49:25,BHARATI,-16.81,32.39,1012.83,65.58,565.69,59.45,0.17,94.14,24996.49,22.59,4999.76,17,NORMAL,NONE,NONE,NONE,1106.51,3543.42,0,NORMAL
2026-09-09 15:49:30,MAITRI,-21.61,26.73,1014.98,55.2,565.69,67.69,0.19,94.14,24996.58,25.72,4999.76,25,NORMAL,NONE,NONE,NONE,971.81,2409.52,0,NORMAL
2026-09-09 15:49:30,BHARATI,-20.71,10.96,991.14,63.48,565.69,68.35,0.19,94.14,24996.45,25.97,4999.76,29,NORMAL,NONE,NONE,NONE,962.4,2077.18,0,NORMAL
2026-09-09 15:49:35,MAITRI,-23.85,23.11,1009.01,71.28,565.69,68.44,0.19,94.14,24996.55,26.01,4999.76,21,NORMAL,NONE,NONE,NONE,961.09,2868.48,0,NORMAL
2026-09-09 15:49:35,BHARATI,-26.53,48.21,980.64,87.43,565.69,92.28,0.21,94.14,24996.4,35.07,4999.76,32,ANOMALY,ANOMALY_GENERATOR_OVERLOAD,NONE,NONE,712.85,1882.44,55,WARNING
2026-09-09 15:49:40,MAITRI,-23.08,33.2,998.99,71.53,565.69,68.04,0.19,94.14,24996.51,25.85,4999.75,22,NORMAL,NONE,NONE,NONE,966.82,2738.09,0,NORMAL
2026-09-09 15:49:40,BHARATI,-19.09,41.49,1006.39,71.56,565.69,63.85,0.18,94.14,24996.37,24.26,4999.75,22,NORMAL,NONE,NONE,NONE,1030.25,2738.09,0,NORMAL
2026-09-09 15:49:45,MAITRI,-33.98,42.54,1009.05,68.47,565.69,78.67,0.22,94.14,24996.47,29.9,4999.75,20,NORMAL,NONE,NONE,NONE,836.11,3011.9,0,NORMAL
2026-09-09 15:49:45,BHARATI,-20.86,12.9,1011.19,70.98,565.69,66.5,0.18,94.14,24996.33,25.27,4999.75,24,NORMAL,NONE,NONE,NONE,989.13,2509.92,0,NORMAL
2026-09-09 15:49:50,MAITRI,-25.35,10.94,1014.12,76.8,565.69,70.01,0.19,94.14,24996.43,26.6,4999.75,21,NORMAL,NONE,NONE,NONE,939.54,2868.47,0,NORMAL
2026-09-09 15:49:50,BHARATI,-26.65,37.94,993.36,76.96,565.69,70.98,0.2,94.14,24996.3,26.97,4999.75,20,NORMAL,NONE,NONE,NONE,926.73,3011.9,0,NORMAL
2026-09-09 15:49:55,MAITRI,-38.04,69.33,963.09,93.81,0.0,98.95,0.24,55.31,24996.38,37.6,4999.75,25,DISASTER,ANOMALY_GENERATOR_OVERLOAD,NONE,DISASTER_BLIZZARD_EMERGENCY,664.77,2409.52,90,CRITICAL
2026-09-09 15:49:55,BHARATI,-24.96,20.12,1002.16,52.79,565.69,71.21,0.2,94.14,24996.26,27.06,4999.75,25,NORMAL,NONE,NONE,NONE,923.78,2409.52,0,NORMAL
2026-09-09 15:50:00,MAITRI,-29.57,13.96,1008.97,74.91,565.69,74.04,0.21,94.14,24996.34,28.14,4999.74,20,NORMAL,NONE,NONE,NONE,888.38,3011.89,0,NORMAL
2026-09-09 15:50:00,BHARATI,-35.88,55.92,980.23,70.24,565.69,94.92,0.23,94.14,24996.21,36.07,4999.74,28,ANOMALY,ANOMALY_GENERATOR_OVERLOAD,NONE,NONE,693.0,2151.35,65,WARNING
2026-09-09 15:50:05,MAITRI,-39.32,76.1,972.49,94.59,0.0,92.29,0.23,57.31,24996.29,35.07,4999.74,18,DISASTER,ANOMALY_GENERATOR_OVERLOAD,NONE,DISASTER_BLIZZARD_EMERGENCY,712.75,3346.55,90,CRITICAL
2026-09-09 15:50:05,BHARATI,-15.46,24.7,990.81,66.62,565.69,62.83,0.17,94.14,24996.17,23.88,4999.74,29,NORMAL,NONE,NONE,NONE,1046.95,2077.17,0,NORMAL
2026-09-09 15:50:10,MAITRI,-17.65,40.34,987.42,59.6,565.69,61.54,0.17,94.14,24996.26,23.38,4999.74,20,NORMAL,NONE,NONE,NONE,1068.94,3011.89,0,NORMAL
2026-09-09 15:50:10,BHARATI,-25.07,18.3,999.43,68.07,565.69,72.13,0.2,94.14,24996.14,27.41,4999.74,27,NORMAL,NONE,NONE,NONE,911.99,2231.03,0,NORMAL
2026-09-09 15:50:15,MAITRI,-20.87,16.84,989.91,61.08,565.69,70.52,0.2,94.14,24996.22,26.8,4999.74,34,NORMAL,NONE,NONE,NONE,932.81,1771.7,0,NORMAL
2026-09-09 15:50:15,BHARATI,-19.37,19.85,1011.54,75.86,565.69,66.94,0.19,94.14,24996.1,25.44,4999.73,29,NORMAL,NONE,NONE,NONE,982.69,2077.16,0,NORMAL
2026-09-09 15:50:20,MAITRI,-27.76,40.53,991.15,81.35,565.69,92.51,0.21,94.14,24996.17,35.15,4999.73,33,ANOMALY,ANOMALY_GENERATOR_OVERLOAD,NONE,NONE,711.04,1825.39,55,WARNING
2026-09-09 15:50:20,BHARATI,-17.55,26.03,997.81,71.39,565.69,61.03,0.17,94.14,24996.07,23.19,4999.73,19,NORMAL,NONE,NONE,NONE,1077.77,3170.41,0,NORMAL
2026-09-09 15:50:25,MAITRI,-19.61,40.2,1012.59,66.62,565.69,65.59,0.18,94.14,24996.14,24.93,4999.73,25,NORMAL,NONE,NONE,NONE,1002.84,2409.51,0,NORMAL
2026-09-09 15:50:25,BHARATI,-21.91,36.43,996.2,65.3,565.69,64.8,0.18,94.14,24996.03,24.63,4999.73,17,NORMAL,NONE,NONE,NONE,1015.04,3543.39,0,NORMAL
2026-09-09 15:50:30,MAITRI,-22.78,21.74,988.17,72.13,565.69,71.32,0.2,94.14,24996.1,27.1,4999.73,31,NORMAL,NONE,NONE,NONE,922.3,1943.15,0,NORMAL
2026-09-09 15:50:30,BHARATI,-30.8,38.04,982.42,86.76,565.69,96.88,0.21,94.14,24995.98,36.81,4999.73,20,ANOMALY,ANOMALY_GENERATOR_OVERLOAD,NONE,NONE,679.0,3011.88,55,WARNING
2026-09-09 15:50:35,MAITRI,-21.01,28.58,991.21,67.78,565.69,70.26,0.2,94.14,24996.06,26.7,4999.72,33,NORMAL,NONE,NONE,NONE,936.27,1825.38,0,NORMAL
2026-09-09 15:50:35,BHARATI,-37.98,35.34,978.81,78.65,565.69,95.15,0.23,94.14,24995.93,36.16,4999.72,23,ANOMALY,ANOMALY_GENERATOR_OVERLOAD,NONE,NONE,691.28,2619.03,65,WARNING
2026-09-09 15:50:40,MAITRI,-15.05,38.22,993.39,50.39,565.69,60.0,0.17,94.14,24996.03,22.8,4999.72,23,NORMAL,NONE,NONE,NONE,1096.25,2619.03,0,NORMAL
2026-09-09 15:50:40,BHARATI,-23.21,38.68,972.09,76.68,565.69,93.29,0.2,94.14,24995.88,35.45,4999.72,31,ANOMALY,ANOMALY_GENERATOR_OVERLOAD,NONE,NONE,705.06,1943.15,55,WARNING
2026-09-09 15:50:45,MAITRI,-31.98,11.58,989.82,79.43,565.69,79.78,0.22,94.14,24995.99,30.32,4999.72,28,NORMAL,NONE,NONE,NONE,824.48,2151.34,0,NORMAL
2026-09-09 15:50:45,BHARATI,-19.6,23.58,989.24,54.82,565.69,65.58,0.18,94.14,24995.85,24.92,4999.72,25,NORMAL,NONE,NONE,NONE,1002.97,2409.5,0,NORMAL
2026-09-09 15:50:50,MAITRI,-20.44,13.22,1003.14,61.95,565.69,64.46,0.18,94.14,24995.96,24.5,4999.71,20,NORMAL,NONE,NONE,NONE,1020.42,3011.88,0,NORMAL
2026-09-09 15:50:50,BHARATI,-17.11,43.19,989.06,71.06,565.69,59.77,0.17,94.14,24995.82,22.71,4999.72,17,NORMAL,NONE,NONE,NONE,1100.57,3543.39,0,NORMAL
2026-09-09 15:50:55,MAITRI,-26.59,20.7,987.57,53.33,565.69,71.32,0.2,94.14,24995.92,27.1,4999.71,21,NORMAL,NONE,NONE,NONE,922.33,2868.45,0,NORMAL
2026-09-09 15:50:55,BHARATI,-18.07,40.62,1008.6,78.92,565.69,60.37,0.17,94.14,24995.79,22.94,4999.71,16,NORMAL,NONE,NONE,NONE,1089.53,3764.85,0,NORMAL
2026-09-09 15:51:01,MAITRI,-35.0,30.32,985.78,70.15,565.69,80.95,0.22,94.14,24995.88,30.76,4999.71,23,NORMAL,NONE,NONE,NONE,812.63,2619.02,0,NORMAL
2026-09-09 15:51:01,BHARATI,-20.88,31.66,1002.73,73.28,565.69,69.32,0.19,94.14,24995.75,26.34,4999.71,31,NORMAL,NONE,NONE,NONE,948.84,1943.14,0,NORMAL
2026-09-09 15:51:06,MAITRI,-29.67,32.64,994.7,79.85,565.69,75.75,0.21,94.14,24995.84,28.78,4999.71,24,NORMAL,NONE,NONE,NONE,868.37,2509.89,0,NORMAL
2026-09-09 15:51:06,BHARATI,-17.18,26.74,990.78,70.09,565.69,65.84,0.18,94.14,24995.71,25.02,4999.71,32,NORMAL,NONE,NONE,NONE,999.08,1882.42,0,NORMAL
2026-09-09 15:51:11,MAITRI,-32.86,21.13,994.15,69.39,565.69,79.5,0.22,94.14,24995.79,30.21,4999.7,25,NORMAL,NONE,NONE,NONE,827.41,2409.5,0,NORMAL
2026-09-09 15:51:11,BHARATI,-43.67,77.62,974.3,88.02,0.0,98.74,0.25,55.38,24995.66,37.52,4999.7,20,DISASTER,ANOMALY_GENERATOR_OVERLOAD,NONE,DISASTER_BLIZZARD_EMERGENCY,666.15,3011.87,90,CRITICAL
2026-09-09 15:51:16,MAITRI,-25.11,40.02,990.75,82.59,565.69,96.94,0.2,94.14,24995.74,36.84,4999.7,23,ANOMALY,ANOMALY_GENERATOR_OVERLOAD,NONE,NONE,678.52,2619.02,55,WARNING
2026-09-09 15:51:16,BHARATI,-30.76,23.07,1006.77,67.5,565.69,80.5,0.22,94.14,24995.62,30.59,4999.7,33,NORMAL,NONE,NONE,NONE,817.13,1825.37,0,NORMAL
2026-09-09 15:51:21,MAITRI,-20.67,36.46,987.58,72.74,565.69,67.5,0.19,94.14,24995.71,25.65,4999.7,27,NORMAL,NONE,NONE,NONE,974.49,2231.01,0,NORMAL
2026-09-09 15:51:21,BHARATI,-20.53,21.04,1002.67,57.45,565.69,64.15,0.18,94.14,24995.59,24.38,4999.7,19,NORMAL,NONE,NONE,NONE,1025.31,3170.39,0,NORMAL
2026-09-09 15:51:26,MAITRI,-32.05,34.78,1009.86,56.28,565.69,80.65,0.22,94.14,24995.66,30.65,4999.69,30,NORMAL,NONE,NONE,NONE,815.57,2007.91,0,NORMAL
2026-09-09 15:51:26,BHARATI,-28.21,10.31,994.88,67.93,565.69,75.42,0.21,94.14,24995.55,28.66,4999.7,27,NORMAL,NONE,NONE,NONE,872.18,2231.01,0,NORMAL
2026-09-09 15:51:31,MAITRI,-17.76,35.19,998.37,79.53,565.69,62.45,0.17,94.14,24995.63,23.73,4999.69,22,NORMAL,NONE,NONE,NONE,1053.3,2738.06,0,NORMAL
2026-09-09 15:51:31,BHARATI,-24.87,16.1,1001.53,55.95,565.69,73.51,0.2,94.14,24995.51,27.93,4999.69,31,NORMAL,NONE,NONE,NONE,894.78,1943.14,0,NORMAL
2026-09-09 15:51:36,MAITRI,-23.56,21.66,989.06,58.4,565.69,67.74,0.19,94.14,24995.6,25.74,4999.69,20,NORMAL,NONE,NONE,NONE,971.08,3011.86,0,NORMAL
2026-09-09 15:51:36,BHARATI,-28.84,39.83,970.97,84.43,565.69,95.32,0.2,94.14,24995.46,36.22,4999.69,16,ANOMALY,ANOMALY_GENERATOR_OVERLOAD,NONE,NONE,690.06,3764.83,55,WARNING
2026-09-09 15:51:41,MAITRI,-31.79,34.73,1009.0,66.88,565.69,74.38,0.21,94.14,24995.56,28.26,4999.69,15,NORMAL,NONE,NONE,NONE,884.4,4015.81,0,NORMAL
2026-09-09 15:51:41,BHARATI,-17.23,14.17,1004.66,55.52,565.69,65.49,0.18,94.14,24995.42,24.89,4999.69,31,NORMAL,NONE,NONE,NONE,1004.4,1943.14,0,NORMAL
2026-09-09 15:51:46,MAITRI,-16.1,17.52,1004.6,76.61,565.69,65.5,0.18,94.14,24995.52,24.89,4999.68,34,NORMAL,NONE,NONE,NONE,1004.23,1771.68,0,NORMAL
2026-09-09 15:51:46,BHARATI,-35.64,50.33,984.12,74.98,565.69,98.34,0.23,94.14,24995.37,37.37,4999.68,29,ANOMALY,ANOMALY_GENERATOR_OVERLOAD,NONE,NONE,668.9,2077.14,65,WARNING
2026-09-09 15:51:51,MAITRI,-19.75,14.13,1006.59,73.12,565.69,62.14,0.17,94.14,24995.49,23.61,4999.68,16,NORMAL,NONE,NONE,NONE,1058.51,3764.82,0,NORMAL
2026-09-09 15:51:51,BHARATI,-31.96,31.62,1000.83,72.93,565.69,80.96,0.22,94.14,24995.33,30.76,4999.68,31,NORMAL,NONE,NONE,NONE,812.51,1943.13,0,NORMAL
2026-09-09 15:51:56,MAITRI,-33.39,16.08,990.93,69.83,565.69,80.46,0.22,94.14,24995.45,30.57,4999.68,26,NORMAL,NONE,NONE,NONE,817.56,2316.81,0,NORMAL
2026-09-09 15:51:56,BHARATI,-23.09,32.95,999.42,75.92,565.69,67.64,0.19,94.14,24995.29,25.7,4999.68,21,NORMAL,NONE,NONE,NONE,972.46,2868.43,0,NORMAL
2026-09-09 15:52:01,MAITRI,-23.21,51.41,976.13,84.76,565.69,96.12,0.2,94.14,24995.4,36.52,4999.67,28,ANOMALY,ANOMALY_GENERATOR_OVERLOAD,NONE,NONE,684.35,2151.32,55,WARNING
2026-09-09 15:52:01,BHARATI,-39.19,56.22,992.91,73.01,565.69,93.43,0.24,94.14,24995.24,35.5,4999.67,25,ANOMALY,ANOMALY_GENERATOR_OVERLOAD,NONE,NONE,704.03,2409.48,65,WARNING
2026-09-09 15:52:06,MAITRI,-24.31,55.69,983.52,88.61,565.69,92.85,0.19,94.14,24995.35,35.28,4999.67,18,ANOMALY,ANOMALY_GENERATOR_OVERLOAD,NONE,NONE,708.45,3346.5,55,WARNING
2026-09-09 15:52:06,BHARATI,-37.35,62.25,964.53,95.54,0.0,96.78,0.24,55.96,24995.19,36.78,4999.67,33,DISASTER,ANOMALY_GENERATOR_OVERLOAD,NONE,DISASTER_BLIZZARD_EMERGENCY,679.63,1825.36,90,CRITICAL
2026-09-09 15:52:11,MAITRI,-34.19,29.18,1011.46,67.47,565.69,78.9,0.22,94.14,24995.3,29.98,4999.67,20,NORMAL,NONE,NONE,NONE,833.7,3011.85,0,NORMAL
2026-09-09 15:52:11,BHARATI,-21.62,38.36,994.94,78.33,565.69,64.9,0.18,94.14,24995.16,24.66,4999.67,18,NORMAL,NONE,NONE,NONE,1013.56,3346.5,0,NORMAL
2026-09-09 15:52:16,MAITRI,-23.69,45.67,985.96,84.03,565.69,95.04,0.2,94.14,24995.25,36.11,4999.67,26,ANOMALY,ANOMALY_GENERATOR_OVERLOAD,NONE,NONE,692.12,2316.81,55,WARNING
2026-09-09 15:52:16,BHARATI,-25.19,22.84,990.7,67.21,565.69,75.05,0.21,94.14,24995.12,28.52,4999.66,34,NORMAL,NONE,NONE,NONE,876.47,1771.67,0,NORMAL
2026-09-09 15:52:21,MAITRI,-32.11,36.09,1010.03,52.92,565.69,81.91,0.23,94.14,24995.21,31.13,4999.66,33,NORMAL,NONE,NONE,NONE,803.03,1825.36,0,NORMAL
2026-09-09 15:52:21,BHARATI,-15.99,32.1,990.83,60.62,565.69,60.19,0.17,94.14,24995.09,22.87,4999.66,21,NORMAL,NONE,NONE,NONE,1092.8,2868.42,0,NORMAL
2026-09-09 15:52:26,MAITRI,-29.73,39.72,987.33,70.21,565.69,72.22,0.2,94.14,24995.17,27.44,4999.66,15,NORMAL,NONE,NONE,NONE,910.79,4015.79,0,NORMAL
2026-09-09 15:52:26,BHARATI,-20.53,15.25,1013.49,57.17,565.69,66.95,0.19,94.14,24995.05,25.44,4999.66,26,NORMAL,NONE,NONE,NONE,982.44,2316.8,0,NORMAL
2026-09-09 15:52:31,MAITRI,-30.12,31.66,995.89,76.27,565.69,72.63,0.2,94.14,24995.13,27.6,4999.66,15,NORMAL,NONE,NONE,NONE,905.69,4015.79,0,NORMAL
2026-09-09 15:52:31,BHARATI,-22.54,35.17,1002.27,71.31,565.69,65.47,0.18,94.14,24995.02,24.88,4999.66,17,NORMAL,NONE,NONE,NONE,1004.73,3543.34,0,NORMAL
2026-09-09 15:52:36,MAITRI,-20.35,43.21,1010.91,76.38,565.69,62.76,0.17,94.14,24995.1,23.85,4999.66,16,NORMAL,NONE,NONE,NONE,1048.01,3764.8,0,NORMAL
2026-09-09 15:52:36,BHARATI,-31.66,12.94,1012.05,67.36,565.69,79.45,0.22,94.14,24994.97,30.19,4999.65,28,NORMAL,NONE,NONE,NONE,827.93,2151.31,0,NORMAL
2026-09-09 15:52:41,MAITRI,-18.72,24.0,1002.72,50.45,565.69,63.46,0.18,94.14,24995.07,24.11,4999.66,22,NORMAL,NONE,NONE,NONE,1036.5,2738.04,0,NORMAL
2026-09-09 15:52:41,BHARATI,-28.22,25.77,1007.95,68.44,565.69,77.03,0.21,94.14,24994.93,29.27,4999.65,31,NORMAL,NONE,NONE,NONE,853.91,1943.12,0,NORMAL
2026-09-09 15:52:46,MAITRI,-33.15,33.75,1000.86,52.6,565.69,80.61,0.22,94.14,24995.03,30.63,4999.65,27,NORMAL,NONE,NONE,NONE,815.98,2230.99,0,NORMAL
2026-09-09 15:52:46,BHARATI,-17.91,25.21,1010.35,79.33,565.69,61.8,0.17,94.14,24994.9,23.49,4999.65,20,NORMAL,NONE,NONE,NONE,1064.25,3011.84,0,NORMAL
2026-09-09 15:52:51,MAITRI,-22.85,31.88,1014.52,56.07,565.69,71.4,0.2,94.14,24994.99,27.13,4999.65,31,NORMAL,NONE,NONE,NONE,921.28,1943.12,0,NORMAL
2026-09-09 15:52:51,BHARATI,-43.99,76.03,974.39,94.17,0.0,98.88,0.26,55.34,24994.85,37.58,4999.64,33,DISASTER,ANOMALY_GENERATOR_OVERLOAD,NONE,DISASTER_BLIZZARD_EMERGENCY,665.19,1825.35,90,CRITICAL
2026-09-09 15:52:56,MAITRI,-20.66,43.42,989.75,56.47,565.69,65.89,0.18,94.14,24994.95,25.04,4999.65,23,NORMAL,NONE,NONE,NONE,998.3,2618.99,0,NORMAL
2026-09-09 15:52:56,BHARATI,-17.78,18.56,997.58,50.58,565.69,62.07,0.17,94.14,24994.82,23.59,4999.64,21,NORMAL,NONE,NONE,NONE,1059.65,2868.41,0,NORMAL
2026-09-09 15:53:01,MAITRI,-34.11,43.16,988.86,63.37,565.69,84.02,0.23,94.14,24994.91,31.93,4999.64,33,NORMAL,NONE,NONE,NONE,782.88,1825.35,0,NORMAL
2026-09-09 15:53:01,BHARATI,-33.76,17.89,999.05,67.27,565.69,78.84,0.22,94.14,24994.77,29.96,4999.64,21,NORMAL,NONE,NONE,NONE,834.26,2868.41,0,NORMAL
2026-09-09 15:53:06,MAITRI,-22.06,40.98,1005.97,55.04,565.69,70.16,0.19,94.14,24994.87,26.66,4999.64,30,NORMAL,NONE,NONE,NONE,937.47,2007.89,0,NORMAL
2026-09-09 15:53:06,BHARATI,-15.47,27.58,993.56,53.51,565.69,61.24,0.17,94.14,24994.74,23.27,4999.64,25,NORMAL,NONE,NONE,NONE,1074.04,2409.46,0,NORMAL
2026-09-09 15:53:11,MAITRI,-19.71,31.64,995.3,77.94,565.69,66.9,0.19,94.14,24994.84,25.42,4999.64,28,NORMAL,NONE,NONE,NONE,983.19,2151.31,0,NORMAL
2026-09-09 15:53:11,BHARATI,-18.91,37.99,1000.54,73.34,565.69,67.65,0.19,94.14,24994.71,25.71,4999.63,32,NORMAL,NONE,NONE,NONE,972.26,1882.39,0,NORMAL
2026-09-09 15:53:16,MAITRI,-16.33,37.59,1010.44,76.71,565.69,64.55,0.18,94.14,24994.8,24.53,4999.63,31,NORMAL,NONE,NONE,NONE,1019.03,1943.11,0,NORMAL
2026-09-09 15:53:16,BHARATI,-44.59,73.49,951.18,94.9,0.0,86.74,0.25,58.98,24994.66,32.96,4999.63,17,DISASTER,NONE,NONE,DISASTER_BLIZZARD_EMERGENCY,758.33,3543.32,70,CRITICAL
2026-09-09 15:53:21,MAITRI,-26.87,32.26,1003.08,55.87,565.69,72.81,0.2,94.14,24994.76,27.67,4999.63,24,NORMAL,NONE,NONE,NONE,903.39,2509.85,0,NORMAL
2026-09-09 15:53:21,BHARATI,-30.16,27.33,1013.65,74.71,565.69,74.27,0.21,94.14,24994.62,28.22,4999.63,19,NORMAL,NONE,NONE,NONE,885.66,3170.34,0,NORMAL
2026-09-09 15:53:26,MAITRI,-29.01,27.27,996.15,79.75,565.69,78.66,0.22,94.14,24994.72,29.89,4999.63,33,NORMAL,NONE,NONE,NONE,836.18,1825.35,0,NORMAL
2026-09-09 15:53:26,BHARATI,-22.2,59.19,985.6,89.12,565.69,96.41,0.19,94.14,24994.57,36.64,4999.63,22,ANOMALY,ANOMALY_GENERATOR_OVERLOAD,NONE,NONE,682.22,2738.02,55,WARNING
2026-09-09 15:53:31,MAITRI,-24.01,25.09,998.41,55.34,565.69,68.62,0.19,94.14,24994.69,26.07,4999.62,21,NORMAL,NONE,NONE,NONE,958.61,2868.4,0,NORMAL
2026-09-09 15:53:31,BHARATI,-23.18,20.62,1011.39,63.14,565.69,71.34,0.2,94.14,24994.53,27.11,4999.62,30,NORMAL,NONE,NONE,NONE,921.98,2007.88,0,NORMAL
2026-09-09 15:53:36,MAITRI,-15.75,11.6,1000.42,78.38,565.69,62.74,0.17,94.14,24994.65,23.84,4999.62,28,NORMAL,NONE,NONE,NONE,1048.38,2151.3,0,NORMAL
2026-09-09 15:53:36,BHARATI,-27.12,23.94,1011.94,56.73,565.69,69.87,0.19,94.14,24994.5,26.55,4999.62,16,NORMAL,NONE,NONE,NONE,941.35,3764.77,0,NORMAL
2026-09-09 15:53:41,MAITRI,-21.73,36.88,1006.3,57.04,565.69,69.02,0.19,94.14,24994.62,26.23,4999.62,28,NORMAL,NONE,NONE,NONE,953.01,2151.3,0,NORMAL
2026-09-09 15:53:41,BHARATI,-20.8,26.88,1006.22,62.63,565.69,70.44,0.2,94.14,24994.46,26.77,4999.62,34,NORMAL,NONE,NONE,NONE,933.71,1771.66,0,NORMAL
2026-09-09 15:53:46,MAITRI,-26.46,11.07,985.72,76.78,565.69,74.78,0.21,94.14,24994.58,28.42,4999.61,30,NORMAL,NONE,NONE,NONE,879.59,2007.88,0,NORMAL
2026-09-09 15:53:46,BHARATI,-24.92,28.69,998.69,67.35,565.69,71.97,0.2,94.14,24994.42,27.35,4999.61,27,NORMAL,NONE,NONE,NONE,913.93,2230.97,0,NORMAL
2026-09-09 15:53:51,MAITRI,-24.84,42.03,976.2,87.42,565.69,92.69,0.19,94.14,24994.53,35.22,4999.61,21,ANOMALY,ANOMALY_GENERATOR_OVERLOAD,NONE,NONE,709.64,2868.39,55,WARNING
2026-09-09 15:53:51,BHARATI,-24.02,29.8,1010.84,57.41,565.69,68.63,0.19,94.14,24994.39,26.08,4999.61,21,NORMAL,NONE,NONE,NONE,958.45,2868.39,0,NORMAL
2026-09-09 15:53:56,MAITRI,-32.18,24.38,985.27,71.04,565.69,78.39,0.22,94.14,24994.49,29.79,4999.61,24,NORMAL,NONE,NONE,NONE,839.03,2509.84,0,NORMAL
2026-09-09 15:53:56,BHARATI,-22.24,28.65,997.97,55.5,565.69,71.15,0.2,94.14,24994.35,27.04,4999.61,32,NORMAL,NONE,NONE,NONE,924.45,1882.38,0,NORMAL
2026-09-09 15:54:01,MAITRI,-34.34,19.33,985.92,53.54,565.69,79.46,0.22,94.14,24994.44,30.19,4999.61,21,NORMAL,NONE,NONE,NONE,827.8,2868.39,0,NORMAL
2026-09-09 15:54:01,BHARATI,-16.02,25.58,996.23,79.08,565.69,63.42,0.18,94.14,24994.31,24.1,4999.6,29,NORMAL,NONE,NONE,NONE,1037.18,2077.11,0,NORMAL
2026-09-09 15:54:06,MAITRI,-30.31,28.56,999.45,78.57,565.69,78.03,0.22,94.14,24994.4,29.65,4999.6,28,NORMAL,NONE,NONE,NONE,842.98,2151.29,0,NORMAL
2026-09-09 15:54:06,BHARATI,-23.2,40.42,994.99,79.1,565.69,93.59,0.2,94.14,24994.26,35.57,4999.6,34,ANOMALY,ANOMALY_GENERATOR_OVERLOAD,NONE,NONE,702.76,1771.65,55,WARNING
2026-09-09 15:54:11,MAITRI,-28.8,41.47,1012.84,59.13,565.69,73.24,0.2,94.14,24994.37,27.83,4999.6,20,NORMAL,NONE,NONE,NONE,898.06,3011.81,0,NORMAL
2026-09-09 15:54:11,BHARATI,-18.94,28.02,1005.57,67.12,565.69,63.29,0.18,94.14,24994.23,24.05,4999.6,21,NORMAL,NONE,NONE,NONE,1039.25,2868.39,0,NORMAL
2026-09-09 15:54:16,MAITRI,-21.15,31.97,996.08,73.11,565.69,65.61,0.18,94.14,24994.33,24.93,4999.6,21,NORMAL,NONE,NONE,NONE,1002.53,2868.39,0,NORMAL
2026-09-09 15:54:16,BHARATI,-30.07,46.55,971.82,72.45,565.69,95.35,0.2,94.14,24994.18,36.23,4999.6,18,ANOMALY,ANOMALY_GENERATOR_OVERLOAD,NONE,NONE,689.82,3346.45,55,WARNING
2026-09-09 15:54:21,MAITRI,-30.47,36.83,994.45,62.4,565.69,79.8,0.22,94.14,24994.29,30.32,4999.59,32,NORMAL,NONE,NONE,NONE,824.28,1882.38,0,NORMAL
2026-09-09 15:54:21,BHARATI,-26.34,44.11,999.85,63.66,565.69,73.45,0.2,94.14,24994.14,27.91,4999.59,27,NORMAL,NONE,NONE,NONE,895.44,2230.97,0,NORMAL
2026-09-09 15:54:26,MAITRI,-37.35,57.77,956.02,86.34,0.0,87.99,0.23,58.6,24994.24,33.44,4999.59,24,DISASTER,NONE,NONE,DISASTER_BLIZZARD_EMERGENCY,747.49,2509.84,70,CRITICAL
2026-09-09 15:54:26,BHARATI,-26.93,22.75,1001.79,78.51,565.69,70.88,0.2,94.14,24994.1,26.93,4999.59,19,NORMAL,NONE,NONE,NONE,928.0,3170.32,0,NORMAL
2026-09-09 15:54:31,MAITRI,-29.61,54.15,985.12,79.6,565.69,98.94,0.2,94.14,24994.19,37.6,4999.59,15,ANOMALY,ANOMALY_GENERATOR_OVERLOAD,NONE,NONE,664.78,4015.73,55,WARNING
2026-09-09 15:54:31,BHARATI,-29.68,22.59,995.81,50.03,565.69,72.57,0.2,94.14,24994.07,27.58,4999.59,16,NORMAL,NONE,NONE,NONE,906.4,3764.75,0,NORMAL
2026-09-09 15:54:36,MAITRI,-22.52,36.64,1008.68,55.58,565.69,67.85,0.19,94.14,24994.15,25.78,4999.59,23,NORMAL,NONE,NONE,NONE,969.46,2618.96,0,NORMAL
2026-09-09 15:54:36,BHARATI,-28.19,50.97,991.02,71.74,565.69,96.76,0.21,94.14,24994.02,36.77,4999.59,25,ANOMALY,ANOMALY_GENERATOR_OVERLOAD,NONE,NONE,679.73,2409.44,55,WARNING
2026-09-09 15:54:41,MAITRI,-21.75,25.37,1001.97,67.14,565.69,64.24,0.18,94.14,24994.12,24.41,4999.59,16,NORMAL,NONE,NONE,NONE,1023.88,3764.75,0,NORMAL
2026-09-09 15:54:41,BHARATI,-37.05,41.27,994.26,70.06,565.69,95.28,0.24,94.14,24993.97,36.21,4999.58,27,ANOMALY,ANOMALY_GENERATOR_OVERLOAD,NONE,NONE,690.32,2230.96,65,WARNING
2026-09-09 15:54:46,MAITRI,-24.4,41.54,975.16,72.26,565.69,97.91,0.19,94.14,24994.07,37.2,4999.58,15,ANOMALY,ANOMALY_GENERATOR_OVERLOAD,NONE,NONE,671.81,4015.73,55,WARNING
2026-09-09 15:54:46,BHARATI,-15.72,32.39,995.95,75.75,565.69,57.91,0.16,94.14,24993.93,22.01,4999.58,16,NORMAL,NONE,NONE,NONE,1135.79,3764.74,0,NORMAL
2026-09-09 15:54:51,MAITRI,-21.52,27.34,1001.49,60.01,565.69,63.6,0.18,94.14,24994.03,24.17,4999.58,15,NORMAL,NONE,NONE,NONE,1034.17,4015.73,0,NORMAL
2026-09-09 15:54:51,BHARATI,-18.98,19.01,999.54,73.87,565.69,64.53,0.18,94.14,24993.9,24.52,4999.58,24,NORMAL,NONE,NONE,NONE,1019.21,2509.83,0,NORMAL
2026-09-09 15:54:56,MAITRI,-21.12,28.59,994.66,76.28,565.69,65.58,0.18,94.14,24994.0,24.92,4999.58,21,NORMAL,NONE,NONE,NONE,1002.95,2868.38,0,NORMAL
2026-09-09 15:54:56,BHARATI,-31.8,19.71,1003.01,79.09,565.69,80.79,0.22,94.14,24993.86,30.7,4999.57,31,NORMAL,NONE,NONE,NONE,814.17,1943.09,0,NORMAL
2026-09-09 15:55:01,MAITRI,-21.22,27.1,987.26,59.33,565.69,68.88,0.19,94.14,24993.96,26.18,4999.58,29,NORMAL,NONE,NONE,NONE,954.85,2077.1,0,NORMAL
2026-09-09 15:55:01,BHARATI,-18.92,23.36,987.63,55.65,565.69,64.06,0.18,94.14,24993.82,24.34,4999.57,23,NORMAL,NONE,NONE,NONE,1026.72,2618.95,0,NORMAL
2026-09-09 15:55:06,MAITRI,-34.68,40.75,982.85,78.99,565.69,92.66,0.23,94.14,24993.91,35.21,4999.57,30,ANOMALY,ANOMALY_GENERATOR_OVERLOAD,NONE,NONE,709.82,2007.86,55,WARNING
2026-09-09 15:55:06,BHARATI,-34.57,35.34,1004.11,78.02,565.69,78.09,0.22,94.14,24993.78,29.68,4999.57,17,NORMAL,NONE,NONE,NONE,842.22,3543.28,0,NORMAL
2026-09-09 15:55:11,MAITRI,-27.52,25.74,985.43,74.78,565.69,76.3,0.21,94.14,24993.87,28.99,4999.57,31,NORMAL,NONE,NONE,NONE,862.06,1943.09,0,NORMAL
2026-09-09 15:55:11,BHARATI,-24.32,23.39,1006.28,50.95,565.69,69.73,0.19,94.14,24993.75,26.5,4999.57,23,NORMAL,NONE,NONE,NONE,943.22,2618.95,0,NORMAL
2026-09-09 15:55:16,MAITRI,-18.63,41.14,989.46,54.51,565.69,63.36,0.18,94.14,24993.84,24.08,4999.57,22,NORMAL,NONE,NONE,NONE,1038.04,2737.99,0,NORMAL
2026-09-09 15:55:16,BHARATI,-26.37,23.89,998.14,54.04,565.69,75.09,0.21,94.14,24993.71,28.53,4999.56,31,NORMAL,NONE,NONE,NONE,875.91,1943.09,0,NORMAL
2026-09-09 15:55:21,MAITRI,-31.49,32.09,996.63,71.3,565.69,78.86,0.22,94.14,24993.8,29.97,4999.56,27,NORMAL,NONE,NONE,NONE,834.03,2230.95,0,NORMAL
2026-09-09 15:55:21,BHARATI,-24.25,42.96,989.43,72.27,565.69,69.66,0.19,94.14,24993.67,26.47,4999.56,23,NORMAL,NONE,NONE,NONE,944.21,2618.94,0,NORMAL
2026-09-09 15:55:26,MAITRI,-29.54,36.73,1005.86,77.11,565.69,74.02,0.21,94.14,24993.76,28.13,4999.56,20,NORMAL,NONE,NONE,NONE,888.62,3011.78,0,NORMAL
2026-09-09 15:55:26,BHARATI,-26.4,11.48,991.11,67.88,565.69,73.92,0.21,94.14,24993.63,28.09,4999.56,28,NORMAL,NONE,NONE,NONE,889.8,2151.27,0,NORMAL
2026-09-09 15:55:31,MAITRI,-26.34,32.86,999.86,67.57,565.69,69.06,0.19,94.14,24993.72,26.24,4999.56,16,NORMAL,NONE,NONE,NONE,952.46,3764.73,0,NORMAL
2026-09-09 15:55:31,BHARATI,-27.53,40.37,1011.4,61.42,565.69,71.9,0.2,94.14,24993.59,27.32,4999.56,20,NORMAL,NONE,NONE,NONE,914.73,3011.78,0,NORMAL
2026-09-09 15:55:36,MAITRI,-32.94,39.45,993.66,77.21,565.69,97.66,0.22,94.14,24993.67,37.11,4999.56,26,ANOMALY,ANOMALY_GENERATOR_OVERLOAD,NONE,NONE,673.5,2316.75,55,WARNING
2026-09-09 15:55:36,BHARATI,-31.14,34.11,994.13,68.38,565.69,80.9,0.22,94.14,24993.55,30.74,4999.55,33,NORMAL,NONE,NONE,NONE,813.05,1825.32,0,NORMAL
2026-09-09 15:55:41,MAITRI,-15.75,42.89,985.52,64.04,565.69,58.74,0.16,94.14,24993.64,22.32,4999.55,18,NORMAL,NONE,NONE,NONE,1119.69,3346.42,0,NORMAL
2026-09-09 15:55:41,BHARATI,-24.24,38.61,1005.48,52.48,565.69,72.06,0.2,94.14,24993.51,27.38,4999.55,29,NORMAL,NONE,NONE,NONE,912.78,2077.09,0,NORMAL
2026-09-09 15:55:46,MAITRI,-17.86,33.36,989.97,67.7,565.69,67.36,0.19,94.14,24993.61,25.6,4999.55,34,NORMAL,NONE,NONE,NONE,976.47,1771.63,0,NORMAL
2026-09-09 15:55:46,BHARATI,-20.7,19.97,1008.36,69.5,565.69,68.34,0.19,94.14,24993.48,25.97,4999.55,29,NORMAL,NONE,NONE,NONE,962.43,2077.09,0,NORMAL
2026-09-09 15:55:51,MAITRI,-34.54,14.86,1005.13,52.54,565.69,79.66,0.22,94.14,24993.56,30.27,4999.55,21,NORMAL,NONE,NONE,NONE,825.64,2868.36,0,NORMAL
2026-09-09 15:55:51,BHARATI,-17.65,43.86,1005.44,71.54,565.69,63.93,0.18,94.14,24993.44,24.29,4999.54,26,NORMAL,NONE,NONE,NONE,1028.84,2316.75,0,NORMAL
2026-09-09 15:55:56,MAITRI,-23.93,44.16,1013.27,75.23,565.69,72.53,0.2,94.14,24993.53,27.56,4999.54,31,NORMAL,NONE,NONE,NONE,906.84,1943.08,0,NORMAL
2026-09-09 15:55:56,BHARATI,-22.27,41.35,1006.03,74.12,565.69,70.78,0.2,94.14,24993.4,26.9,4999.54,31,NORMAL,NONE,NONE,NONE,929.22,1943.08,0,NORMAL
2026-09-09 15:56:01,MAITRI,-17.56,16.99,1011.02,68.52,565.69,61.04,0.17,94.14,24993.49,23.2,4999.54,19,NORMAL,NONE,NONE,NONE,1077.52,3170.29,0,NORMAL
2026-09-09 15:56:01,BHARATI,-25.88,40.37,1007.7,54.57,565.69,73.77,0.2,94.14,24993.37,28.03,4999.54,29,NORMAL,NONE,NONE,NONE,891.53,2077.08,0,NORMAL
2026-09-09 15:56:06,MAITRI,-19.36,38.18,1014.95,69.57,565.69,62.53,0.17,94.14,24993.46,23.76,4999.54,18,NORMAL,NONE,NONE,NONE,1051.91,3346.41,0,NORMAL
2026-09-09 15:56:06,BHARATI,-29.63,44.24,992.31,50.49,565.69,76.51,0.21,94.14,24993.33,29.08,4999.53,26,NORMAL,NONE,NONE,NONE,859.6,2316.74,0,NORMAL
2026-09-09 15:56:11,MAITRI,-26.34,32.56,1006.19,65.31,565.69,74.66,0.21,94.14,24993.42,28.37,4999.54,30,NORMAL,NONE,NONE,NONE,881.01,2007.85,0,NORMAL
2026-09-09 15:56:11,BHARATI,-15.19,41.58,985.79,60.08,565.69,58.55,0.16,94.14,24993.29,22.25,4999.53,19,NORMAL,NONE,NONE,NONE,1123.29,3170.28,0,NORMAL
2026-09-09 15:56:16,MAITRI,-23.06,23.3,1004.59,71.45,565.69,65.22,0.18,94.14,24993.39,24.78,4999.53,15,NORMAL,NONE,NONE,NONE,1008.5,4015.69,0,NORMAL
2026-09-09 15:56:16,BHARATI,-35.64,67.67,959.56,91.82,0.0,89.8,0.22,58.06,24993.25,34.12,4999.53,15,DISASTER,NONE,NONE,DISASTER_BLIZZARD_EMERGENCY,732.44,4015.69,70,CRITICAL
2026-09-09 15:56:21,MAITRI,-27.18,33.52,1002.89,50.92,565.69,72.73,0.2,94.14,24993.35,27.64,4999.53,23,NORMAL,NONE,NONE,NONE,904.27,2618.93,0,NORMAL
2026-09-09 15:56:21,BHARATI,-41.11,55.03,968.36,96.16,0.0,96.13,0.25,56.16,24993.2,36.53,4999.53,26,DISASTER,ANOMALY_GENERATOR_OVERLOAD,NONE,DISASTER_BLIZZARD_EMERGENCY,684.18,2316.74,90,CRITICAL
2026-09-09 15:56:26,MAITRI,-15.12,26.94,1003.52,60.87,565.69,64.08,0.18,94.14,24993.31,24.35,4999.53,33,NORMAL,NONE,NONE,NONE,1026.47,1825.31,0,NORMAL
2026-09-09 15:56:26,BHARATI,-22.01,39.8,998.29,52.92,565.69,68.11,0.19,94.14,24993.16,25.88,4999.52,25,NORMAL,NONE,NONE,NONE,965.7,2409.41,0,NORMAL
2026-09-09 15:56:31,MAITRI,-16.01,18.25,1013.27,58.91,565.69,63.01,0.18,94.14,24993.28,23.95,4999.53,28,NORMAL,NONE,NONE,NONE,1043.76,2151.26,0,NORMAL
2026-09-09 15:56:31,BHARATI,-27.19,11.5,992.15,62.68,565.69,69.95,0.19,94.14,24993.12,26.58,4999.52,16,NORMAL,NONE,NONE,NONE,940.21,3764.7,0,NORMAL
2026-09-09 15:56:36,MAITRI,-30.37,11.0,1014.49,75.15,565.69,74.89,0.21,94.14,24993.24,28.46,4999.52,20,NORMAL,NONE,NONE,NONE,878.29,3011.76,0,NORMAL
2026-09-09 15:56:36,BHARATI,-42.26,67.06,963.33,89.29,0.0,88.66,0.24,58.4,24993.08,33.69,4999.52,21,DISASTER,NONE,NONE,DISASTER_BLIZZARD_EMERGENCY,741.84,2868.34,70,CRITICAL
2026-09-09 15:56:41,MAITRI,-16.85,22.23,1006.55,70.5,565.69,65.89,0.18,94.14,24993.21,25.04,4999.52,33,NORMAL,NONE,NONE,NONE,998.16,1825.31,0,NORMAL
2026-09-09 15:56:41,BHARATI,-17.84,40.81,1001.56,57.95,565.69,61.33,0.17,94.14,24993.04,23.3,4999.52,19,NORMAL,NONE,NONE,NONE,1072.46,3170.27,0,NORMAL
2026-09-09 15:56:46,MAITRI,-34.17,34.28,985.94,50.4,565.69,80.48,0.22,94.14,24993.16,30.58,4999.52,24,NORMAL,NONE,NONE,NONE,817.24,2509.8,0,NORMAL
2026-09-09 15:56:46,BHARATI,-29.43,32.53,1014.97,58.75,565.69,75.1,0.21,94.14,24993.0,28.54,4999.51,23,NORMAL,NONE,NONE,NONE,875.8,2618.92,0,NORMAL
2026-09-09 15:56:51,MAITRI,-25.07,34.21,997.4,59.51,565.69,70.92,0.2,94.14,24993.13,26.95,4999.51,24,NORMAL,NONE,NONE,NONE,927.4,2509.8,0,NORMAL
2026-09-09 15:56:51,BHARATI,-18.88,15.99,1014.65,71.45,565.69,65.23,0.18,94.14,24992.97,24.79,4999.51,26,NORMAL,NONE,NONE,NONE,1008.35,2316.73,0,NORMAL
2026-09-09 15:56:56,MAITRI,-27.02,41.2,1011.06,52.86,565.69,72.17,0.2,94.14,24993.09,27.43,4999.51,22,NORMAL,NONE,NONE,NONE,911.3,2737.96,0,NORMAL
2026-09-09 15:56:56,BHARATI,-25.75,37.93,999.49,54.31,565.69,68.84,0.19,94.14,24992.93,26.16,4999.51,17,NORMAL,NONE,NONE,NONE,955.42,3543.24,0,NORMAL
2026-09-09 15:57:01,MAITRI,-30.29,36.0,1013.79,74.35,565.69,76.0,0.21,94.14,24993.05,28.88,4999.51,23,NORMAL,NONE,NONE,NONE,865.41,2618.91,0,NORMAL
2026-09-09 15:57:01,BHARATI,-29.5,22.33,1006.86,51.67,565.69,72.78,0.2,94.14,24992.9,27.66,4999.51,17,NORMAL,NONE,NONE,NONE,903.74,3543.24,0,NORMAL
2026-09-09 15:57:06,MAITRI,-17.93,15.16,1009.95,75.43,565.69,64.23,0.18,94.14,24993.01,24.41,4999.51,26,NORMAL,NONE,NONE,NONE,1024.01,2316.73,0,NORMAL
2026-09-09 15:57:06,BHARATI,-21.71,44.2,1013.82,54.23,565.69,66.2,0.18,94.14,24992.86,25.16,4999.5,21,NORMAL,NONE,NONE,NONE,993.52,2868.33,0,NORMAL
2026-09-09 15:57:11,MAITRI,-32.8,28.39,985.76,59.65,565.69,80.64,0.22,94.14,24992.97,30.64,4999.5,28,NORMAL,NONE,NONE,NONE,815.57,2151.25,0,NORMAL
2026-09-09 15:57:11,BHARATI,-16.24,43.16,1012.19,73.6,565.69,63.26,0.18,94.14,24992.83,24.04,4999.5,28,NORMAL,NONE,NONE,NONE,1039.74,2151.25,0,NORMAL
2026-09-09 15:57:16,MAITRI,-29.58,52.37,972.2,82.79,565.69,95.3,0.22,94.14,24992.92,36.21,4999.5,29,ANOMALY,ANOMALY_GENERATOR_OVERLOAD,NONE,NONE,690.18,2077.07,55,WARNING
2026-09-09 15:57:16,BHARATI,-33.08,36.12,995.78,67.24,565.69,77.33,0.21,94.14,24992.79,29.39,4999.5,19,NORMAL,NONE,NONE,NONE,850.47,3170.26,0,NORMAL
2026-09-09 15:57:21,MAITRI,-33.38,25.37,1012.15,71.47,565.69,81.65,0.23,94.14,24992.88,31.03,4999.5,29,NORMAL,NONE,NONE,NONE,805.51,2077.06,0,NORMAL
2026-09-09 15:57:21,BHARATI,-27.29,27.96,999.24,60.17,565.69,76.45,0.21,94.14,24992.75,29.05,4999.5,32,NORMAL,NONE,NONE,NONE,860.31,1882.34,0,NORMAL
2026-09-09 15:57:26,MAITRI,-22.46,12.26,997.21,61.68,565.69,71.78,0.2,94.14,24992.84,27.28,4999.49,33,NORMAL,NONE,NONE,NONE,916.3,1825.3,0,NORMAL
2026-09-09 15:57:26,BHARATI,-22.85,41.39,1004.26,52.6,565.69,67.39,0.19,94.14,24992.71,25.61,4999.49,21,NORMAL,NONE,NONE,NONE,975.93,2868.33,0,NORMAL
2026-09-09 15:57:31,MAITRI,-25.31,10.06,993.88,58.31,565.69,75.17,0.21,94.14,24992.8,28.57,4999.49,34,NORMAL,NONE,NONE,NONE,874.92,1771.61,0,NORMAL
2026-09-09 15:57:31,BHARATI,-16.5,28.38,990.61,53.31,565.69,63.52,0.18,94.14,24992.68,24.14,4999.49,28,NORMAL,NONE,NONE,NONE,1035.37,2151.24,0,NORMAL
2026-09-09 15:57:36,MAITRI,-29.97,52.44,993.0,71.45,565.69,95.79,0.22,94.14,24992.75,36.4,4999.48,32,ANOMALY,ANOMALY_GENERATOR_OVERLOAD,NONE,NONE,686.59,1882.34,55,WARNING
2026-09-09 15:57:36,BHARATI,-20.3,25.07,1012.37,79.48,565.69,67.12,0.19,94.14,24992.64,25.5,4999.49,27,NORMAL,NONE,NONE,NONE,979.93,2230.92,0,NORMAL
2026-09-09 15:57:41,MAITRI,-29.63,57.49,974.86,80.19,565.69,93.72,0.22,94.14,24992.7,35.61,4999.48,34,ANOMALY,ANOMALY_GENERATOR_OVERLOAD,NONE,NONE,701.76,1771.61,55,WARNING
2026-09-09 15:57:41,BHARATI,-30.44,36.52,1007.84,65.74,565.69,79.36,0.22,94.14,24992.6,30.16,4999.48,31,NORMAL,NONE,NONE,NONE,828.71,1943.06,0,NORMAL
2026-09-09 15:57:46,MAITRI,-33.92,56.4,978.33,87.69,565.69,94.56,0.23,94.14,24992.65,35.93,4999.48,30,ANOMALY,ANOMALY_GENERATOR_OVERLOAD,NONE,NONE,695.52,2007.82,55,WARNING
2026-09-09 15:57:46,BHARATI,-35.55,62.59,965.79,89.35,0.0,94.04,0.23,56.79,24992.55,35.74,4999.48,24,DISASTER,ANOMALY_GENERATOR_OVERLOAD,NONE,DISASTER_BLIZZARD_EMERGENCY,699.37,2509.78,90,CRITICAL
2026-09-09 15:57:51,MAITRI,-22.77,21.14,1005.65,68.63,565.69,65.31,0.18,94.14,24992.62,24.82,4999.47,16,NORMAL,NONE,NONE,NONE,1007.01,3764.66,0,NORMAL
2026-09-09 15:57:51,BHARATI,-28.87,35.37,990.97,65.18,565.69,76.51,0.21,94.14,24992.51,29.07,4999.48,28,NORMAL,NONE,NONE,NONE,859.6,2151.24,0,NORMAL
2026-09-09 15:57:56,MAITRI,-26.69,31.93,1013.02,64.98,565.69,76.23,0.21,94.14,24992.58,28.97,4999.47,33,NORMAL,NONE,NONE,NONE,862.83,1825.29,0,NORMAL
2026-09-09 15:57:56,BHARATI,-25.03,50.58,970.99,84.37,565.69,98.32,0.21,94.14,24992.46,37.36,4999.47,32,ANOMALY,ANOMALY_GENERATOR_OVERLOAD,NONE,NONE,668.93,1882.33,55,WARNING
2026-09-09 15:58:01,MAITRI,-34.69,30.47,986.83,54.98,565.69,85.02,0.24,94.14,24992.53,32.31,4999.47,34,NORMAL,NONE,NONE,NONE,773.55,1771.6,0,NORMAL
2026-09-09 15:58:01,BHARATI,-30.35,13.55,991.65,70.22,565.69,76.47,0.21,94.14,24992.42,29.06,4999.47,24,NORMAL,NONE,NONE,NONE,860.08,2509.77,0,NORMAL
2026-09-09 15:58:06,MAITRI,-15.3,22.59,995.55,52.93,565.69,59.47,0.17,94.14,24992.5,22.6,4999.46,21,NORMAL,NONE,NONE,NONE,1105.98,2868.31,0,NORMAL
2026-09-09 15:58:06,BHARATI,-31.04,37.37,1011.53,77.7,565.69,76.39,0.21,94.14,24992.38,29.03,4999.47,22,NORMAL,NONE,NONE,NONE,861.0,2737.93,0,NORMAL
2026-09-09 15:58:11,MAITRI,-19.95,24.63,1007.63,79.75,565.69,65.94,0.18,94.14,24992.47,25.06,4999.46,25,NORMAL,NONE,NONE,NONE,997.34,2409.38,0,NORMAL
2026-09-09 15:58:11,BHARATI,-34.93,58.48,971.05,88.66,565.69,93.21,0.22,94.14,24992.33,35.42,4999.47,22,ANOMALY,ANOMALY_GENERATOR_OVERLOAD,NONE,NONE,705.57,2737.93,55,WARNING
2026-09-09 15:58:16,MAITRI,-16.92,10.79,999.8,57.29,565.69,65.16,0.18,94.14,24992.43,24.76,4999.46,31,NORMAL,NONE,NONE,NONE,1009.32,1943.05,0,NORMAL
2026-09-09 15:58:16,BHARATI,-31.01,36.43,974.57,86.89,565.69,92.09,0.21,94.14,24992.28,34.99,4999.46,17,ANOMALY,ANOMALY_GENERATOR_OVERLOAD,NONE,NONE,714.17,3543.21,55,WARNING
2026-09-09 15:58:21,MAITRI,-21.37,44.2,1001.54,71.98,565.69,71.04,0.2,94.14,24992.39,27.0,4999.45,34,NORMAL,NONE,NONE,NONE,925.77,1771.6,0,NORMAL
2026-09-09 15:58:21,BHARATI,-34.75,28.21,994.24,74.48,565.69,84.28,0.23,94.14,24992.23,32.03,4999.46,32,NORMAL,NONE,NONE,NONE,780.34,1882.33,0,NORMAL
2026-09-09 15:58:26,MAITRI,-21.77,23.13,995.5,67.33,565.69,63.86,0.18,94.14,24992.36,24.27,4999.45,15,NORMAL,NONE,NONE,NONE,1029.97,4015.62,0,NORMAL
2026-09-09 15:58:26,BHARATI,-16.16,12.02,1001.27,74.72,565.69,59.17,0.16,94.14,24992.2,22.48,4999.46,18,NORMAL,NONE,NONE,NONE,1111.55,3346.36,0,NORMAL
2026-09-09 15:58:31,MAITRI,-28.61,23.68,1003.14,59.64,565.69,74.24,0.21,94.14,24992.32,28.21,4999.45,23,NORMAL,NONE,NONE,NONE,885.88,2618.88,0,NORMAL
2026-09-09 15:58:31,BHARATI,-16.06,39.68,985.02,79.42,565.69,61.86,0.17,94.14,24992.17,23.51,4999.45,25,NORMAL,NONE,NONE,NONE,1063.14,2409.38,0,NORMAL
2026-09-09 15:58:36,MAITRI,-32.22,11.37,1010.68,75.54,565.69,80.83,0.22,94.14,24992.28,30.71,4999.45,30,NORMAL,NONE,NONE,NONE,813.7,2007.81,0,NORMAL
2026-09-09 15:58:36,BHARATI,-21.23,30.1,987.76,54.52,565.69,67.69,0.19,94.14,24992.14,25.72,4999.45,26,NORMAL,NONE,NONE,NONE,971.6,2316.71,0,NORMAL
2026-09-09 15:58:41,MAITRI,-16.7,25.55,999.87,54.15,565.69,60.13,0.17,94.14,24992.25,22.85,4999.44,19,NORMAL,NONE,NONE,NONE,1093.72,3170.22,0,NORMAL
2026-09-09 15:58:41,BHARATI,-28.14,33.44,994.28,64.17,565.69,72.55,0.2,94.14,24992.1,27.57,4999.45,20,NORMAL,NONE,NONE,NONE,906.53,3011.72,0,NORMAL
2026-09-09 15:58:46,MAITRI,-30.83,18.34,1007.56,52.29,565.69,78.17,0.22,94.14,24992.21,29.7,4999.44,27,NORMAL,NONE,NONE,NONE,841.36,2230.9,0,NORMAL
2026-09-09 15:58:46,BHARATI,-31.11,41.02,978.21,78.94,565.69,93.09,0.22,94.14,24992.05,35.38,4999.45,29,ANOMALY,ANOMALY_GENERATOR_OVERLOAD,NONE,NONE,706.48,2077.04,55,WARNING
2026-09-09 15:58:51,MAITRI,-22.64,29.97,1014.29,52.63,565.69,70.78,0.2,94.14,24992.17,26.89,4999.44,30,NORMAL,NONE,NONE,NONE,929.26,2007.81,0,NORMAL
2026-09-09 15:58:51,BHARATI,-26.88,59.08,979.78,83.91,565.69,93.25,0.2,94.14,24992.0,35.44,4999.44,19,ANOMALY,ANOMALY_GENERATOR_OVERLOAD,NONE,NONE,705.29,3170.22,55,WARNING
2026-09-09 15:58:56,MAITRI,-36.87,54.92,989.31,88.01,565.69,96.97,0.22,94.14,24992.12,36.85,4999.44,15,ANOMALY,ANOMALY_GENERATOR_OVERLOAD,NONE,NONE,678.27,4015.61,65,WARNING
2026-09-09 15:58:56,BHARATI,-30.13,19.27,990.0,72.64,565.69,79.43,0.22,94.14,24991.96,30.19,4999.44,32,NORMAL,NONE,NONE,NONE,827.96,1882.32,0,NORMAL
2026-09-09 15:59:01,MAITRI,-16.33,20.48,999.7,59.39,565.69,60.14,0.17,94.14,24992.08,22.85,4999.43,20,NORMAL,NONE,NONE,NONE,1093.54,3011.71,0,NORMAL
2026-09-09 15:59:01,BHARATI,-22.1,33.99,1014.22,53.71,565.69,68.61,0.19,94.14,24991.92,26.07,4999.44,26,NORMAL,NONE,NONE,NONE,958.59,2316.7,0,NORMAL
2026-09-09 15:59:06,MAITRI,-32.29,10.47,1014.21,58.75,565.69,82.5,0.23,94.14,24992.04,31.35,4999.43,34,NORMAL,NONE,NONE,NONE,797.19,1771.59,0,NORMAL
2026-09-09 15:59:06,BHARATI,-30.27,38.14,971.4,70.96,565.69,95.13,0.21,94.14,24991.87,36.15,4999.43,23,ANOMALY,ANOMALY_GENERATOR_OVERLOAD,NONE,NONE,691.38,2618.88,55,WARNING
2026-09-09 15:59:11,MAITRI,-24.49,37.29,998.66,65.67,565.69,72.72,0.2,94.14,24992.0,27.63,4999.43,30,NORMAL,NONE,NONE,NONE,904.45,2007.8,0,NORMAL
2026-09-09 15:59:11,BHARATI,-26.47,17.29,1002.62,79.38,565.69,71.2,0.2,94.14,24991.83,27.06,4999.43,21,NORMAL,NONE,NONE,NONE,923.73,2868.29,0,NORMAL
2026-09-09 15:59:16,MAITRI,-20.52,23.03,1002.36,79.25,565.69,62.55,0.17,94.14,24991.97,23.77,4999.42,15,NORMAL,NONE,NONE,NONE,1051.5,4015.6,0,NORMAL
2026-09-09 15:59:16,BHARATI,-22.55,38.77,978.89,83.89,565.69,94.57,0.19,94.14,24991.78,35.94,4999.43,25,ANOMALY,ANOMALY_GENERATOR_OVERLOAD,NONE,NONE,695.47,2409.36,55,WARNING
2026-09-09 15:59:21,MAITRI,-21.36,35.09,994.09,62.08,565.69,69.02,0.19,94.14,24991.93,26.23,4999.42,29,NORMAL,NONE,NONE,NONE,952.84,2077.03,0,NORMAL
2026-09-09 15:59:21,BHARATI,-16.86,16.8,985.16,69.44,565.69,65.9,0.18,94.14,24991.75,25.04,4999.43,33,NORMAL,NONE,NONE,NONE,997.97,1825.27,0,NORMAL
2026-09-09 15:59:26,MAITRI,-18.53,36.22,993.33,78.33,565.69,65.26,0.18,94.14,24991.9,24.8,4999.42,27,NORMAL,NONE,NONE,NONE,1007.82,2230.89,0,NORMAL
2026-09-09 15:59:26,BHARATI,-22.68,29.95,993.88,77.1,565.69,69.21,0.19,94.14,24991.71,26.3,4999.42,26,NORMAL,NONE,NONE,NONE,950.22,2316.69,0,NORMAL
2026-09-09 15:59:31,MAITRI,-25.97,17.13,1008.37,75.24,565.69,69.06,0.19,94.14,24991.86,26.24,4999.42,17,NORMAL,NONE,NONE,NONE,952.28,3543.17,0,NORMAL
2026-09-09 15:59:31,BHARATI,-31.94,15.28,1007.13,61.07,565.69,77.33,0.21,94.14,24991.67,29.39,4999.42,22,NORMAL,NONE,NONE,NONE,850.46,2737.91,0,NORMAL
2026-09-09 15:59:36,MAITRI,-30.75,16.33,1002.29,55.46,565.69,78.48,0.22,94.14,24991.82,29.82,4999.41,28,NORMAL,NONE,NONE,NONE,837.99,2151.21,0,NORMAL
2026-09-09 15:59:36,BHARATI,-35.47,76.63,967.46,86.68,0.0,98.47,0.23,55.46,24991.62,37.42,4999.42,24,DISASTER,ANOMALY_GENERATOR_OVERLOAD,NONE,DISASTER_BLIZZARD_EMERGENCY,667.88,2509.75,90,CRITICAL
2026-09-09 15:59:41,MAITRI,-31.24,51.63,970.91,80.6,565.69,94.72,0.2,94.14,24991.77,35.99,4999.41,15,ANOMALY,ANOMALY_GENERATOR_OVERLOAD,NONE,NONE,694.35,4015.59,55,WARNING
2026-09-09 15:59:41,BHARATI,-38.95,76.67,966.06,92.11,0.0,87.01,0.24,58.9,24991.57,33.06,4999.41,25,DISASTER,NONE,NONE,DISASTER_BLIZZARD_EMERGENCY,755.88,2409.36,70,CRITICAL
2026-09-09 15:59:46,MAITRI,-21.22,22.0,996.32,71.07,565.69,70.08,0.19,94.14,24991.73,26.63,4999.41,32,NORMAL,NONE,NONE,NONE,938.5,1882.31,0,NORMAL
2026-09-09 15:59:46,BHARATI,-19.49,15.55,1002.36,65.94,565.69,66.27,0.18,94.14,24991.54,25.18,4999.41,27,NORMAL,NONE,NONE,NONE,992.45,2230.88,0,NORMAL
2026-09-09 15:59:51,MAITRI,-23.58,31.72,1012.46,76.6,565.69,68.96,0.19,94.14,24991.7,26.2,4999.4,23,NORMAL,NONE,NONE,NONE,953.73,2618.86,0,NORMAL
2026-09-09 15:59:51,BHARATI,-30.1,40.22,1012.35,59.49,565.69,76.6,0.21,94.14,24991.5,29.11,4999.41,25,NORMAL,NONE,NONE,NONE,858.56,2409.35,0,NORMAL
2026-09-09 15:59:56,MAITRI,-19.04,39.04,987.54,79.65,565.69,63.79,0.18,94.14,24991.66,24.24,4999.4,22,NORMAL,NONE,NONE,NONE,1031.02,2737.9,0,NORMAL
2026-09-09 15:59:56,BHARATI,-16.51,19.19,985.46,57.54,565.69,60.33,0.17,94.14,24991.47,22.93,4999.41,20,NORMAL,NONE,NONE,NONE,1090.06,3011.69,0,NORMAL
2026-09-09 16:00:01,MAITRI,-32.24,34.77,991.34,69.47,400.0,79.25,0.22,90.0,24991.62,30.12,4999.4,26,NORMAL,NONE,NONE,NONE,829.85,2316.68,0,NORMAL
2026-09-09 16:00:01,BHARATI,-28.08,18.25,994.24,69.76,400.0,74.08,0.21,90.0,24991.43,28.15,4999.4,24,NORMAL,NONE,NONE,NONE,887.76,2509.74,0,NORMAL
2026-09-09 16:00:06,MAITRI,-17.92,19.94,1009.06,55.06,400.0,60.21,0.17,90.0,24991.59,22.88,4999.4,16,NORMAL,NONE,NONE,NONE,1092.23,3764.61,0,NORMAL
2026-09-09 16:00:06,BHARATI,-22.91,32.78,1009.36,75.67,400.0,70.26,0.2,90.0,24991.39,26.7,4999.4,28,NORMAL,NONE,NONE,NONE,936.06,2151.2,0,NORMAL
2026-09-09 16:00:11,MAITRI,-19.38,21.6,985.52,63.14,400.0,66.95,0.19,90.0,24991.56,25.44,4999.39,29,NORMAL,NONE,NONE,NONE,982.34,2077.02,0,NORMAL
2026-09-09 16:00:11,BHARATI,-33.63,39.34,986.29,64.51,400.0,79.52,0.22,90.0,24991.35,30.22,4999.4,23,NORMAL,NONE,NONE,NONE,827.09,2618.86,0,NORMAL
2026-09-09 16:00:16,MAITRI,-25.42,14.95,1003.33,68.76,400.0,72.09,0.2,90.0,24991.52,27.39,4999.39,26,NORMAL,NONE,NONE,NONE,912.3,2316.68,0,NORMAL
2026-09-09 16:00:16,BHARATI,-29.64,21.82,995.61,76.95,400.0,72.52,0.2,90.0,24991.31,27.56,4999.4,16,NORMAL,NONE,NONE,NONE,906.82,3764.6,0,NORMAL
2026-09-09 16:00:21,MAITRI,-37.79,56.68,988.02,88.76,400.0,94.05,0.24,90.0,24991.47,35.74,4999.39,27,ANOMALY,ANOMALY_GENERATOR_OVERLOAD,NONE,NONE,699.3,2230.87,65,WARNING
2026-09-09 16:00:21,BHARATI,-19.26,43.15,990.3,72.12,400.0,67.62,0.19,90.0,24991.27,25.7,4999.39,31,NORMAL,NONE,NONE,NONE,972.58,1943.02,0,NORMAL
2026-09-09 16:00:26,MAITRI,-31.62,33.77,1008.54,50.45,400.0,78.6,0.22,90.0,24991.43,29.87,4999.38,26,NORMAL,NONE,NONE,NONE,836.76,2316.68,0,NORMAL
2026-09-09 16:00:26,BHARATI,-27.79,34.44,1005.52,70.46,400.0,74.58,0.21,90.0,24991.23,28.34,4999.39,26,NORMAL,NONE,NONE,NONE,881.82,2316.68,0,NORMAL
2026-09-09 16:00:31,MAITRI,-32.83,29.71,1009.91,73.2,400.0,81.47,0.23,90.0,24991.38,30.96,4999.38,30,NORMAL,NONE,NONE,NONE,807.28,2007.78,0,NORMAL
2026-09-09 16:00:31,BHARATI,-25.51,27.62,1000.78,69.81,400.0,71.78,0.2,90.0,24991.2,27.28,4999.39,25,NORMAL,NONE,NONE,NONE,916.22,2409.34,0,NORMAL
2026-09-09 16:00:36,MAITRI,-32.8,10.72,993.48,68.46,400.0,82.24,0.23,90.0,24991.34,31.25,4999.38,32,NORMAL,NONE,NONE,NONE,799.72,1882.3,0,NORMAL
2026-09-09 16:00:36,BHARATI,-39.22,36.24,994.42,78.28,400.0,97.0,0.25,90.0,24991.15,36.86,4999.38,32,ANOMALY,ANOMALY_GENERATOR_OVERLOAD,NONE,NONE,677.98,1882.3,65,WARNING
2026-09-09 16:00:41,MAITRI,-33.18,15.03,996.01,77.0,400.0,77.04,0.21,90.0,24991.3,29.28,4999.38,18,NORMAL,NONE,NONE,NONE,853.62,3346.3,0,NORMAL
2026-09-09 16:00:41,BHARATI,-16.68,25.78,997.56,50.96,400.0,58.92,0.16,90.0,24991.11,22.39,4999.38,16,NORMAL,NONE,NONE,NONE,1116.26,3764.59,0,NORMAL
2026-09-09 16:00:46,MAITRI,-29.46,17.27,985.98,74.62,400.0,76.74,0.21,90.0,24991.26,29.16,4999.37,27,NORMAL,NONE,NONE,NONE,857.05,2230.87,0,NORMAL
2026-09-09 16:00:46,BHARATI,-18.41,31.37,998.66,75.93,400.0,63.53,0.18,90.0,24991.08,24.14,4999.38,23,NORMAL,NONE,NONE,NONE,1035.23,2618.85,0,NORMAL
2026-09-09 16:00:52,MAITRI,-25.33,22.64,1004.78,78.99,400.0,70.4,0.2,90.0,24991.22,26.75,4999.37,22,NORMAL,NONE,NONE,NONE,934.2,2737.88,0,NORMAL
2026-09-09 16:00:52,BHARATI,-20.74,38.53,1011.68,64.99,400.0,63.58,0.18,90.0,24991.05,24.16,4999.38,17,NORMAL,NONE,NONE,NONE,1034.39,3543.14,0,NORMAL
2026-09-09 16:00:57,MAITRI,-26.14,10.77,994.61,63.19,400.0,70.05,0.19,90.0,24991.18,26.62,4999.37,19,NORMAL,NONE,NONE,NONE,938.83,3170.18,0,NORMAL
2026-09-09 16:00:57,BHARATI,-34.2,13.25,993.8,57.74,400.0,77.31,0.21,90.0,24991.01,29.38,4999.37,16,NORMAL,NONE,NONE,NONE,850.62,3764.59,0,NORMAL
2026-09-09 16:01:02,MAITRI,-22.09,31.54,1011.47,75.74,400.0,71.79,0.2,90.0,24991.15,27.28,4999.36,34,NORMAL,NONE,NONE,NONE,916.04,1771.57,0,NORMAL
2026-09-09 16:01:02,BHARATI,-35.73,56.47,992.53,71.64,400.0,98.19,0.23,90.0,24990.95,37.31,4999.37,28,ANOMALY,ANOMALY_GENERATOR_OVERLOAD,NONE,NONE,669.8,2151.19,65,WARNING
2026-09-09 16:01:07,MAITRI,-20.61,22.54,992.71,53.61,400.0,67.04,0.19,90.0,24991.11,25.48,4999.36,26,NORMAL,NONE,NONE,NONE,980.93,2316.66,0,NORMAL
2026-09-09 16:01:07,BHARATI,-32.53,17.38,1003.61,68.72,400.0,77.96,0.22,90.0,24990.91,29.62,4999.37,22,NORMAL,NONE,NONE,NONE,843.59,2737.88,0,NORMAL
2026-09-09 16:01:12,MAITRI,-17.61,33.27,1004.02,68.1,400.0,65.09,0.18,90.0,24991.08,24.73,4999.36,29,NORMAL,NONE,NONE,NONE,1010.41,2077.01,0,NORMAL
2026-09-09 16:01:12,BHARATI,-16.5,38.86,1010.03,77.03,400.0,61.93,0.17,90.0,24990.88,23.53,4999.37,24,NORMAL,NONE,NONE,NONE,1061.99,2509.72,0,NORMAL
2026-09-09 16:01:17,MAITRI,-21.09,33.68,993.17,76.43,400.0,69.14,0.19,90.0,24991.04,26.27,4999.35,30,NORMAL,NONE,NONE,NONE,951.16,2007.77,0,NORMAL
2026-09-09 16:01:17,BHARATI,-20.49,43.39,996.71,57.31,400.0,62.52,0.17,90.0,24990.85,23.76,4999.36,15,NORMAL,NONE,NONE,NONE,1051.99,4015.55,0,NORMAL
2026-09-09 16:01:22,MAITRI,-28.19,29.65,1009.74,56.47,400.0,76.2,0.21,90.0,24991.0,28.96,4999.35,29,NORMAL,NONE,NONE,NONE,863.02,2077.0,0,NORMAL
2026-09-09 16:01:22,BHARATI,-17.96,11.93,993.8,71.4,400.0,59.86,0.17,90.0,24990.82,22.75,4999.36,15,NORMAL,NONE,NONE,NONE,1098.66,4015.55,0,NORMAL
2026-09-09 16:01:27,MAITRI,-25.53,33.33,996.62,58.66,400.0,68.21,0.19,90.0,24990.96,25.92,4999.35,16,NORMAL,NONE,NONE,NONE,964.21,3764.57,0,NORMAL
2026-09-09 16:01:27,BHARATI,-21.68,14.65,1009.9,66.7,400.0,66.16,0.18,90.0,24990.78,25.14,4999.36,21,NORMAL,NONE,NONE,NONE,993.96,2868.25,0,NORMAL
2026-09-09 16:01:32,MAITRI,-22.02,34.16,988.43,52.1,400.0,68.52,0.19,90.0,24990.93,26.04,4999.35,26,NORMAL,NONE,NONE,NONE,959.76,2316.66,0,NORMAL
2026-09-09 16:01:32,BHARATI,-33.42,28.01,1012.01,66.56,400.0,80.49,0.22,90.0,24990.74,30.59,4999.36,26,NORMAL,NONE,NONE,NONE,817.03,2316.66,0,NORMAL
2026-09-09 16:01:37,MAITRI,-27.21,53.66,985.34,85.39,400.0,97.96,0.2,90.0,24990.88,37.22,4999.34,24,ANOMALY,ANOMALY_GENERATOR_OVERLOAD,NONE,NONE,671.38,2509.71,55,WARNING
2026-09-09 16:01:37,BHARATI,-18.08,26.61,1001.92,66.28,400.0,60.78,0.17,90.0,24990.71,23.1,4999.35,17,NORMAL,NONE,NONE,NONE,1081.99,3543.13,0,NORMAL
2026-09-09 16:01:42,MAITRI,-24.53,39.34,988.14,64.93,400.0,67.15,0.19,90.0,24990.84,25.52,4999.34,16,NORMAL,NONE,NONE,NONE,979.36,3764.56,0,NORMAL
2026-09-09 16:01:42,BHARATI,-18.65,38.35,1009.29,51.42,400.0,62.98,0.17,90.0,24990.67,23.93,4999.35,21,NORMAL,NONE,NONE,NONE,1044.25,2868.25,0,NORMAL
2026-09-09 16:01:47,MAITRI,-15.39,13.35,1005.73,72.19,400.0,62.36,0.17,90.0,24990.81,23.7,4999.34,28,NORMAL,NONE,NONE,NONE,1054.63,2151.18,0,NORMAL
2026-09-09 16:01:47,BHARATI,-30.99,24.41,1007.12,65.0,400.0,75.93,0.21,90.0,24990.63,28.86,4999.35,21,NORMAL,NONE,NONE,NONE,866.07,2868.24,0,NORMAL
2026-09-09 16:01:52,MAITRI,-32.43,22.78,987.19,62.43,400.0,81.05,0.23,90.0,24990.77,30.8,4999.33,30,NORMAL,NONE,NONE,NONE,811.4,2007.76,0,NORMAL
2026-09-09 16:01:52,BHARATI,-31.01,18.54,986.35,71.6,400.0,78.36,0.22,90.0,24990.59,29.78,4999.35,27,NORMAL,NONE,NONE,NONE,839.24,2230.86,0,NORMAL
2026-09-09 16:01:57,MAITRI,-27.35,29.21,988.56,70.76,400.0,69.72,0.19,90.0,24990.73,26.49,4999.33,15,NORMAL,NONE,NONE,NONE,943.3,4015.53,0,NORMAL
2026-09-09 16:01:57,BHARATI,-19.27,10.37,996.0,51.05,400.0,64.03,0.18,90.0,24990.56,24.33,4999.34,22,NORMAL,NONE,NONE,NONE,1027.08,2737.87,0,NORMAL
2026-09-09 16:02:02,MAITRI,-28.92,28.83,1004.38,51.56,400.0,72.57,0.2,90.0,24990.69,27.57,4999.33,18,NORMAL,NONE,NONE,NONE,906.28,3346.27,0,NORMAL
2026-09-09 16:02:02,BHARATI,-27.8,16.89,1007.01,76.09,400.0,76.99,0.21,90.0,24990.52,29.26,4999.34,32,NORMAL,NONE,NONE,NONE,854.17,1882.28,0,NORMAL
2026-09-09 16:02:07,MAITRI,-42.64,76.64,966.52,97.88,0.0,98.84,0.25,55.35,24990.64,37.56,4999.33,26,DISASTER,ANOMALY_GENERATOR_OVERLOAD,NONE,DISASTER_BLIZZARD_EMERGENCY,665.37,2316.65,90,CRITICAL
2026-09-09 16:02:07,BHARATI,-34.15,58.04,975.4,88.91,400.0,96.41,0.22,90.0,24990.47,36.64,4999.34,23,ANOMALY,ANOMALY_GENERATOR_OVERLOAD,NONE,NONE,682.12,2618.83,55,WARNING
2026-09-09 16:02:12,MAITRI,-33.75,24.71,1011.38,69.38,400.0,78.44,0.22,90.0,24990.6,29.81,4999.33,20,NORMAL,NONE,NONE,NONE,838.42,3011.64,0,NORMAL
2026-09-09 16:02:12,BHARATI,-23.5,23.99,991.94,51.28,400.0,70.88,0.2,90.0,24990.43,26.93,4999.33,28,NORMAL,NONE,NONE,NONE,927.83,2151.18,0,NORMAL
2026-09-09 16:02:17,MAITRI,-30.25,35.26,986.01,86.1,400.0,97.52,0.21,90.0,24990.55,37.06,4999.32,20,ANOMALY,ANOMALY_GENERATOR_OVERLOAD,NONE,NONE,674.36,3011.64,55,WARNING
2026-09-09 16:02:17,BHARATI,-31.97,54.27,988.49,75.71,400.0,97.55,0.22,90.0,24990.38,37.07,4999.33,29,ANOMALY,ANOMALY_GENERATOR_OVERLOAD,NONE,NONE,674.16,2077.0,55,WARNING
2026-09-09 16:02:22,MAITRI,-23.44,39.25,999.91,66.68,400.0,66.81,0.19,90.0,24990.51,25.39,4999.32,18,NORMAL,NONE,NONE,NONE,984.37,3346.27,0,NORMAL
2026-09-09 16:02:22,BHARATI,-23.7,36.78,1005.43,78.94,400.0,69.48,0.19,90.0,24990.34,26.4,4999.33,24,NORMAL,NONE,NONE,NONE,946.48,2509.7,0,NORMAL
2026-09-09 16:02:27,MAITRI,-34.21,37.11,1002.63,79.7,400.0,79.32,0.22,90.0,24990.47,30.14,4999.32,21,NORMAL,NONE,NONE,NONE,829.14,2868.23,0,NORMAL
2026-09-09 16:02:27,BHARATI,-32.58,32.99,998.24,52.4,400.0,82.01,0.23,90.0,24990.3,31.16,4999.32,32,NORMAL,NONE,NONE,NONE,801.91,1882.28,0,NORMAL
2026-09-09 16:02:32,MAITRI,-25.47,20.25,1004.78,55.06,400.0,68.54,0.19,90.0,24990.43,26.05,4999.32,17,NORMAL,NONE,NONE,NONE,959.45,3543.1,0,NORMAL
2026-09-09 16:02:32,BHARATI,-29.69,13.14,1013.19,56.45,400.0,72.57,0.2,90.0,24990.26,27.58,4999.32,16,NORMAL,NONE,NONE,NONE,906.21,3764.55,0,NORMAL
2026-09-09 16:02:37,MAITRI,-27.3,33.6,985.47,62.89,400.0,73.26,0.2,90.0,24990.39,27.84,4999.31,24,NORMAL,NONE,NONE,NONE,897.66,2509.7,0,NORMAL
2026-09-09 16:02:37,BHARATI,-18.13,43.33,990.18,64.32,400.0,66.04,0.18,90.0,24990.22,25.09,4999.32,30,NORMAL,NONE,NONE,NONE,995.84,2007.76,0,NORMAL
2026-09-09 16:02:42,MAITRI,-27.31,57.45,980.26,80.78,400.0,98.05,0.21,90.0,24990.34,37.26,4999.31,33,ANOMALY,ANOMALY_GENERATOR_OVERLOAD,NONE,NONE,670.74,1825.23,55,WARNING
2026-09-09 16:02:42,BHARATI,-24.92,40.27,998.39,64.01,400.0,69.56,0.19,90.0,24990.19,26.43,4999.32,21,NORMAL,NONE,NONE,NONE,945.38,2868.23,0,NORMAL
2026-09-09 16:02:47,MAITRI,-21.96,28.19,996.66,60.36,400.0,66.46,0.18,90.0,24990.31,25.25,4999.31,21,NORMAL,NONE,NONE,NONE,989.56,2868.22,0,NORMAL
2026-09-09 16:02:47,BHARATI,-31.11,39.38,1013.06,76.5,400.0,76.46,0.21,90.0,24990.15,29.06,4999.31,22,NORMAL,NONE,NONE,NONE,860.09,2737.85,0,NORMAL
2026-09-09 16:02:52,MAITRI,-31.68,29.81,1010.49,72.15,400.0,80.67,0.22,90.0,24990.26,30.65,4999.3,31,NORMAL,NONE,NONE,NONE,815.25,1942.99,0,NORMAL
2026-09-09 16:02:52,BHARATI,-24.71,17.63,989.84,57.04,400.0,73.35,0.2,90.0,24990.11,27.87,4999.31,31,NORMAL,NONE,NONE,NONE,896.59,1942.99,0,NORMAL
2026-09-09 16:02:57,MAITRI,-32.48,41.24,1005.4,53.02,400.0,77.1,0.21,90.0,24990.22,29.3,4999.3,20,NORMAL,NONE,NONE,NONE,852.96,3011.63,0,NORMAL
2026-09-09 16:02:57,BHARATI,-21.19,19.54,997.48,58.29,400.0,69.25,0.19,90.0,24990.07,26.32,4999.31,30,NORMAL,NONE,NONE,NONE,949.64,2007.75,0,NORMAL
2026-09-09 16:03:02,MAITRI,-25.39,27.96,1003.29,66.45,400.0,70.06,0.19,90.0,24990.19,26.62,4999.3,21,NORMAL,NONE,NONE,NONE,938.65,2868.22,0,NORMAL
2026-09-09 16:03:02,BHARATI,-30.85,35.12,1011.17,57.57,400.0,74.19,0.21,90.0,24990.03,28.19,4999.31,17,NORMAL,NONE,NONE,NONE,886.37,3543.09,0,NORMAL
2026-09-09 16:03:07,MAITRI,-22.61,47.69,982.43,71.3,400.0,97.1,0.2,90.0,24990.13,36.9,4999.3,32,ANOMALY,ANOMALY_GENERATOR_OVERLOAD,NONE,NONE,677.29,1882.26,55,WARNING
2026-09-09 16:03:07,BHARATI,-32.94,26.66,1012.62,78.44,400.0,77.19,0.21,90.0,24989.99,29.33,4999.3,19,NORMAL,NONE,NONE,NONE,851.98,3170.14,0,NORMAL
2026-09-09 16:03:12,MAITRI,-27.48,29.59,1008.81,70.37,400.0,71.85,0.2,90.0,24990.1,27.3,4999.29,20,NORMAL,NONE,NONE,NONE,915.25,3011.62,0,NORMAL
2026-09-09 16:03:12,BHARATI,-38.82,44.7,983.13,71.97,400.0,92.21,0.25,90.0,24989.94,35.04,4999.3,34,ANOMALY,ANOMALY_GENERATOR_OVERLOAD,NONE,NONE,713.17,1771.54,65,WARNING
2026-09-09 16:03:17,MAITRI,-29.65,35.55,1014.33,75.39,400.0,74.93,0.21,90.0,24990.06,28.48,4999.29,22,NORMAL,NONE,NONE,NONE,877.61,2737.84,0,NORMAL
2026-09-09 16:03:17,BHARATI,-18.08,22.23,990.04,60.37,400.0,65.59,0.18,90.0,24989.91,24.92,4999.3,29,NORMAL,NONE,NONE,NONE,1002.69,2076.98,0,NORMAL
2026-09-09 16:03:22,MAITRI,-31.78,28.33,1010.67,63.29,400.0,76.77,0.21,90.0,24990.02,29.17,4999.29,21,NORMAL,NONE,NONE,NONE,856.67,2868.21,0,NORMAL
2026-09-09 16:03:22,BHARATI,-29.84,35.9,1008.19,50.81,400.0,77.93,0.22,90.0,24989.87,29.61,4999.29,29,NORMAL,NONE,NONE,NONE,843.84,2076.98,0,NORMAL
2026-09-09 16:03:27,MAITRI,-16.83,28.69,1011.21,59.86,400.0,63.08,0.18,90.0,24989.98,23.97,4999.29,26,NORMAL,NONE,NONE,NONE,1042.6,2316.63,0,NORMAL
2026-09-09 16:03:27,BHARATI,-39.5,74.61,968.55,96.81,0.0,86.09,0.23,59.17,24989.82,32.72,4999.29,15,DISASTER,NONE,NONE,DISASTER_BLIZZARD_EMERGENCY,763.85,4015.49,70,CRITICAL
2026-09-09 16:03:32,MAITRI,-29.52,32.86,1007.17,69.48,400.0,72.39,0.2,90.0,24989.95,27.51,4999.28,16,NORMAL,NONE,NONE,NONE,908.41,3764.52,0,NORMAL
2026-09-09 16:03:32,BHARATI,-30.62,40.61,1010.25,57.35,400.0,75.55,0.21,90.0,24989.78,28.71,4999.29,21,NORMAL,NONE,NONE,NONE,870.47,2868.21,0,NORMAL
2026-09-09 16:03:37,MAITRI,-19.51,11.92,995.81,73.18,400.0,62.29,0.17,90.0,24989.91,23.67,4999.28,17,NORMAL,NONE,NONE,NONE,1055.81,3543.08,0,NORMAL
2026-09-09 16:03:37,BHARATI,-39.73,63.49,950.13,93.98,0.0,89.05,0.23,58.29,24989.74,33.84,4999.29,17,DISASTER,NONE,NONE,DISASTER_BLIZZARD_EMERGENCY,738.49,3543.08,70,CRITICAL
2026-09-09 16:03:42,MAITRI,-24.65,59.66,973.35,83.11,400.0,94.63,0.19,90.0,24989.86,35.96,4999.28,22,ANOMALY,ANOMALY_GENERATOR_OVERLOAD,NONE,NONE,694.92,2737.83,55,WARNING
2026-09-09 16:03:42,BHARATI,-30.13,28.32,1001.74,67.72,400.0,79.84,0.22,90.0,24989.69,30.34,4999.28,33,NORMAL,NONE,NONE,NONE,823.7,1825.22,0,NORMAL
2026-09-09 16:03:47,MAITRI,-15.77,38.54,999.86,52.31,400.0,64.36,0.18,90.0,24989.83,24.46,4999.28,32,NORMAL,NONE,NONE,NONE,1021.76,1882.26,0,NORMAL
2026-09-09 16:03:47,BHARATI,-21.09,38.91,995.32,71.47,400.0,68.74,0.19,90.0,24989.66,26.12,4999.28,29,NORMAL,NONE,NONE,NONE,956.61,2076.98,0,NORMAL
2026-09-09 16:03:52,MAITRI,-32.4,16.43,1006.86,78.95,400.0,81.42,0.23,90.0,24989.79,30.94,4999.27,31,NORMAL,NONE,NONE,NONE,807.67,1942.97,0,NORMAL
2026-09-09 16:03:52,BHARATI,-25.24,26.77,997.02,72.37,400.0,70.3,0.2,90.0,24989.62,26.71,4999.28,22,NORMAL,NONE,NONE,NONE,935.46,2737.83,0,NORMAL
2026-09-09 16:03:57,MAITRI,-21.5,21.38,1010.99,73.77,400.0,63.58,0.18,90.0,24989.75,24.16,4999.27,15,NORMAL,NONE,NONE,NONE,1034.41,4015.48,0,NORMAL
2026-09-09 16:03:57,BHARATI,-25.75,27.97,1010.89,66.64,400.0,72.44,0.2,90.0,24989.58,27.53,4999.27,26,NORMAL,NONE,NONE,NONE,907.84,2316.62,0,NORMAL
2026-09-09 16:04:02,MAITRI,-34.07,38.77,988.12,55.49,400.0,80.77,0.22,90.0,24989.71,30.69,4999.27,25,NORMAL,NONE,NONE,NONE,814.19,2409.29,0,NORMAL
2026-09-09 16:04:02,BHARATI,-21.88,21.94,1006.33,61.01,400.0,71.57,0.2,90.0,24989.54,27.2,4999.27,34,NORMAL,NONE,NONE,NONE,918.79,1771.53,0,NORMAL
2026-09-09 16:04:07,MAITRI,-32.43,23.2,1013.73,67.37,400.0,75.46,0.21,90.0,24989.67,28.67,4999.27,16,NORMAL,NONE,NONE,NONE,871.54,3764.51,0,NORMAL
2026-09-09 16:04:07,BHARATI,-18.76,19.71,1005.04,54.26,400.0,64.3,0.18,90.0,24989.51,24.43,4999.27,24,NORMAL,NONE,NONE,NONE,1022.78,2509.67,0,NORMAL
2026-09-09 16:04:12,MAITRI,-23.36,48.26,984.33,73.78,400.0,97.59,0.19,90.0,24989.62,37.08,4999.26,23,ANOMALY,ANOMALY_GENERATOR_OVERLOAD,NONE,NONE,673.89,2618.79,55,WARNING
2026-09-09 16:04:12,BHARATI,-22.0,41.55,999.17,54.31,400.0,69.3,0.19,90.0,24989.47,26.33,4999.26,28,NORMAL,NONE,NONE,NONE,948.93,2151.15,0,NORMAL
2026-09-09 16:04:17,MAITRI,-21.85,32.92,1006.43,64.52,400.0,63.94,0.18,90.0,24989.58,24.3,4999.26,15,NORMAL,NONE,NONE,NONE,1028.44,4015.47,0,NORMAL
2026-09-09 16:04:17,BHARATI,-20.56,38.17,978.87,71.8,400.0,97.94,0.19,90.0,24989.42,37.22,4999.26,31,ANOMALY,ANOMALY_GENERATOR_OVERLOAD,NONE,NONE,671.45,1942.97,55,WARNING
2026-09-09 16:04:22,MAITRI,-26.36,24.51,994.12,66.28,400.0,72.27,0.2,90.0,24989.55,27.46,4999.26,24,NORMAL,NONE,NONE,NONE,909.9,2509.67,0,NORMAL
2026-09-09 16:04:22,BHARATI,-31.75,38.61,976.46,77.0,400.0,98.3,0.22,90.0,24989.37,37.35,4999.26,30,ANOMALY,ANOMALY_GENERATOR_OVERLOAD,NONE,NONE,668.97,2007.73,55,WARNING
2026-09-09 16:04:27,MAITRI,-30.71,41.17,1009.71,65.99,400.0,74.45,0.21,90.0,24989.51,28.29,4999.26,18,NORMAL,NONE,NONE,NONE,883.32,3346.22,0,NORMAL
2026-09-09 16:04:27,BHARATI,-29.06,24.03,1000.1,70.12,400.0,75.51,0.21,90.0,24989.33,28.69,4999.25,25,NORMAL,NONE,NONE,NONE,870.87,2409.28,0,NORMAL
2026-09-09 16:04:32,MAITRI,-28.41,44.82,993.62,66.06,400.0,72.03,0.2,90.0,24989.47,27.37,4999.25,18,NORMAL,NONE,NONE,NONE,913.02,3346.22,0,NORMAL
2026-09-09 16:04:32,BHARATI,-32.91,33.04,996.3,59.21,400.0,80.36,0.22,90.0,24989.29,30.54,4999.25,27,NORMAL,NONE,NONE,NONE,818.38,2230.81,0,NORMAL
2026-09-09 16:04:37,MAITRI,-26.9,38.06,1007.0,55.01,400.0,76.45,0.21,90.0,24989.43,29.05,4999.25,33,NORMAL,NONE,NONE,NONE,860.19,1825.21,0,NORMAL
2026-09-09 16:04:37,BHARATI,-20.04,16.47,1011.31,72.51,400.0,63.64,0.18,90.0,24989.25,24.18,4999.25,19,NORMAL,NONE,NONE,NONE,1033.29,3170.1,0,NORMAL
2026-09-09 16:04:42,MAITRI,-27.2,24.54,1002.34,70.07,400.0,75.56,0.21,90.0,24989.39,28.71,4999.25,30,NORMAL,NONE,NONE,NONE,870.27,2007.73,0,NORMAL
2026-09-09 16:04:42,BHARATI,-19.71,34.71,1006.5,51.31,400.0,62.89,0.17,90.0,24989.22,23.9,4999.25,18,NORMAL,NONE,NONE,NONE,1045.58,3346.22,0,NORMAL
2026-09-09 16:04:47,MAITRI,-18.54,30.22,990.68,54.01,400.0,60.47,0.17,90.0,24989.36,22.98,4999.25,15,NORMAL,NONE,NONE,NONE,1087.47,4015.46,0,NORMAL
2026-09-09 16:04:47,BHARATI,-16.0,37.5,1008.57,59.79,400.0,63.4,0.18,90.0,24989.19,24.09,4999.24,29,NORMAL,NONE,NONE,NONE,1037.3,2076.96,0,NORMAL
2026-09-09 16:04:52,MAITRI,-15.55,37.21,990.26,67.53,400.0,62.13,0.17,90.0,24989.32,23.61,4999.24,27,NORMAL,NONE,NONE,NONE,1058.51,2230.81,0,NORMAL
2026-09-09 16:04:52,BHARATI,-24.79,22.98,990.2,56.43,400.0,74.23,0.21,90.0,24989.15,28.21,4999.24,33,NORMAL,NONE,NONE,NONE,885.89,1825.21,0,NORMAL
2026-09-09 16:04:57,MAITRI,-23.74,13.38,1006.48,59.82,400.0,71.13,0.2,90.0,24989.29,27.03,4999.24,28,NORMAL,NONE,NONE,NONE,924.57,2151.14,0,NORMAL
2026-09-09 16:04:57,BHARATI,-28.38,16.02,989.27,79.13,400.0,72.8,0.2,90.0,24989.11,27.66,4999.24,20,NORMAL,NONE,NONE,NONE,903.28,3011.59,0,NORMAL
2026-09-09 16:05:02,MAITRI,-17.56,29.97,1012.3,63.72,400.0,63.43,0.18,90.0,24989.25,24.1,4999.24,25,NORMAL,NONE,NONE,NONE,1036.69,2409.27,0,NORMAL
2026-09-09 16:05:02,BHARATI,-27.39,31.04,995.99,60.39,400.0,74.16,0.21,90.0,24989.07,28.18,4999.23,26,NORMAL,NONE,NONE,NONE,886.77,2316.61,0,NORMAL
2026-09-09 16:05:07,MAITRI,-19.58,15.08,1013.79,53.25,400.0,64.76,0.18,90.0,24989.22,24.61,4999.23,23,NORMAL,NONE,NONE,NONE,1015.49,2618.77,0,NORMAL
2026-09-09 16:05:07,BHARATI,-25.82,24.93,1009.27,75.82,400.0,70.11,0.19,90.0,24989.03,26.64,4999.23,20,NORMAL,NONE,NONE,NONE,937.9,3011.59,0,NORMAL
2026-09-09 16:05:12,MAITRI,-24.13,38.28,976.11,84.38,400.0,92.96,0.19,90.0,24989.17,35.32,4999.23,22,ANOMALY,ANOMALY_GENERATOR_OVERLOAD,NONE,NONE,707.43,2737.8,55,WARNING
2026-09-09 16:05:12,BHARATI,-24.71,12.7,990.33,72.3,400.0,73.35,0.2,90.0,24988.99,27.87,4999.23,31,NORMAL,NONE,NONE,NONE,896.55,1942.96,0,NORMAL
2026-09-09 16:05:17,MAITRI,-30.12,22.64,1006.23,72.19,400.0,75.02,0.21,90.0,24989.13,28.51,4999.23,21,NORMAL,NONE,NONE,NONE,876.53,2868.17,0,NORMAL
2026-09-09 16:05:17,BHARATI,-17.39,11.14,985.32,70.96,400.0,61.26,0.17,90.0,24988.96,23.28,4999.23,20,NORMAL,NONE,NONE,NONE,1073.44,3011.58,0,NORMAL
2026-09-09 16:05:22,MAITRI,-22.54,18.77,991.18,71.08,400.0,69.07,0.19,90.0,24989.09,26.25,4999.23,26,NORMAL,NONE,NONE,NONE,952.11,2316.6,0,NORMAL
2026-09-09 16:05:22,BHARATI,-30.53,27.98,988.23,63.86,400.0,80.66,0.22,90.0,24988.92,30.65,4999.22,34,NORMAL,NONE,NONE,NONE,815.3,1771.52,0,NORMAL
2026-09-09 16:05:27,MAITRI,-16.42,12.5,996.18,52.39,400.0,65.44,0.18,90.0,24989.06,24.87,4999.22,33,NORMAL,NONE,NONE,NONE,1004.83,1825.2,0,NORMAL
2026-09-09 16:05:27,BHARATI,-27.17,29.0,1002.72,70.96,400.0,69.93,0.19,90.0,24988.88,26.57,4999.22,16,NORMAL,NONE,NONE,NONE,940.36,3764.47,0,NORMAL
2026-09-09 16:05:32,MAITRI,-29.31,38.4,998.75,50.69,400.0,77.38,0.21,90.0,24989.02,29.4,4999.22,29,NORMAL,NONE,NONE,NONE,849.89,2076.95,0,NORMAL
2026-09-09 16:05:32,BHARATI,-17.61,27.03,1004.67,75.3,400.0,67.09,0.19,90.0,24988.85,25.49,4999.22,34,NORMAL,NONE,NONE,NONE,980.16,1771.52,0,NORMAL
2026-09-09 16:05:37,MAITRI,-23.46,18.95,989.17,76.67,400.0,71.23,0.2,90.0,24988.98,27.07,4999.21,29,NORMAL,NONE,NONE,NONE,923.18,2076.95,0,NORMAL
2026-09-09 16:05:37,BHARATI,-15.7,41.22,992.04,64.67,400.0,61.89,0.17,90.0,24988.81,23.52,4999.21,26,NORMAL,NONE,NONE,NONE,1062.56,2316.6,0,NORMAL
2026-09-09 16:05:42,MAITRI,-18.47,31.53,1014.83,54.73,400.0,63.2,0.18,90.0,24988.95,24.01,4999.21,22,NORMAL,NONE,NONE,NONE,1040.59,2737.79,0,NORMAL
2026-09-09 16:05:42,BHARATI,-33.09,10.37,988.63,74.15,400.0,81.34,0.23,90.0,24988.77,30.91,4999.21,29,NORMAL,NONE,NONE,NONE,808.41,2076.95,0,NORMAL
2026-09-09 16:05:47,MAITRI,-27.04,21.15,1003.1,72.35,400.0,69.39,0.19,90.0,24988.91,26.37,4999.21,15,NORMAL,NONE,NONE,NONE,947.67,4015.43,0,NORMAL
2026-09-09 16:05:47,BHARATI,-33.17,21.51,992.26,71.65,400.0,77.02,0.21,90.0,24988.73,29.27,4999.21,18,NORMAL,NONE,NONE,NONE,853.76,3346.19,0,NORMAL
2026-09-09 16:05:52,MAITRI,-27.44,37.57,982.64,84.88,400.0,94.02,0.21,90.0,24988.86,35.73,4999.21,26,ANOMALY,ANOMALY_GENERATOR_OVERLOAD,NONE,NONE,699.41,2316.59,55,WARNING
2026-09-09 16:05:52,BHARATI,-32.51,43.7,1014.19,65.85,400.0,75.14,0.21,90.0,24988.69,28.55,4999.21,15,NORMAL,NONE,NONE,NONE,875.19,4015.43,0,NORMAL
2026-09-09 16:05:57,MAITRI,-29.86,19.78,996.85,62.22,400.0,72.36,0.2,90.0,24988.82,27.5,4999.21,15,NORMAL,NONE,NONE,NONE,908.85,4015.43,0,NORMAL
2026-09-09 16:05:57,BHARATI,-15.99,34.05,1013.1,71.83,400.0,62.19,0.17,90.0,24988.66,23.63,4999.2,26,NORMAL,NONE,NONE,NONE,1057.39,2316.59,0,NORMAL
2026-09-09 16:06:02,MAITRI,-33.86,19.99,999.69,64.72,400.0,79.75,0.22,90.0,24988.78,30.31,4999.2,23,NORMAL,NONE,NONE,NONE,824.56,2618.75,0,NORMAL
2026-09-09 16:06:02,BHARATI,-23.91,27.35,1008.99,62.29,400.0,70.91,0.2,90.0,24988.62,26.95,4999.2,27,NORMAL,NONE,NONE,NONE,927.38,2230.79,0,NORMAL
2026-09-09 16:06:07,MAITRI,-33.4,25.83,990.75,52.53,400.0,76.07,0.21,90.0,24988.74,28.91,4999.2,15,NORMAL,NONE,NONE,NONE,864.43,4015.42,0,NORMAL
2026-09-09 16:06:07,BHARATI,-38.18,75.87,954.65,90.78,0.0,87.72,0.24,58.68,24988.58,33.33,4999.2,25,DISASTER,NONE,NONE,DISASTER_BLIZZARD_EMERGENCY,749.66,2409.25,70,CRITICAL
2026-09-09 16:06:12,MAITRI,-15.6,36.47,1006.24,65.76,400.0,60.98,0.17,90.0,24988.71,23.17,4999.2,24,NORMAL,NONE,NONE,NONE,1078.32,2509.64,0,NORMAL
2026-09-09 16:06:12,BHARATI,-37.6,48.35,985.06,87.88,400.0,97.08,0.23,90.0,24988.52,36.89,4999.2,18,ANOMALY,ANOMALY_GENERATOR_OVERLOAD,NONE,NONE,677.39,3346.18,65,WARNING
2026-09-09 16:06:17,MAITRI,-29.85,44.13,994.67,60.69,400.0,73.14,0.2,90.0,24988.67,27.79,4999.2,17,NORMAL,NONE,NONE,NONE,899.06,3543.02,0,NORMAL
2026-09-09 16:06:17,BHARATI,-34.64,21.04,1000.4,68.52,400.0,79.37,0.22,90.0,24988.48,30.16,4999.19,20,NORMAL,NONE,NONE,NONE,828.5,3011.56,0,NORMAL
2026-09-09 16:06:22,MAITRI,-29.96,49.32,975.22,83.99,400.0,92.73,0.21,90.0,24988.62,35.24,4999.19,19,ANOMALY,ANOMALY_GENERATOR_OVERLOAD,NONE,NONE,709.14,3170.07,55,WARNING
2026-09-09 16:06:22,BHARATI,-33.97,21.82,1006.84,68.88,400.0,77.07,0.21,90.0,24988.44,29.29,4999.19,16,NORMAL,NONE,NONE,NONE,853.22,3764.45,0,NORMAL
2026-09-09 16:06:27,MAITRI,-34.35,42.99,1010.97,57.18,400.0,78.67,0.22,90.0,24988.58,29.89,4999.19,19,NORMAL,NONE,NONE,NONE,835.88,3170.06,0,NORMAL
2026-09-09 16:06:27,BHARATI,-23.31,20.08,1003.48,63.58,400.0,72.68,0.2,90.0,24988.4,27.62,4999.19,33,NORMAL,NONE,NONE,NONE,904.79,1825.19,0,NORMAL
2026-09-09 16:06:32,MAITRI,-33.78,10.62,1005.88,58.67,400.0,76.86,0.21,90.0,24988.54,29.21,4999.19,16,NORMAL,NONE,NONE,NONE,855.53,3764.45,0,NORMAL
2026-09-09 16:06:32,BHARATI,-34.4,19.83,1000.74,71.18,400.0,78.72,0.22,90.0,24988.36,29.91,4999.18,19,NORMAL,NONE,NONE,NONE,835.35,3170.06,0,NORMAL
2026-09-09 16:06:37,MAITRI,-18.48,22.9,1003.63,77.52,400.0,65.21,0.18,90.0,24988.5,24.78,4999.19,27,NORMAL,NONE,NONE,NONE,1008.49,2230.78,0,NORMAL
2026-09-09 16:06:37,BHARATI,-30.4,43.62,977.15,81.46,400.0,96.24,0.22,90.0,24988.31,36.57,4999.18,27,ANOMALY,ANOMALY_GENERATOR_OVERLOAD,NONE,NONE,683.31,2230.78,55,WARNING
2026-09-09 16:06:42,MAITRI,-15.33,10.09,999.13,59.36,400.0,61.1,0.17,90.0,24988.47,23.22,4999.18,25,NORMAL,NONE,NONE,NONE,1076.26,2409.25,0,NORMAL
2026-09-09 16:06:42,BHARATI,-32.9,42.24,1009.37,60.74,400.0,77.55,0.22,90.0,24988.27,29.47,4999.18,20,NORMAL,NONE,NONE,NONE,847.97,3011.55,0,NORMAL
2026-09-09 16:06:47,MAITRI,-18.17,42.79,997.08,54.01,400.0,66.48,0.18,90.0,24988.44,25.26,4999.18,31,NORMAL,NONE,NONE,NONE,989.12,1942.94,0,NORMAL
2026-09-09 16:06:47,BHARATI,-22.48,36.03,1015.0,78.91,400.0,72.21,0.2,90.0,24988.23,27.44,4999.18,34,NORMAL,NONE,NONE,NONE,910.68,1771.5,0,NORMAL
2026-09-09 16:06:52,MAITRI,-34.74,47.6,974.42,82.09,400.0,94.58,0.23,90.0,24988.39,35.94,4999.18,31,ANOMALY,ANOMALY_GENERATOR_OVERLOAD,NONE,NONE,695.28,1942.94,55,WARNING
2026-09-09 16:06:52,BHARATI,-18.77,24.24,1003.78,73.51,400.0,61.11,0.17,90.0,24988.2,23.22,4999.17,16,NORMAL,NONE,NONE,NONE,1076.15,3764.44,0,NORMAL
2026-09-09 16:06:57,MAITRI,-43.69,57.63,970.28,91.54,0.0,92.75,0.25,57.18,24988.34,35.24,4999.17,23,DISASTER,ANOMALY_GENERATOR_OVERLOAD,NONE,DISASTER_BLIZZARD_EMERGENCY,709.03,2618.74,90,CRITICAL
2026-09-09 16:06:57,BHARATI,-30.64,35.05,999.32,55.94,400.0,76.77,0.21,90.0,24988.16,29.17,4999.17,24,NORMAL,NONE,NONE,NONE,856.52,2509.62,0,NORMAL
2026-09-09 16:07:02,MAITRI,-23.44,28.53,1001.35,77.47,400.0,66.42,0.18,90.0,24988.3,25.24,4999.17,17,NORMAL,NONE,NONE,NONE,990.1,3543.0,0,NORMAL
2026-09-09 16:07:02,BHARATI,-20.96,34.41,994.86,56.33,400.0,68.21,0.19,90.0,24988.12,25.92,4999.17,28,NORMAL,NONE,NONE,NONE,964.03,2151.1,0,NORMAL
2026-09-09 16:07:07,MAITRI,-17.81,43.16,1008.89,73.02,400.0,59.7,0.17,90.0,24988.27,22.69,4999.17,15,NORMAL,NONE,NONE,NONE,1101.43,4015.4,0,NORMAL
2026-09-09 16:07:07,BHARATI,-34.46,14.93,1008.76,77.91,400.0,80.78,0.22,90.0,24988.08,30.7,4999.17,24,NORMAL,NONE,NONE,NONE,814.03,2509.62,0,NORMAL
2026-09-09 16:07:12,MAITRI,-37.57,75.9,951.83,94.1,0.0,90.68,0.23,57.8,24988.22,34.46,4999.17,17,DISASTER,ANOMALY_GENERATOR_OVERLOAD,NONE,DISASTER_BLIZZARD_EMERGENCY,725.15,3543.0,90,CRITICAL
2026-09-09 16:07:12,BHARATI,-27.16,19.31,987.95,52.34,400.0,71.51,0.2,90.0,24988.04,27.17,4999.16,20,NORMAL,NONE,NONE,NONE,919.53,3011.54,0,NORMAL
2026-09-09 16:07:17,MAITRI,-26.85,22.56,992.99,54.57,400.0,72.79,0.2,90.0,24988.19,27.66,4999.17,24,NORMAL,NONE,NONE,NONE,903.35,2509.62,0,NORMAL
2026-09-09 16:07:17,BHARATI,-30.51,22.33,991.52,71.85,400.0,73.03,0.2,90.0,24988.0,27.75,4999.16,15,NORMAL,NONE,NONE,NONE,900.37,4015.39,0,NORMAL
2026-09-09 16:07:22,MAITRI,-44.59,70.55,956.14,89.52,0.0,93.53,0.26,56.94,24988.14,35.54,4999.16,33,DISASTER,ANOMALY_GENERATOR_OVERLOAD,NONE,DISASTER_BLIZZARD_EMERGENCY,703.08,1825.18,90,CRITICAL
2026-09-09 16:07:22,BHARATI,-28.52,37.37,1008.14,69.85,400.0,74.14,0.21,90.0,24987.96,28.17,4999.16,23,NORMAL,NONE,NONE,NONE,886.92,2618.73,0,NORMAL
2026-09-09 16:07:27,MAITRI,-33.51,31.38,1000.57,69.96,400.0,80.99,0.22,90.0,24988.09,30.78,4999.16,27,NORMAL,NONE,NONE,NONE,811.96,2230.77,0,NORMAL
2026-09-09 16:07:27,BHARATI,-18.44,39.1,985.68,50.26,400.0,63.16,0.18,90.0,24987.93,24.0,4999.16,22,NORMAL,NONE,NONE,NONE,1041.06,2737.76,0,NORMAL
2026-09-09 16:07:32,MAITRI,-31.07,20.75,999.57,60.52,400.0,74.02,0.21,90.0,24988.05,28.13,4999.16,16,NORMAL,NONE,NONE,NONE,888.37,3764.43,0,NORMAL
2026-09-09 16:07:32,BHARATI,-32.36,34.14,1014.15,79.86,400.0,77.38,0.21,90.0,24987.89,29.4,4999.15,21,NORMAL,NONE,NONE,NONE,849.79,2868.13,0,NORMAL
2026-09-09 16:07:37,MAITRI,-25.58,23.34,985.96,64.01,400.0,75.06,0.21,90.0,24988.01,28.52,4999.15,33,NORMAL,NONE,NONE,NONE,876.05,1825.17,0,NORMAL
2026-09-09 16:07:37,BHARATI,-37.15,59.42,955.74,94.94,0.0,90.3,0.23,57.91,24987.84,34.31,4999.15,24,DISASTER,ANOMALY_GENERATOR_OVERLOAD,NONE,DISASTER_BLIZZARD_EMERGENCY,728.22,2509.61,90,CRITICAL
2026-09-09 16:07:42,MAITRI,-31.54,36.13,1000.15,74.22,400.0,74.51,0.21,90.0,24987.98,28.32,4999.15,16,NORMAL,NONE,NONE,NONE,882.5,3764.42,0,NORMAL
2026-09-09 16:07:42,BHARATI,-16.31,13.42,999.63,58.6,400.0,64.13,0.18,90.0,24987.81,24.37,4999.15,30,NORMAL,NONE,NONE,NONE,1025.43,2007.69,0,NORMAL
2026-09-09 16:07:47,MAITRI,-36.43,68.05,972.72,87.0,0.0,89.41,0.23,58.18,24987.93,33.98,4999.15,28,DISASTER,NONE,NONE,DISASTER_BLIZZARD_EMERGENCY,735.47,2151.1,70,CRITICAL
2026-09-09 16:07:47,BHARATI,-27.12,13.02,1014.62,53.09,400.0,73.08,0.2,90.0,24987.77,27.77,4999.14,24,NORMAL,NONE,NONE,NONE,899.79,2509.61,0,NORMAL
2026-09-09 16:07:52,MAITRI,-29.73,35.15,985.04,71.28,400.0,76.22,0.21,90.0,24987.89,28.96,4999.15,25,NORMAL,NONE,NONE,NONE,862.74,2409.23,0,NORMAL
2026-09-09 16:07:52,BHARATI,-20.77,38.94,1011.81,50.17,400.0,66.0,0.18,90.0,24987.74,25.08,4999.14,23,NORMAL,NONE,NONE,NONE,996.26,2618.72,0,NORMAL
2026-09-09 16:07:57,MAITRI,-23.85,44.44,987.52,55.78,400.0,72.05,0.2,90.0,24987.85,27.38,4999.14,30,NORMAL,NONE,NONE,NONE,912.7,2007.69,0,NORMAL
2026-09-09 16:07:57,BHARATI,-28.1,38.66,988.68,68.07,400.0,76.11,0.21,90.0,24987.7,28.92,4999.14,29,NORMAL,NONE,NONE,NONE,863.99,2076.92,0,NORMAL
2026-09-09 16:08:02,MAITRI,-21.34,40.27,1012.43,65.51,400.0,70.21,0.2,90.0,24987.81,26.68,4999.14,32,NORMAL,NONE,NONE,NONE,936.56,1882.21,0,NORMAL
2026-09-09 16:08:02,BHARATI,-17.33,38.04,1013.65,77.86,400.0,65.19,0.18,90.0,24987.66,24.77,4999.13,30,NORMAL,NONE,NONE,NONE,1008.64,2007.68,0,NORMAL
2026-09-09 16:08:07,MAITRI,-33.35,31.63,998.35,55.69,400.0,80.82,0.22,90.0,24987.77,30.71,4999.14,27,NORMAL,NONE,NONE,NONE,813.65,2230.76,0,NORMAL
2026-09-09 16:08:07,BHARATI,-22.55,43.16,994.18,84.29,400.0,96.63,0.18,90.0,24987.61,36.72,4999.13,17,ANOMALY,ANOMALY_GENERATOR_OVERLOAD,NONE,NONE,680.51,3542.97,55,WARNING
2026-09-09 16:08:12,MAITRI,-25.44,47.27,990.43,81.27,400.0,97.97,0.2,90.0,24987.72,37.23,4999.13,29,ANOMALY,ANOMALY_GENERATOR_OVERLOAD,NONE,NONE,671.19,2076.91,55,WARNING
2026-09-09 16:08:12,BHARATI,-28.08,42.48,1009.09,69.47,400.0,76.88,0.21,90.0,24987.57,29.21,4999.13,31,NORMAL,NONE,NONE,NONE,855.3,1942.92,0,NORMAL
2026-09-09 16:08:17,MAITRI,-30.16,29.07,990.39,63.53,400.0,72.67,0.2,90.0,24987.68,27.61,4999.13,15,NORMAL,NONE,NONE,NONE,904.91,4015.37,0,NORMAL
2026-09-09 16:08:17,BHARATI,-18.2,42.6,987.2,53.21,400.0,66.51,0.18,90.0,24987.53,25.27,4999.13,31,NORMAL,NONE,NONE,NONE,988.63,1942.92,0,NORMAL
2026-09-09 16:08:22,MAITRI,-22.45,17.76,1006.69,63.56,400.0,64.97,0.18,90.0,24987.65,24.69,4999.13,16,NORMAL,NONE,NONE,NONE,1012.13,3764.4,0,NORMAL
2026-09-09 16:08:22,BHARATI,-37.33,67.61,966.23,97.34,0.0,95.74,0.23,56.28,24987.48,36.38,4999.12,23,DISASTER,ANOMALY_GENERATOR_OVERLOAD,NONE,DISASTER_BLIZZARD_EMERGENCY,686.81,2618.71,90,CRITICAL
2026-09-09 16:08:27,MAITRI,-30.3,32.08,1002.18,77.37,400.0,80.42,0.22,90.0,24987.6,30.56,4999.12,34,NORMAL,NONE,NONE,NONE,817.67,1771.48,0,NORMAL
2026-09-09 16:08:27,BHARATI,-15.69,43.12,989.42,78.4,400.0,62.68,0.17,90.0,24987.45,23.82,4999.12,28,NORMAL,NONE,NONE,NONE,1049.13,2151.08,0,NORMAL
2026-09-09 16:08:32,MAITRI,-33.08,14.61,1013.8,56.52,400.0,82.93,0.23,90.0,24987.56,31.52,4999.12,33,NORMAL,NONE,NONE,NONE,792.88,1825.16,0,NORMAL
2026-09-09 16:08:32,BHARATI,-32.81,18.89,1007.93,70.56,400.0,80.65,0.22,90.0,24987.41,30.65,4999.12,28,NORMAL,NONE,NONE,NONE,815.36,2151.08,0,NORMAL
2026-09-09 16:08:37,MAITRI,-15.72,39.56,1006.11,77.23,400.0,59.91,0.17,90.0,24987.53,22.77,4999.12,21,NORMAL,NONE,NONE,NONE,1097.58,2868.11,0,NORMAL
2026-09-09 16:08:37,BHARATI,-29.31,42.84,1006.75,56.3,400.0,78.57,0.22,90.0,24987.37,29.86,4999.11,32,NORMAL,NONE,NONE,NONE,836.88,1882.2,0,NORMAL
2026-09-09 16:08:42,MAITRI,-33.14,50.31,984.45,88.62,400.0,93.41,0.21,90.0,24987.48,35.5,4999.12,18,ANOMALY,ANOMALY_GENERATOR_OVERLOAD,NONE,NONE,703.94,3346.13,55,WARNING
2026-09-09 16:08:42,BHARATI,-20.83,44.07,993.44,57.16,400.0,62.87,0.17,90.0,24987.33,23.89,4999.11,15,NORMAL,NONE,NONE,NONE,1045.91,4015.35,0,NORMAL
2026-09-09 16:08:47,MAITRI,-40.59,68.25,968.88,92.56,0.0,88.81,0.24,58.36,24987.43,33.75,4999.11,23,DISASTER,NONE,NONE,DISASTER_BLIZZARD_EMERGENCY,740.38,2618.71,70,CRITICAL
2026-09-09 16:08:47,BHARATI,-19.2,15.82,998.66,59.8,400.0,63.96,0.18,90.0,24987.3,24.31,4999.11,22,NORMAL,NONE,NONE,NONE,1028.07,2737.74,0,NORMAL
2026-09-09 16:08:52,MAITRI,-17.46,28.73,992.74,67.04,400.0,66.14,0.18,90.0,24987.4,25.13,4999.11,32,NORMAL,NONE,NONE,NONE,994.23,1882.2,0,NORMAL
2026-09-09 16:08:52,BHARATI,-21.35,49.86,993.39,78.13,400.0,94.88,0.19,90.0,24987.25,36.06,4999.11,23,ANOMALY,ANOMALY_GENERATOR_OVERLOAD,NONE,NONE,693.03,2618.7,55,WARNING
2026-09-09 16:08:57,MAITRI,-26.17,41.59,996.22,77.75,400.0,74.08,0.21,90.0,24987.36,28.15,4999.11,29,NORMAL,NONE,NONE,NONE,887.66,2076.9,0,NORMAL
2026-09-09 16:08:57,BHARATI,-17.13,29.45,1002.66,53.17,400.0,66.19,0.18,90.0,24987.21,25.15,4999.1,33,NORMAL,NONE,NONE,NONE,993.46,1825.16,0,NORMAL
2026-09-09 16:09:02,MAITRI,-34.58,58.33,994.27,78.79,400.0,97.75,0.22,90.0,24987.31,37.15,4999.1,19,ANOMALY,ANOMALY_GENERATOR_OVERLOAD,NONE,NONE,672.68,3170.01,55,WARNING
2026-09-09 16:09:02,BHARATI,-25.15,21.85,1001.07,57.06,400.0,71.4,0.2,90.0,24987.18,27.13,4999.1,25,NORMAL,NONE,NONE,NONE,920.9,2409.2,0,NORMAL
2026-09-09 16:09:07,MAITRI,-23.91,15.75,991.2,63.37,400.0,66.9,0.19,90.0,24987.27,25.42,4999.1,17,NORMAL,NONE,NONE,NONE,982.84,3542.95,0,NORMAL
2026-09-09 16:09:07,BHARATI,-37.98,35.06,990.33,77.63,400.0,93.17,0.23,90.0,24987.13,35.4,4999.1,23,ANOMALY,ANOMALY_GENERATOR_OVERLOAD,NONE,NONE,705.78,2618.7,65,WARNING
2026-09-09 16:09:12,MAITRI,-28.91,24.04,1002.43,56.53,400.0,76.95,0.21,90.0,24987.23,29.24,4999.1,29,NORMAL,NONE,NONE,NONE,854.5,2076.9,0,NORMAL
2026-09-09 16:09:12,BHARATI,-29.22,31.06,1003.64,76.5,400.0,75.68,0.21,90.0,24987.09,28.76,4999.09,25,NORMAL,NONE,NONE,NONE,868.81,2409.2,0,NORMAL
2026-09-09 16:09:17,MAITRI,-24.38,31.23,998.55,77.48,400.0,71.8,0.2,90.0,24987.19,27.29,4999.1,28,NORMAL,NONE,NONE,NONE,915.77,2151.07,0,NORMAL
2026-09-09 16:09:17,BHARATI,-32.27,46.44,994.51,82.65,400.0,94.55,0.22,90.0,24987.04,35.93,4999.09,29,ANOMALY,ANOMALY_GENERATOR_OVERLOAD,NONE,NONE,695.42,2076.9,55,WARNING
2026-09-09 16:09:22,MAITRI,-24.14,15.59,992.63,62.74,400.0,70.75,0.2,90.0,24987.15,26.88,4999.09,26,NORMAL,NONE,NONE,NONE,929.44,2316.54,0,NORMAL
2026-09-09 16:09:22,BHARATI,-19.53,36.22,1002.56,59.65,400.0,65.51,0.18,90.0,24987.0,24.89,4999.09,25,NORMAL,NONE,NONE,NONE,1003.76,2409.2,0,NORMAL
2026-09-09 16:09:27,MAITRI,-16.07,11.04,1006.85,50.2,400.0,62.67,0.17,90.0,24987.12,23.82,4999.09,27,NORMAL,NONE,NONE,NONE,1049.21,2230.74,0,NORMAL
2026-09-09 16:09:27,BHARATI,-22.58,27.67,1007.16,73.42,400.0,67.11,0.19,90.0,24986.97,25.5,4999.09,21,NORMAL,NONE,NONE,NONE,979.85,2868.09,0,NORMAL
2026-09-09 16:09:32,MAITRI,-34.72,11.41,1009.15,50.04,400.0,84.25,0.23,90.0,24987.08,32.02,4999.09,32,NORMAL,NONE,NONE,NONE,780.47,1882.19,0,NORMAL
2026-09-09 16:09:32,BHARATI,-21.36,33.05,1007.35,78.76,400.0,66.63,0.19,90.0,24986.93,25.32,4999.08,23,NORMAL,NONE,NONE,NONE,986.85,2618.69,0,NORMAL
2026-09-09 16:09:37,MAITRI,-34.76,38.89,996.3,78.47,400.0,79.9,0.22,90.0,24987.04,30.36,4999.08,21,NORMAL,NONE,NONE,NONE,822.96,2868.09,0,NORMAL
2026-09-09 16:09:37,BHARATI,-34.77,43.91,999.9,70.72,400.0,80.31,0.22,90.0,24986.89,30.52,4999.08,22,NORMAL,NONE,NONE,NONE,818.8,2737.72,0,NORMAL
2026-09-09 16:09:42,MAITRI,-19.05,40.38,1001.93,72.32,400.0,64.2,0.18,90.0,24987.0,24.4,4999.08,23,NORMAL,NONE,NONE,NONE,1024.18,2618.69,0,NORMAL
2026-09-09 16:09:42,BHARATI,-18.58,37.4,996.63,51.54,400.0,66.11,0.18,90.0,24986.86,25.12,4999.08,29,NORMAL,NONE,NONE,NONE,994.6,2076.89,0,NORMAL
2026-09-09 16:09:47,MAITRI,-28.98,26.07,994.88,70.35,400.0,77.83,0.22,90.0,24986.96,29.58,4999.08,31,NORMAL,NONE,NONE,NONE,844.86,1942.9,0,NORMAL
2026-09-09 16:09:47,BHARATI,-16.99,30.25,1000.32,68.07,400.0,61.24,0.17,90.0,24986.82,23.27,4999.07,21,NORMAL,NONE,NONE,NONE,1073.77,2868.09,0,NORMAL
2026-09-09 16:09:52,MAITRI,-30.98,19.7,990.12,55.29,400.0,76.73,0.21,90.0,24986.92,29.16,4999.07,23,NORMAL,NONE,NONE,NONE,856.99,2618.69,0,NORMAL
2026-09-09 16:09:52,BHARATI,-28.69,42.29,1008.56,66.76,400.0,75.52,0.21,90.0,24986.78,28.7,4999.07,26,NORMAL,NONE,NONE,NONE,870.69,2316.53,0,NORMAL
2026-09-09 16:09:57,MAITRI,-20.15,39.0,1012.06,68.33,400.0,62.56,0.17,90.0,24986.89,23.77,4999.07,16,NORMAL,NONE,NONE,NONE,1051.05,3764.36,0,NORMAL
2026-09-09 16:09:57,BHARATI,-24.36,10.19,991.13,64.63,400.0,70.98,0.2,90.0,24986.75,26.97,4999.07,26,NORMAL,NONE,NONE,NONE,926.45,2316.53,0,NORMAL
2026-09-09 16:10:02,MAITRI,-30.38,42.79,1009.35,53.04,400.0,78.9,0.22,90.0,24986.85,29.98,4999.07,30,NORMAL,NONE,NONE,NONE,833.41,2007.66,0,NORMAL
2026-09-09 16:10:02,BHARATI,-34.23,55.65,974.13,76.64,400.0,94.15,0.22,90.0,24986.7,35.78,4999.07,17,ANOMALY,ANOMALY_GENERATOR_OVERLOAD,NONE,NONE,698.44,3542.92,55,WARNING
2026-09-09 16:10:07,MAITRI,-36.29,36.4,987.15,72.75,400.0,96.23,0.22,90.0,24986.79,36.57,4999.07,15,ANOMALY,ANOMALY_GENERATOR_OVERLOAD,NONE,NONE,683.31,4015.32,65,WARNING
2026-09-09 16:10:07,BHARATI,-17.84,33.55,993.97,79.05,400.0,64.93,0.18,90.0,24986.66,24.67,4999.06,28,NORMAL,NONE,NONE,NONE,1012.64,2151.06,0,NORMAL
2026-09-09 16:10:12,MAITRI,-34.44,40.8,994.72,73.1,400.0,84.36,0.23,90.0,24986.75,32.06,4999.06,33,NORMAL,NONE,NONE,NONE,779.43,1825.14,0,NORMAL
2026-09-09 16:10:12,BHARATI,-25.97,20.49,1002.17,74.01,400.0,69.47,0.19,90.0,24986.63,26.4,4999.06,18,NORMAL,NONE,NONE,NONE,946.48,3346.09,0,NORMAL
2026-09-09 16:10:17,MAITRI,-20.04,15.68,994.37,56.63,400.0,69.24,0.19,90.0,24986.71,26.31,4999.06,33,NORMAL,NONE,NONE,NONE,949.66,1825.14,0,NORMAL
2026-09-09 16:10:17,BHARATI,-32.73,26.44,989.5,77.08,400.0,76.17,0.21,90.0,24986.59,28.94,4999.06,17,NORMAL,NONE,NONE,NONE,863.27,3542.92,0,NORMAL
2026-09-09 16:10:22,MAITRI,-32.37,12.93,1000.89,57.98,400.0,76.19,0.21,90.0,24986.67,28.95,4999.06,18,NORMAL,NONE,NONE,NONE,863.02,3346.09,0,NORMAL
2026-09-09 16:10:22,BHARATI,-34.68,21.65,991.37,55.71,400.0,77.82,0.22,90.0,24986.54,29.57,4999.06,16,NORMAL,NONE,NONE,NONE,844.99,3764.35,0,NORMAL
2026-09-09 16:10:27,MAITRI,-39.31,57.11,979.72,85.49,400.0,96.44,0.23,90.0,24986.62,36.65,4999.06,16,ANOMALY,ANOMALY_GENERATOR_OVERLOAD,NONE,NONE,681.85,3764.35,65,WARNING
2026-09-09 16:10:27,BHARATI,-33.23,39.62,1011.57,71.88,400.0,80.7,0.22,90.0,24986.5,30.66,4999.05,27,NORMAL,NONE,NONE,NONE,814.84,2230.72,0,NORMAL
2026-09-09 16:10:32,MAITRI,-15.13,33.09,1012.31,77.75,400.0,62.49,0.17,90.0,24986.59,23.75,4999.05,29,NORMAL,NONE,NONE,NONE,1052.22,2076.88,0,NORMAL
2026-09-09 16:10:32,BHARATI,-17.98,19.15,1013.87,59.39,400.0,63.48,0.18,90.0,24986.47,24.12,4999.05,24,NORMAL,NONE,NONE,NONE,1035.81,2509.56,0,NORMAL
2026-09-09 16:10:37,MAITRI,-22.09,24.67,1006.09,61.49,400.0,67.79,0.19,90.0,24986.55,25.76,4999.05,24,NORMAL,NONE,NONE,NONE,969.93,2509.56,0,NORMAL
2026-09-09 16:10:37,BHARATI,-19.88,17.6,986.01,73.8,400.0,69.47,0.19,90.0,24986.43,26.4,4999.05,34,NORMAL,NONE,NONE,NONE,946.52,1771.46,0,NORMAL
2026-09-09 16:10:42,MAITRI,-27.52,31.88,992.83,59.16,400.0,75.49,0.21,90.0,24986.51,28.69,4999.05,29,NORMAL,NONE,NONE,NONE,870.97,2076.88,0,NORMAL
2026-09-09 16:10:42,BHARATI,-23.63,32.78,1006.41,65.18,400.0,65.82,0.18,90.0,24986.4,25.01,4999.05,15,NORMAL,NONE,NONE,NONE,999.04,4015.3,0,NORMAL
2026-09-09 16:10:47,MAITRI,-43.07,58.9,956.19,93.13,0.0,97.9,0.25,55.63,24986.46,37.2,4999.04,27,DISASTER,ANOMALY_GENERATOR_OVERLOAD,NONE,DISASTER_BLIZZARD_EMERGENCY,671.67,2230.72,90,CRITICAL
2026-09-09 16:10:47,BHARATI,-22.48,15.72,1003.69,78.99,400.0,64.61,0.18,90.0,24986.36,24.55,4999.04,15,NORMAL,NONE,NONE,NONE,1017.71,4015.3,0,NORMAL
2026-09-09 16:10:52,MAITRI,-20.09,20.89,999.69,50.33,400.0,68.89,0.19,90.0,24986.43,26.18,4999.04,32,NORMAL,NONE,NONE,NONE,954.44,1882.17,0,NORMAL
2026-09-09 16:10:52,BHARATI,-32.14,42.34,988.45,64.36,400.0,78.75,0.22,90.0,24986.32,29.92,4999.04,25,NORMAL,NONE,NONE,NONE,835.01,2409.18,0,NORMAL
2026-09-09 16:10:57,MAITRI,-25.28,31.61,993.84,55.23,400.0,70.74,0.2,90.0,24986.39,26.88,4999.04,23,NORMAL,NONE,NONE,NONE,929.51,2618.67,0,NORMAL
2026-09-09 16:10:57,BHARATI,-31.44,32.45,994.36,63.88,400.0,80.41,0.22,90.0,24986.28,30.56,4999.04,31,NORMAL,NONE,NONE,NONE,817.69,1942.88,0,NORMAL
2026-09-09 16:11:02,MAITRI,-29.34,37.0,989.66,75.11,400.0,95.41,0.22,90.0,24986.34,36.25,4999.03,30,ANOMALY,ANOMALY_GENERATOR_OVERLOAD,NONE,NONE,689.2,2007.64,55,WARNING
2026-09-09 16:11:03,BHARATI,-34.4,37.47,1005.56,73.2,400.0,77.92,0.22,90.0,24986.24,29.61,4999.04,17,NORMAL,NONE,NONE,NONE,843.82,3542.9,0,NORMAL
2026-09-09 16:11:08,MAITRI,-21.06,39.31,993.95,85.61,400.0,95.06,0.19,90.0,24986.29,36.12,4999.03,27,ANOMALY,ANOMALY_GENERATOR_OVERLOAD,NONE,NONE,691.74,2230.71,55,WARNING
2026-09-09 16:11:08,BHARATI,-44.32,62.16,954.15,91.26,0.0,89.85,0.26,58.05,24986.19,34.14,4999.03,27,DISASTER,NONE,NONE,DISASTER_BLIZZARD_EMERGENCY,731.83,2230.72,70,CRITICAL
2026-09-09 16:11:13,MAITRI,-29.21,12.97,989.65,51.16,400.0,76.07,0.21,90.0,24986.25,28.91,4999.03,26,NORMAL,NONE,NONE,NONE,864.4,2316.51,0,NORMAL
2026-09-09 16:11:13,BHARATI,-28.02,55.03,985.99,89.94,400.0,98.85,0.2,90.0,24986.14,37.56,4999.03,16,ANOMALY,ANOMALY_GENERATOR_OVERLOAD,NONE,NONE,665.18,3764.33,55,WARNING
2026-09-09 16:11:18,MAITRI,-40.65,71.26,965.62,88.59,0.0,86.93,0.24,58.92,24986.2,33.03,4999.03,19,DISASTER,NONE,NONE,DISASTER_BLIZZARD_EMERGENCY,756.39,3169.96,70,CRITICAL
2026-09-09 16:11:18,BHARATI,-22.52,14.36,987.49,59.28,400.0,69.84,0.19,90.0,24986.1,26.54,4999.03,28,NORMAL,NONE,NONE,NONE,941.43,2151.04,0,NORMAL
2026-09-09 16:11:23,MAITRI,-21.35,27.85,990.88,53.11,400.0,69.42,0.19,90.0,24986.16,26.38,4999.02,30,NORMAL,NONE,NONE,NONE,947.24,2007.64,0,NORMAL
2026-09-09 16:11:23,BHARATI,-27.13,40.82,977.13,77.29,400.0,98.03,0.2,90.0,24986.05,37.25,4999.03,19,ANOMALY,ANOMALY_GENERATOR_OVERLOAD,NONE,NONE,670.76,3169.96,55,WARNING
2026-09-09 16:11:28,MAITRI,-33.22,30.52,1004.67,57.73,400.0,77.49,0.22,90.0,24986.12,29.44,4999.02,19,NORMAL,NONE,NONE,NONE,848.58,3169.96,0,NORMAL
2026-09-09 16:11:28,BHARATI,-26.23,18.23,1001.75,65.16,400.0,68.54,0.19,90.0,24986.01,26.04,4999.02,15,NORMAL,NONE,NONE,NONE,959.35,4015.28,0,NORMAL
2026-09-09 16:11:33,MAITRI,-24.56,24.13,1011.95,61.58,400.0,69.18,0.19,90.0,24986.09,26.29,4999.02,21,NORMAL,NONE,NONE,NONE,950.4,2868.05,0,NORMAL
2026-09-09 16:11:33,BHARATI,-16.06,19.42,1010.9,70.17,400.0,65.46,0.18,90.0,24985.98,24.88,4999.02,34,NORMAL,NONE,NONE,NONE,1004.42,1771.45,0,NORMAL
2026-09-09 16:11:38,MAITRI,-15.29,27.49,990.0,57.68,400.0,61.06,0.17,90.0,24986.06,23.2,4999.01,25,NORMAL,NONE,NONE,NONE,1076.9,2409.16,0,NORMAL
2026-09-09 16:11:38,BHARATI,-30.8,58.72,980.6,79.92,400.0,95.15,0.22,90.0,24985.93,36.16,4999.02,28,ANOMALY,ANOMALY_GENERATOR_OVERLOAD,NONE,NONE,691.05,2151.04,55,WARNING
2026-09-09 16:11:43,MAITRI,-16.74,37.51,988.11,59.78,400.0,60.58,0.17,90.0,24986.02,23.02,4999.01,20,NORMAL,NONE,NONE,NONE,1085.43,3011.45,0,NORMAL
2026-09-09 16:11:43,BHARATI,-23.08,13.74,1000.56,72.96,400.0,70.83,0.2,90.0,24985.89,26.92,4999.01,29,NORMAL,NONE,NONE,NONE,928.31,2076.86,0,NORMAL
2026-09-09 16:11:48,MAITRI,-28.69,35.17,1006.24,57.41,400.0,78.72,0.22,90.0,24985.98,29.91,4999.01,34,NORMAL,NONE,NONE,NONE,835.24,1771.44,0,NORMAL
2026-09-09 16:11:48,BHARATI,-16.29,16.61,1014.21,60.56,400.0,62.5,0.17,90.0,24985.86,23.75,4999.01,26,NORMAL,NONE,NONE,NONE,1051.97,2316.5,0,NORMAL
2026-09-09 16:11:53,MAITRI,-34.99,15.12,998.49,59.1,400.0,78.54,0.22,90.0,24985.94,29.84,4999.01,17,NORMAL,NONE,NONE,NONE,837.21,3542.88,0,NORMAL
2026-09-09 16:11:53,BHARATI,-23.28,20.41,1002.72,74.01,400.0,66.25,0.18,90.0,24985.82,25.17,4999.01,17,NORMAL,NONE,NONE,NONE,992.55,3542.88,0,NORMAL
2026-09-09 16:11:58,MAITRI,-16.27,34.57,992.12,56.02,400.0,60.48,0.17,90.0,24985.91,22.98,4999.0,21,NORMAL,NONE,NONE,NONE,1087.19,2868.05,0,NORMAL
2026-09-09 16:11:58,BHARATI,-23.72,40.17,1009.18,75.79,400.0,69.1,0.19,90.0,24985.79,26.26,4999.01,23,NORMAL,NONE,NONE,NONE,951.49,2618.65,0,NORMAL
2026-09-09 16:12:03,MAITRI,-20.41,15.76,1009.56,63.63,400.0,68.83,0.19,90.0,24985.87,26.16,4999.0,31,NORMAL,NONE,NONE,NONE,955.27,1942.87,0,NORMAL
2026-09-09 16:12:03,BHARATI,-24.0,21.39,1014.39,69.99,400.0,72.59,0.2,90.0,24985.75,27.59,4999.0,31,NORMAL,NONE,NONE,NONE,905.74,1942.87,0,NORMAL
2026-09-09 16:12:08,MAITRI,-31.92,29.82,1000.74,74.49,400.0,76.12,0.21,90.0,24985.83,28.92,4999.0,19,NORMAL,NONE,NONE,NONE,863.81,3169.94,0,NORMAL
2026-09-09 16:12:08,BHARATI,-27.93,45.52,987.6,72.29,400.0,98.9,0.2,90.0,24985.7,37.58,4999.0,23,ANOMALY,ANOMALY_GENERATOR_OVERLOAD,NONE,NONE,664.8,2618.65,55,WARNING
2026-09-09 16:12:13,MAITRI,-28.63,37.76,994.52,71.35,400.0,74.26,0.21,90.0,24985.79,28.22,4999.0,23,NORMAL,NONE,NONE,NONE,885.47,2618.65,0,NORMAL
2026-09-09 16:12:13,BHARATI,-28.18,57.46,979.98,75.91,400.0,98.14,0.21,90.0,24985.64,37.29,4999.0,28,ANOMALY,ANOMALY_GENERATOR_OVERLOAD,NONE,NONE,669.96,2151.03,55,WARNING
2026-09-09 16:12:18,MAITRI,-32.65,32.44,1012.46,67.9,400.0,76.48,0.21,90.0,24985.75,29.06,4998.99,18,NORMAL,NONE,NONE,NONE,859.75,3346.05,0,NORMAL
2026-09-09 16:12:18,BHARATI,-22.85,15.93,985.97,54.93,400.0,67.79,0.19,90.0,24985.61,25.76,4998.99,22,NORMAL,NONE,NONE,NONE,969.94,2737.67,0,NORMAL
2026-09-09 16:12:23,MAITRI,-36.75,35.58,975.14,82.2,400.0,98.12,0.23,90.0,24985.7,37.28,4998.99,24,ANOMALY,ANOMALY_GENERATOR_OVERLOAD,NONE,NONE,670.14,2509.53,65,WARNING
2026-09-09 16:12:23,BHARATI,-36.83,53.43,989.53,74.18,400.0,94.0,0.22,90.0,24985.56,35.72,4998.99,17,ANOMALY,ANOMALY_GENERATOR_OVERLOAD,NONE,NONE,699.48,3542.87,65,WARNING
2026-09-09 16:12:28,MAITRI,-18.3,21.22,1012.37,51.71,400.0,61.82,0.17,90.0,24985.67,23.49,4998.99,19,NORMAL,NONE,NONE,NONE,1063.65,3169.94,0,NORMAL
2026-09-09 16:12:28,BHARATI,-16.68,15.47,1004.08,66.85,400.0,65.71,0.18,90.0,24985.52,24.97,4998.99,33,NORMAL,NONE,NONE,NONE,1000.64,1825.11,0,NORMAL
2026-09-09 16:12:33,MAITRI,-31.77,47.53,978.94,71.49,400.0,98.68,0.21,90.0,24985.62,37.5,4998.99,20,ANOMALY,ANOMALY_GENERATOR_OVERLOAD,NONE,NONE,666.3,3011.44,55,WARNING
2026-09-09 16:12:33,BHARATI,-23.2,42.07,999.05,58.29,400.0,71.36,0.2,90.0,24985.49,27.12,4998.98,30,NORMAL,NONE,NONE,NONE,921.42,2007.62,0,NORMAL
2026-09-09 16:12:38,MAITRI,-33.04,10.84,993.06,75.31,400.0,82.5,0.23,90.0,24985.57,31.35,4998.98,32,NORMAL,NONE,NONE,NONE,797.03,1882.15,0,NORMAL
2026-09-09 16:12:38,BHARATI,-27.51,38.41,980.63,77.23,400.0,92.66,0.2,90.0,24985.44,35.21,4998.98,24,ANOMALY,ANOMALY_GENERATOR_OVERLOAD,NONE,NONE,709.62,2509.53,55,WARNING
2026-09-09 16:12:43,MAITRI,-32.07,28.86,1000.1,66.52,400.0,76.27,0.21,90.0,24985.53,28.98,4998.98,19,NORMAL,NONE,NONE,NONE,862.09,3169.93,0,NORMAL
2026-09-09 16:12:43,BHARATI,-25.99,54.81,991.95,89.55,400.0,92.16,0.19,90.0,24985.39,35.02,4998.98,18,ANOMALY,ANOMALY_GENERATOR_OVERLOAD,NONE,NONE,713.46,3346.04,55,WARNING
2026-09-09 16:12:48,MAITRI,-30.32,34.35,1005.19,58.34,400.0,78.44,0.22,90.0,24985.49,29.81,4998.98,29,NORMAL,NONE,NONE,NONE,838.25,2076.85,0,NORMAL
2026-09-09 16:12:48,BHARATI,-21.52,49.81,973.86,78.83,400.0,96.44,0.19,90.0,24985.34,36.65,4998.98,27,ANOMALY,ANOMALY_GENERATOR_OVERLOAD,NONE,NONE,681.77,2230.69,55,WARNING
2026-09-09 16:12:53,MAITRI,-22.56,25.37,997.36,54.64,400.0,70.69,0.2,90.0,24985.45,26.86,4998.97,30,NORMAL,NONE,NONE,NONE,930.16,2007.62,0,NORMAL
2026-09-09 16:12:53,BHARATI,-25.9,41.12,999.82,55.12,400.0,70.99,0.2,90.0,24985.3,26.98,4998.97,22,NORMAL,NONE,NONE,NONE,926.17,2737.66,0,NORMAL
2026-09-09 16:12:58,MAITRI,-19.9,13.44,993.37,50.44,400.0,65.89,0.18,90.0,24985.42,25.04,4998.97,25,NORMAL,NONE,NONE,NONE,997.89,2409.14,0,NORMAL
2026-09-09 16:12:58,BHARATI,-28.02,34.0,992.52,59.72,400.0,76.82,0.21,90.0,24985.26,29.19,4998.97,31,NORMAL,NONE,NONE,NONE,855.92,1942.86,0,NORMAL
2026-09-09 16:13:03,MAITRI,-25.22,40.31,989.62,74.87,400.0,73.08,0.2,90.0,24985.38,27.77,4998.97,29,NORMAL,NONE,NONE,NONE,899.74,2076.85,0,NORMAL
2026-09-09 16:13:03,BHARATI,-25.11,30.56,1004.43,75.97,400.0,69.36,0.19,90.0,24985.22,26.36,4998.97,20,NORMAL,NONE,NONE,NONE,947.95,3011.43,0,NORMAL
2026-09-09 16:13:08,MAITRI,-21.18,11.88,997.34,54.74,400.0,70.04,0.19,90.0,24985.34,26.62,4998.96,32,NORMAL,NONE,NONE,NONE,938.71,1882.14,0,NORMAL
2026-09-09 16:13:08,BHARATI,-28.97,27.54,990.84,57.91,400.0,77.02,0.21,90.0,24985.18,29.27,4998.96,29,NORMAL,NONE,NONE,NONE,853.73,2076.84,0,NORMAL
2026-09-09 16:13:13,MAITRI,-22.38,37.89,1007.8,65.24,400.0,70.1,0.19,90.0,24985.31,26.64,4998.96,29,NORMAL,NONE,NONE,NONE,937.95,2076.84,0,NORMAL
2026-09-09 16:13:13,BHARATI,-31.07,20.23,997.89,72.86,400.0,74.02,0.21,90.0,24985.14,28.13,4998.96,16,NORMAL,NONE,NONE,NONE,888.29,3764.28,0,NORMAL
2026-09-09 16:13:18,MAITRI,-17.52,42.45,1000.62,77.52,400.0,62.6,0.17,90.0,24985.27,23.79,4998.96,23,NORMAL,NONE,NONE,NONE,1050.31,2618.63,0,NORMAL
2026-09-09 16:13:18,BHARATI,-32.07,56.2,991.08,76.36,400.0,95.46,0.21,90.0,24985.09,36.27,4998.96,16,ANOMALY,ANOMALY_GENERATOR_OVERLOAD,NONE,NONE,688.79,3764.28,55,WARNING
2026-09-09 16:13:23,MAITRI,-32.95,35.48,1000.96,72.69,400.0,81.6,0.23,90.0,24985.23,31.01,4998.95,30,NORMAL,NONE,NONE,NONE,805.81,2007.61,0,NORMAL
2026-09-09 16:13:23,BHARATI,-35.03,50.36,984.58,70.19,400.0,98.05,0.22,90.0,24985.04,37.26,4998.96,23,ANOMALY,ANOMALY_GENERATOR_OVERLOAD,NONE,NONE,670.6,2618.63,65,WARNING
2026-09-09 16:13:28,MAITRI,-25.85,24.26,989.59,51.68,400.0,73.34,0.2,90.0,24985.19,27.87,4998.95,28,NORMAL,NONE,NONE,NONE,896.49,2151.01,0,NORMAL
2026-09-09 16:13:28,BHARATI,-26.92,23.32,1003.38,61.13,400.0,74.86,0.21,90.0,24985.0,28.45,4998.95,29,NORMAL,NONE,NONE,NONE,878.27,2076.84,0,NORMAL
2026-09-09 16:13:33,MAITRI,-21.24,47.67,980.0,82.22,400.0,92.43,0.18,90.0,24985.14,35.12,4998.95,22,ANOMALY,ANOMALY_GENERATOR_OVERLOAD,NONE,NONE,711.33,2737.65,55,WARNING
2026-09-09 16:13:33,BHARATI,-30.16,31.33,1012.46,58.63,400.0,73.87,0.21,90.0,24984.96,28.07,4998.95,18,NORMAL,NONE,NONE,NONE,890.13,3346.02,0,NORMAL
2026-09-09 16:13:38,MAITRI,-15.51,12.93,1005.67,54.33,400.0,59.68,0.17,90.0,24985.11,22.68,4998.95,21,NORMAL,NONE,NONE,NONE,1101.67,2868.01,0,NORMAL
2026-09-09 16:13:38,BHARATI,-24.86,16.51,990.42,79.02,400.0,67.1,0.19,90.0,24984.93,25.5,4998.95,15,NORMAL,NONE,NONE,NONE,979.85,4015.22,0,NORMAL
2026-09-09 16:13:43,MAITRI,-24.11,44.28,977.79,78.75,400.0,94.85,0.19,90.0,24985.06,36.04,4998.94,16,ANOMALY,ANOMALY_GENERATOR_OVERLOAD,NONE,NONE,693.22,3764.27,55,WARNING
2026-09-09 16:13:43,BHARATI,-22.92,26.72,1007.81,68.09,400.0,72.66,0.2,90.0,24984.89,27.61,4998.95,34,NORMAL,NONE,NONE,NONE,904.86,1771.42,0,NORMAL
2026-09-09 16:13:48,MAITRI,-22.34,19.63,1007.56,60.24,400.0,71.66,0.2,90.0,24985.02,27.23,4998.94,33,NORMAL,NONE,NONE,NONE,917.52,1825.1,0,NORMAL
2026-09-09 16:13:48,BHARATI,-28.41,30.08,987.03,66.06,400.0,75.23,0.21,90.0,24984.85,28.59,4998.94,26,NORMAL,NONE,NONE,NONE,874.0,2316.47,0,NORMAL
2026-09-09 16:13:53,MAITRI,-19.96,20.65,989.53,64.53,400.0,63.95,0.18,90.0,24984.99,24.3,4998.94,20,NORMAL,NONE,NONE,NONE,1028.09,3011.41,0,NORMAL
2026-09-09 16:13:53,BHARATI,-28.32,27.67,985.69,63.27,400.0,73.53,0.2,90.0,24984.81,27.94,4998.94,22,NORMAL,NONE,NONE,NONE,894.17,2737.65,0,NORMAL
2026-09-09 16:13:58,MAITRI,-18.55,14.49,989.94,58.76,400.0,64.47,0.18,90.0,24984.96,24.5,4998.94,25,NORMAL,NONE,NONE,NONE,1019.79,2409.13,0,NORMAL
2026-09-09 16:13:58,BHARATI,-16.8,30.76,995.63,75.36,400.0,65.84,0.18,90.0,24984.78,25.02,4998.94,33,NORMAL,NONE,NONE,NONE,998.68,1825.1,0,NORMAL
2026-09-09 16:14:03,MAITRI,-23.98,16.78,1004.2,51.71,400.0,66.98,0.19,90.0,24984.92,25.45,4998.93,17,NORMAL,NONE,NONE,NONE,981.59,3542.83,0,NORMAL
2026-09-09 16:14:03,BHARATI,-28.37,11.91,1009.63,61.56,400.0,73.59,0.2,90.0,24984.74,27.97,4998.94,22,NORMAL,NONE,NONE,NONE,893.42,2737.64,0,NORMAL
2026-09-09 16:14:08,MAITRI,-32.37,57.04,988.81,83.18,400.0,97.79,0.22,90.0,24984.87,37.16,4998.93,26,ANOMALY,ANOMALY_GENERATOR_OVERLOAD,NONE,NONE,672.39,2316.46,55,WARNING
2026-09-09 16:14:08,BHARATI,-35.66,54.01,973.86,81.42,400.0,94.18,0.24,90.0,24984.69,35.79,4998.93,31,ANOMALY,ANOMALY_GENERATOR_OVERLOAD,NONE,NONE,698.12,1942.84,65,WARNING
2026-09-09 16:14:13,MAITRI,-28.35,30.78,992.17,77.49,400.0,70.77,0.2,90.0,24984.83,26.89,4998.93,15,NORMAL,NONE,NONE,NONE,929.12,4015.2,0,NORMAL
2026-09-09 16:14:13,BHARATI,-22.32,24.39,1006.26,56.16,400.0,67.24,0.19,90.0,24984.65,25.55,4998.93,22,NORMAL,NONE,NONE,NONE,977.86,2737.64,0,NORMAL
2026-09-09 16:14:18,MAITRI,-28.43,13.15,1001.9,60.86,400.0,77.65,0.22,90.0,24984.79,29.51,4998.92,32,NORMAL,NONE,NONE,NONE,846.7,1882.13,0,NORMAL
2026-09-09 16:14:18,BHARATI,-27.13,11.75,985.11,79.33,400.0,72.28,0.2,90.0,24984.61,27.47,4998.93,22,NORMAL,NONE,NONE,NONE,909.61,2737.64,0,NORMAL
2026-09-09 16:14:23,MAITRI,-29.41,37.63,1010.76,78.37,400.0,72.28,0.2,90.0,24984.75,27.47,4998.92,16,NORMAL,NONE,NONE,NONE,909.62,3764.25,0,NORMAL
2026-09-09 16:14:23,BHARATI,-37.54,55.5,981.39,89.21,400.0,95.49,0.23,90.0,24984.56,36.29,4998.92,22,ANOMALY,ANOMALY_GENERATOR_OVERLOAD,NONE,NONE,688.51,2737.64,65,WARNING
2026-09-09 16:14:28,MAITRI,-26.74,39.78,1013.37,65.42,400.0,74.68,0.21,90.0,24984.71,28.38,4998.92,29,NORMAL,NONE,NONE,NONE,880.41,2076.83,0,NORMAL
2026-09-09 16:14:28,BHARATI,-29.17,14.63,1010.5,65.14,400.0,72.43,0.2,90.0,24984.53,27.52,4998.92,17,NORMAL,NONE,NONE,NONE,907.8,3542.82,0,NORMAL
2026-09-09 16:14:33,MAITRI,-22.63,41.93,989.18,89.14,400.0,98.2,0.2,90.0,24984.66,37.32,4998.92,29,ANOMALY,ANOMALY_GENERATOR_OVERLOAD,NONE,NONE,669.55,2076.82,55,WARNING
2026-09-09 16:14:33,BHARATI,-29.68,44.17,997.89,63.1,400.0,77.76,0.22,90.0,24984.48,29.55,4998.92,29,NORMAL,NONE,NONE,NONE,845.52,2076.83,0,NORMAL
2026-09-09 16:14:38,MAITRI,-15.91,11.56,1005.79,63.82,400.0,60.1,0.17,90.0,24984.63,22.84,4998.91,21,NORMAL,NONE,NONE,NONE,1093.97,2867.99,0,NORMAL
2026-09-09 16:14:38,BHARATI,-23.42,44.15,992.33,54.19,400.0,66.39,0.18,90.0,24984.45,25.23,4998.92,17,NORMAL,NONE,NONE,NONE,990.33,3542.82,0,NORMAL
2026-09-09 16:14:43,MAITRI,-15.19,40.08,995.6,77.83,400.0,62.54,0.17,90.0,24984.6,23.77,4998.91,29,NORMAL,NONE,NONE,NONE,1051.23,2076.82,0,NORMAL
2026-09-09 16:14:43,BHARATI,-25.32,40.98,1007.3,72.84,400.0,68.38,0.19,90.0,24984.41,25.99,4998.91,17,NORMAL,NONE,NONE,NONE,961.47,3542.82,0,NORMAL
2026-09-09 16:14:48,MAITRI,-37.35,57.08,956.35,93.32,0.0,87.36,0.24,58.79,24984.55,33.2,4998.91,32,DISASTER,NONE,NONE,DISASTER_BLIZZARD_EMERGENCY,752.65,1882.12,70,CRITICAL
2026-09-09 16:14:48,BHARATI,-34.95,30.1,1003.79,66.38,400.0,80.1,0.22,90.0,24984.37,30.44,4998.91,21,NORMAL,NONE,NONE,NONE,820.86,2867.99,0,NORMAL
2026-09-09 16:14:53,MAITRI,-19.62,27.82,1012.5,77.08,400.0,66.0,0.18,90.0,24984.51,25.08,4998.9,26,NORMAL,NONE,NONE,NONE,996.24,2316.45,0,NORMAL
2026-09-09 16:14:53,BHARATI,-23.74,27.61,1001.25,78.88,400.0,70.33,0.2,90.0,24984.33,26.73,4998.91,26,NORMAL,NONE,NONE,NONE,934.84,2316.45,0,NORMAL
2026-09-09 16:14:58,MAITRI,-29.16,15.72,1001.81,71.73,400.0,78.02,0.22,90.0,24984.47,29.65,4998.9,31,NORMAL,NONE,NONE,NONE,842.71,1942.83,0,NORMAL
2026-09-09 16:14:58,BHARATI,-16.22,14.04,994.06,52.45,400.0,60.43,0.17,90.0,24984.3,22.96,4998.91,21,NORMAL,NONE,NONE,NONE,1087.96,2867.99,0,NORMAL
2026-09-09 16:15:03,MAITRI,-38.8,53.36,971.69,77.07,400.0,92.95,0.24,90.0,24984.42,35.32,4998.9,25,ANOMALY,ANOMALY_GENERATOR_OVERLOAD,NONE,NONE,707.37,2409.11,65,WARNING
2026-09-09 16:15:03,BHARATI,-33.64,44.28,1006.66,73.26,400.0,79.12,0.22,90.0,24984.26,30.07,4998.9,22,NORMAL,NONE,NONE,NONE,830.98,2737.63,0,NORMAL
2026-09-09 16:15:08,MAITRI,-32.59,13.25,985.67,64.76,400.0,80.02,0.22,90.0,24984.38,30.41,4998.89,27,NORMAL,NONE,NONE,NONE,821.62,2230.65,0,NORMAL
2026-09-09 16:15:08,BHARATI,-38.21,42.6,990.49,80.4,400.0,94.48,0.23,90.0,24984.21,35.9,4998.9,22,ANOMALY,ANOMALY_GENERATOR_OVERLOAD,NONE,NONE,695.89,2737.62,65,WARNING
2026-09-09 16:15:13,MAITRI,-29.21,19.75,990.51,67.78,400.0,76.47,0.21,90.0,24984.34,29.06,4998.89,27,NORMAL,NONE,NONE,NONE,859.77,2230.65,0,NORMAL
2026-09-09 16:15:13,BHARATI,-26.97,23.85,995.7,68.5,400.0,72.92,0.2,90.0,24984.17,27.71,4998.9,24,NORMAL,NONE,NONE,NONE,901.63,2509.49,0,NORMAL
2026-09-09 16:15:18,MAITRI,-27.58,34.18,1006.75,77.13,400.0,71.96,0.2,90.0,24984.3,27.34,4998.89,20,NORMAL,NONE,NONE,NONE,913.71,3011.38,0,NORMAL
2026-09-09 16:15:18,BHARATI,-25.06,44.84,1004.99,76.35,400.0,69.31,0.19,90.0,24984.14,26.34,4998.9,20,NORMAL,NONE,NONE,NONE,948.59,3011.38,0,NORMAL
2026-09-09 16:15:23,MAITRI,-25.79,55.22,990.45,81.51,400.0,95.7,0.21,90.0,24984.25,36.37,4998.89,34,ANOMALY,ANOMALY_GENERATOR_OVERLOAD,NONE,NONE,687.01,1771.4,55,WARNING
2026-09-09 16:15:23,BHARATI,-20.2,13.66,997.11,72.9,400.0,63.01,0.18,90.0,24984.1,23.95,4998.89,17,NORMAL,NONE,NONE,NONE,1043.38,3542.8,0,NORMAL
2026-09-09 16:15:28,MAITRI,-26.27,56.21,972.82,71.01,400.0,96.79,0.19,90.0,24984.2,36.78,4998.88,15,ANOMALY,ANOMALY_GENERATOR_OVERLOAD,NONE,NONE,679.26,4015.17,55,WARNING
2026-09-09 16:15:28,BHARATI,-39.55,77.09,950.19,93.88,0.0,85.0,0.23,59.5,24984.06,32.3,4998.89,18,DISASTER,NONE,NONE,DISASTER_BLIZZARD_EMERGENCY,773.49,3345.98,70,CRITICAL
2026-09-09 16:15:33,MAITRI,-20.96,55.78,985.04,73.85,400.0,95.48,0.19,90.0,24984.15,36.28,4998.88,31,ANOMALY,ANOMALY_GENERATOR_OVERLOAD,NONE,NONE,688.6,1942.82,55,WARNING
2026-09-09 16:15:33,BHARATI,-23.47,19.44,1007.27,74.38,400.0,68.44,0.19,90.0,24984.02,26.01,4998.89,22,NORMAL,NONE,NONE,NONE,960.66,2737.62,0,NORMAL
2026-09-09 16:15:38,MAITRI,-26.71,22.89,998.51,65.76,400.0,69.84,0.19,90.0,24984.12,26.54,4998.88,17,NORMAL,NONE,NONE,NONE,941.39,3542.79,0,NORMAL
2026-09-09 16:15:38,BHARATI,-28.75,17.49,995.99,57.26,400.0,71.18,0.2,90.0,24983.98,27.05,4998.89,15,NORMAL,NONE,NONE,NONE,923.63,4015.17,0,NORMAL
2026-09-09 16:15:43,MAITRI,-31.95,36.89,1000.0,66.69,400.0,76.55,0.21,90.0,24984.07,29.09,4998.88,20,NORMAL,NONE,NONE,NONE,858.88,3011.37,0,NORMAL
2026-09-09 16:15:43,BHARATI,-28.65,35.26,1014.8,62.92,400.0,72.68,0.2,90.0,24983.94,27.62,4998.89,19,NORMAL,NONE,NONE,NONE,904.57,3169.87,0,NORMAL
2026-09-09 16:15:48,MAITRI,-24.34,17.95,990.05,73.5,400.0,70.56,0.2,90.0,24984.04,26.81,4998.87,25,NORMAL,NONE,NONE,NONE,931.81,2409.1,0,NORMAL
2026-09-09 16:15:48,BHARATI,-27.09,14.47,996.37,61.04,400.0,75.04,0.21,90.0,24983.91,28.52,4998.88,29,NORMAL,NONE,NONE,NONE,876.11,2076.81,0,NORMAL
2026-09-09 16:15:53,MAITRI,-23.42,14.49,1011.87,74.5,400.0,73.19,0.2,90.0,24984.0,27.81,4998.87,34,NORMAL,NONE,NONE,NONE,898.32,1771.39,0,NORMAL
2026-09-09 16:15:53,BHARATI,-21.56,29.19,985.4,68.35,400.0,64.43,0.18,90.0,24983.87,24.49,4998.88,17,NORMAL,NONE,NONE,NONE,1020.37,3542.79,0,NORMAL
2026-09-09 16:15:58,MAITRI,-19.54,37.21,992.36,58.67,400.0,66.31,0.18,90.0,24983.96,25.2,4998.87,27,NORMAL,NONE,NONE,NONE,991.46,2230.64,0,NORMAL
2026-09-09 16:15:58,BHARATI,-42.83,60.23,953.68,86.66,0.0,85.33,0.24,59.4,24983.83,32.43,4998.88,16,DISASTER,NONE,NONE,DISASTER_BLIZZARD_EMERGENCY,770.46,3764.22,70,CRITICAL
2026-09-09 16:16:03,MAITRI,-20.88,36.27,999.96,77.18,400.0,67.73,0.19,90.0,24983.93,25.74,4998.86,27,NORMAL,NONE,NONE,NONE,970.79,2230.64,0,NORMAL
2026-09-09 16:16:03,BHARATI,-36.43,51.95,985.56,83.65,400.0,93.38,0.24,90.0,24983.78,35.48,4998.88,34,ANOMALY,ANOMALY_GENERATOR_OVERLOAD,NONE,NONE,704.09,1771.39,65,WARNING
2026-09-09 16:16:08,MAITRI,-27.43,13.95,1000.85,65.54,400.0,72.2,0.2,90.0,24983.89,27.44,4998.86,21,NORMAL,NONE,NONE,NONE,910.57,2867.96,0,NORMAL
2026-09-09 16:16:08,BHARATI,-19.53,39.28,1014.63,53.81,400.0,66.31,0.18,90.0,24983.74,25.2,4998.87,27,NORMAL,NONE,NONE,NONE,991.5,2230.64,0,NORMAL
2026-09-09 16:16:13,MAITRI,-16.89,32.21,1011.73,73.96,400.0,59.53,0.17,90.0,24983.86,22.62,4998.86,17,NORMAL,NONE,NONE,NONE,1104.39,3542.78,0,NORMAL
2026-09-09 16:16:13,BHARATI,-29.06,25.69,990.09,53.45,400.0,72.31,0.2,90.0,24983.7,27.48,4998.87,17,NORMAL,NONE,NONE,NONE,909.24,3542.79,0,NORMAL
2026-09-09 16:16:18,MAITRI,-19.81,38.78,1013.48,75.69,400.0,67.4,0.19,90.0,24983.82,25.61,4998.85,29,NORMAL,NONE,NONE,NONE,975.54,2076.8,0,NORMAL
2026-09-09 16:16:18,BHARATI,-18.82,30.15,986.55,61.46,400.0,65.56,0.18,90.0,24983.67,24.91,4998.87,27,NORMAL,NONE,NONE,NONE,1002.77,2230.64,0,NORMAL
2026-09-09 16:16:23,MAITRI,-29.54,13.79,999.09,55.17,400.0,77.22,0.21,90.0,24983.78,29.34,4998.85,28,NORMAL,NONE,NONE,NONE,851.42,2150.97,0,NORMAL
2026-09-09 16:16:23,BHARATI,-27.84,40.91,1000.22,79.57,400.0,76.63,0.21,90.0,24983.63,29.12,4998.86,31,NORMAL,NONE,NONE,NONE,857.98,1942.82,0,NORMAL
2026-09-09 16:16:28,MAITRI,-34.67,16.9,998.71,56.24,400.0,84.21,0.23,90.0,24983.74,32.0,4998.85,32,NORMAL,NONE,NONE,NONE,780.76,1882.1,0,NORMAL
2026-09-09 16:16:28,BHARATI,-26.88,38.68,1005.3,59.59,400.0,72.02,0.2,90.0,24983.59,27.37,4998.86,22,NORMAL,NONE,NONE,NONE,912.86,2737.6,0,NORMAL
2026-09-09 16:16:33,MAITRI,-22.14,37.17,979.56,85.7,400.0,93.96,0.18,90.0,24983.69,35.7,4998.85,18,ANOMALY,ANOMALY_GENERATOR_OVERLOAD,NONE,NONE,699.76,3345.95,55,WARNING
2026-09-09 16:16:33,BHARATI,-20.58,10.35,987.68,59.9,400.0,69.01,0.19,90.0,24983.55,26.22,4998.86,31,NORMAL,NONE,NONE,NONE,952.74,1942.81,0,NORMAL
2026-09-09 16:16:38,MAITRI,-17.65,43.68,993.28,70.08,400.0,66.74,0.19,90.0,24983.65,25.36,4998.84,33,NORMAL,NONE,NONE,NONE,985.18,1825.06,0,NORMAL
2026-09-09 16:16:38,BHARATI,-39.83,47.55,985.72,88.31,400.0,93.25,0.23,90.0,24983.51,35.44,4998.86,19,ANOMALY,ANOMALY_GENERATOR_OVERLOAD,NONE,NONE,705.04,3169.85,65,WARNING
2026-09-09 16:16:43,MAITRI,-35.2,54.0,974.61,78.23,400.0,94.32,0.22,90.0,24983.6,35.84,4998.84,21,ANOMALY,ANOMALY_GENERATOR_OVERLOAD,NONE,NONE,697.08,2867.95,65,WARNING
2026-09-09 16:16:43,BHARATI,-32.71,31.45,1004.52,52.32,400.0,76.54,0.21,90.0,24983.46,29.09,4998.85,18,NORMAL,NONE,NONE,NONE,858.95,3345.95,0,NORMAL
2026-09-09 16:16:48,MAITRI,-25.68,33.31,1012.82,63.81,400.0,69.56,0.19,90.0,24983.57,26.43,4998.84,19,NORMAL,NONE,NONE,NONE,945.11,3169.84,0,NORMAL
2026-09-09 16:16:48,BHARATI,-23.02,27.85,1002.52,68.22,400.0,67.97,0.19,90.0,24983.43,25.83,4998.85,22,NORMAL,NONE,NONE,NONE,967.28,2737.6,0,NORMAL
2026-09-09 16:16:53,MAITRI,-24.51,33.62,992.16,53.31,400.0,66.73,0.19,90.0,24983.53,25.36,4998.84,15,NORMAL,NONE,NONE,NONE,985.22,4015.13,0,NORMAL
2026-09-09 16:16:53,BHARATI,-25.22,33.89,1010.33,68.91,400.0,70.28,0.2,90.0,24983.39,26.71,4998.85,22,NORMAL,NONE,NONE,NONE,935.49,2737.59,0,NORMAL
2026-09-09 16:16:58,MAITRI,-24.49,41.22,999.93,72.98,400.0,70.71,0.2,90.0,24983.49,26.87,4998.83,25,NORMAL,NONE,NONE,NONE,929.78,2409.08,0,NORMAL
2026-09-09 16:16:58,BHARATI,-30.56,43.08,1009.52,79.57,400.0,74.29,0.21,90.0,24983.35,28.23,4998.85,18,NORMAL,NONE,NONE,NONE,884.97,3345.95,0,NORMAL
2026-09-09 16:17:03,MAITRI,-28.7,10.96,987.29,54.94,400.0,73.93,0.21,90.0,24983.46,28.09,4998.83,22,NORMAL,NONE,NONE,NONE,889.26,2737.58,0,NORMAL
2026-09-09 16:17:03,BHARATI,-22.24,51.1,986.44,76.57,400.0,98.62,0.19,90.0,24983.3,37.48,4998.84,23,ANOMALY,ANOMALY_GENERATOR_OVERLOAD,NONE,NONE,666.66,2618.57,55,WARNING
2026-09-09 16:17:08,MAITRI,-15.32,11.59,1000.44,50.05,400.0,57.08,0.16,90.0,24983.43,21.69,4998.83,15,NORMAL,NONE,NONE,NONE,1151.73,4015.12,0,NORMAL
2026-09-09 16:17:08,BHARATI,-28.09,10.73,991.16,74.41,400.0,73.69,0.2,90.0,24983.26,28.0,4998.84,23,NORMAL,NONE,NONE,NONE,892.16,2618.57,0,NORMAL
2026-09-09 16:17:13,MAITRI,-19.28,22.35,989.53,69.44,400.0,62.84,0.17,90.0,24983.39,23.88,4998.83,19,NORMAL,NONE,NONE,NONE,1046.26,3169.83,0,NORMAL
2026-09-09 16:17:13,BHARATI,-21.61,30.08,1000.95,56.38,400.0,71.29,0.2,90.0,24983.22,27.09,4998.84,34,NORMAL,NONE,NONE,NONE,922.17,1771.38,0,NORMAL
2026-09-09 16:17:18,MAITRI,-23.75,14.58,1008.11,53.49,400.0,66.34,0.18,90.0,24983.36,25.21,4998.82,16,NORMAL,NONE,NONE,NONE,991.04,3764.17,0,NORMAL
2026-09-09 16:17:18,BHARATI,-19.24,21.61,1011.77,62.32,400.0,62.01,0.17,90.0,24983.19,23.56,4998.83,17,NORMAL,NONE,NONE,NONE,1060.3,3542.76,0,NORMAL
2026-09-09 16:17:23,MAITRI,-17.39,25.2,1011.44,54.92,400.0,62.46,0.17,90.0,24983.32,23.73,4998.82,23,NORMAL,NONE,NONE,NONE,1052.63,2618.56,0,NORMAL
2026-09-09 16:17:23,BHARATI,-32.52,37.69,990.84,51.19,400.0,79.55,0.22,90.0,24983.15,30.23,4998.83,26,NORMAL,NONE,NONE,NONE,826.5,2316.42,0,NORMAL
2026-09-09 16:17:28,MAITRI,-32.84,29.96,999.93,60.46,400.0,76.68,0.21,90.0,24983.28,29.14,4998.82,18,NORMAL,NONE,NONE,NONE,857.41,3345.93,0,NORMAL
2026-09-09 16:17:28,BHARATI,-21.86,18.65,1006.48,50.19,400.0,69.96,0.19,90.0,24983.11,26.58,4998.83,30,NORMAL,NONE,NONE,NONE,939.81,2007.56,0,NORMAL
2026-09-09 16:17:33,MAITRI,-23.73,11.22,1013.64,50.02,400.0,73.12,0.2,90.0,24983.24,27.78,4998.82,33,NORMAL,NONE,NONE,NONE,899.18,1825.05,0,NORMAL
2026-09-09 16:17:33,BHARATI,-16.33,41.57,1010.12,79.77,400.0,64.94,0.18,90.0,24983.08,24.68,4998.82,32,NORMAL,NONE,NONE,NONE,1012.35,1882.09,0,NORMAL
2026-09-09 16:17:38,MAITRI,-16.16,24.74,1004.02,70.87,400.0,61.16,0.17,90.0,24983.21,23.24,4998.81,23,NORMAL,NONE,NONE,NONE,1074.9,2618.55,0,NORMAL
2026-09-09 16:17:38,BHARATI,-24.25,35.18,994.64,73.56,400.0,74.07,0.21,90.0,24983.04,28.15,4998.82,34,NORMAL,NONE,NONE,NONE,887.64,1771.38,0,NORMAL
2026-09-09 16:17:43,MAITRI,-20.38,13.26,1000.95,63.86,400.0,68.0,0.19,90.0,24983.18,25.84,4998.81,29,NORMAL,NONE,NONE,NONE,966.82,2076.78,0,NORMAL
2026-09-09 16:17:43,BHARATI,-39.41,45.06,985.67,72.39,400.0,92.45,0.25,90.0,24982.99,35.13,4998.82,30,ANOMALY,ANOMALY_GENERATOR_OVERLOAD,NONE,NONE,711.14,2007.56,65,WARNING
2026-09-09 16:17:48,MAITRI,-31.21,13.88,1000.11,71.11,400.0,78.57,0.22,90.0,24983.14,29.86,4998.81,27,NORMAL,NONE,NONE,NONE,836.8,2230.61,0,NORMAL
2026-09-09 16:17:48,BHARATI,-19.35,17.49,1006.67,59.69,400.0,67.31,0.19,90.0,24982.95,25.58,4998.81,30,NORMAL,NONE,NONE,NONE,976.7,2007.56,0,NORMAL
2026-09-09 16:17:53,MAITRI,-24.33,26.17,1003.69,61.43,400.0,69.75,0.19,90.0,24983.1,26.5,4998.8,23,NORMAL,NONE,NONE,NONE,942.63,2618.55,0,NORMAL
2026-09-09 16:17:53,BHARATI,-24.79,36.92,980.81,78.18,400.0,98.74,0.2,90.0,24982.9,37.52,4998.81,28,ANOMALY,ANOMALY_GENERATOR_OVERLOAD,NONE,NONE,665.81,2150.95,55,WARNING
2026-09-09 16:17:58,MAITRI,-25.66,34.15,1003.49,70.41,400.0,69.95,0.19,90.0,24983.06,26.58,4998.8,20,NORMAL,NONE,NONE,NONE,939.92,3011.33,0,NORMAL
2026-09-09 16:17:58,BHARATI,-28.68,32.57,989.76,73.46,400.0,73.91,0.21,90.0,24982.86,28.09,4998.81,22,NORMAL,NONE,NONE,NONE,889.52,2737.57,0,NORMAL
2026-09-09 16:18:03,MAITRI,-22.86,10.9,995.21,54.24,400.0,68.21,0.19,90.0,24983.03,25.92,4998.8,23,NORMAL,NONE,NONE,NONE,963.88,2618.54,0,NORMAL
2026-09-09 16:18:03,BHARATI,-19.25,12.7,993.52,60.93,400.0,61.61,0.17,90.0,24982.83,23.41,4998.81,16,NORMAL,NONE,NONE,NONE,1067.05,3764.16,0,NORMAL
2026-09-09 16:18:08,MAITRI,-36.29,69.46,961.59,92.78,0.0,97.86,0.24,55.64,24982.97,37.19,4998.8,31,DISASTER,ANOMALY_GENERATOR_OVERLOAD,NONE,DISASTER_BLIZZARD_EMERGENCY,671.85,1942.79,90,CRITICAL
2026-09-09 16:18:08,BHARATI,-15.74,10.98,992.09,77.65,400.0,62.32,0.17,90.0,24982.8,23.68,4998.8,27,NORMAL,NONE,NONE,NONE,1054.87,2230.61,0,NORMAL
2026-09-09 16:18:13,MAITRI,-18.09,40.08,985.94,73.34,400.0,60.4,0.17,90.0,24982.94,22.95,4998.79,16,NORMAL,NONE,NONE,NONE,1088.53,3764.15,0,NORMAL
2026-09-09 16:18:13,BHARATI,-16.75,33.96,989.95,51.77,400.0,58.99,0.16,90.0,24982.77,22.42,4998.8,16,NORMAL,NONE,NONE,NONE,1114.54,3764.16,0,NORMAL
2026-09-09 16:18:18,MAITRI,-18.06,17.32,1001.21,66.58,400.0,65.57,0.18,90.0,24982.91,24.92,4998.79,29,NORMAL,NONE,NONE,NONE,1002.71,2076.77,0,NORMAL
2026-09-09 16:18:18,BHARATI,-24.3,44.49,1013.39,71.6,400.0,72.51,0.2,90.0,24982.73,27.56,4998.8,30,NORMAL,NONE,NONE,NONE,906.63,2007.55,0,NORMAL
2026-09-09 16:18:23,MAITRI,-19.65,29.15,986.06,70.43,400.0,65.63,0.18,90.0,24982.87,24.94,4998.79,25,NORMAL,NONE,NONE,NONE,1001.67,2409.05,0,NORMAL
2026-09-09 16:18:23,BHARATI,-15.43,24.95,1012.17,51.17,400.0,64.4,0.18,90.0,24982.69,24.47,4998.79,33,NORMAL,NONE,NONE,NONE,1020.9,1825.04,0,NORMAL
2026-09-09 16:18:28,MAITRI,-24.77,53.62,988.46,71.09,400.0,97.15,0.2,90.0,24982.82,36.92,4998.78,29,ANOMALY,ANOMALY_GENERATOR_OVERLOAD,NONE,NONE,676.74,2076.77,55,WARNING
2026-09-09 16:18:28,BHARATI,-28.82,22.83,995.43,77.52,400.0,78.46,0.22,90.0,24982.65,29.81,4998.79,33,NORMAL,NONE,NONE,NONE,837.97,1825.04,0,NORMAL
2026-09-09 16:18:33,MAITRI,-31.26,53.93,987.0,86.17,400.0,95.93,0.23,90.0,24982.77,36.45,4998.78,34,ANOMALY,ANOMALY_GENERATOR_OVERLOAD,NONE,NONE,685.35,1771.36,55,WARNING
2026-09-09 16:18:33,BHARATI,-28.37,31.9,986.96,76.79,400.0,75.99,0.21,90.0,24982.61,28.87,4998.79,28,NORMAL,NONE,NONE,NONE,865.22,2150.94,0,NORMAL
2026-09-09 16:18:38,MAITRI,-42.47,66.37,959.31,89.97,0.0,85.29,0.25,59.41,24982.73,32.41,4998.78,30,DISASTER,NONE,NONE,DISASTER_BLIZZARD_EMERGENCY,770.84,2007.54,70,CRITICAL
2026-09-09 16:18:38,BHARATI,-35.97,65.41,953.65,97.13,0.0,97.6,0.22,55.72,24982.56,37.09,4998.79,15,DISASTER,ANOMALY_GENERATOR_OVERLOAD,NONE,DISASTER_BLIZZARD_EMERGENCY,673.59,4015.09,90,CRITICAL
2026-09-09 16:18:43,MAITRI,-19.8,20.63,997.13,68.75,400.0,67.39,0.19,90.0,24982.69,25.61,4998.77,29,NORMAL,NONE,NONE,NONE,975.64,2076.77,0,NORMAL
2026-09-09 16:18:43,BHARATI,-35.01,39.01,975.56,76.03,400.0,93.85,0.23,90.0,24982.51,35.66,4998.78,28,ANOMALY,ANOMALY_GENERATOR_OVERLOAD,NONE,NONE,700.53,2150.94,65,WARNING
2026-09-09 16:18:48,MAITRI,-25.15,36.57,989.06,79.88,400.0,95.08,0.2,90.0,24982.64,36.13,4998.77,23,ANOMALY,ANOMALY_GENERATOR_OVERLOAD,NONE,NONE,691.43,2618.53,55,WARNING
2026-09-09 16:18:48,BHARATI,-21.32,37.62,983.94,77.38,400.0,94.01,0.18,90.0,24982.46,35.72,4998.78,17,ANOMALY,ANOMALY_GENERATOR_OVERLOAD,NONE,NONE,699.31,3542.72,55,WARNING
2026-09-09 16:18:53,MAITRI,-15.87,27.44,1007.5,71.8,400.0,64.07,0.18,90.0,24982.61,24.35,4998.77,31,NORMAL,NONE,NONE,NONE,1026.17,1942.78,0,NORMAL
2026-09-09 16:18:53,BHARATI,-26.94,36.85,1008.62,71.5,400.0,69.69,0.19,90.0,24982.43,26.48,4998.78,16,NORMAL,NONE,NONE,NONE,943.39,3764.14,0,NORMAL
2026-09-09 16:18:58,MAITRI,-25.75,23.0,1007.97,51.16,400.0,69.24,0.19,90.0,24982.57,26.31,4998.77,18,NORMAL,NONE,NONE,NONE,949.5,3345.89,0,NORMAL
2026-09-09 16:18:58,BHARATI,-29.06,47.54,974.92,88.34,400.0,97.33,0.22,90.0,24982.37,36.99,4998.77,32,ANOMALY,ANOMALY_GENERATOR_OVERLOAD,NONE,NONE,675.45,1882.07,55,WARNING
2026-09-09 16:19:03,MAITRI,-15.99,38.07,989.38,65.84,400.0,63.79,0.18,90.0,24982.54,24.24,4998.76,30,NORMAL,NONE,NONE,NONE,1030.58,2007.53,0,NORMAL
2026-09-09 16:19:03,BHARATI,-26.9,24.12,1011.69,51.43,400.0,73.24,0.2,90.0,24982.34,27.83,4998.77,25,NORMAL,NONE,NONE,NONE,897.62,2409.05,0,NORMAL
2026-09-09 16:19:08,MAITRI,-38.24,44.58,980.3,71.93,400.0,94.14,0.25,90.0,24982.49,35.77,4998.76,34,ANOMALY,ANOMALY_GENERATOR_OVERLOAD,NONE,NONE,698.33,1771.35,65,WARNING
2026-09-09 16:19:08,BHARATI,-18.88,23.57,996.45,50.58,400.0,67.22,0.19,90.0,24982.3,25.55,4998.77,31,NORMAL,NONE,NONE,NONE,977.96,1942.78,0,NORMAL
2026-09-09 16:19:13,MAITRI,-33.27,47.88,975.28,78.54,400.0,98.45,0.21,90.0,24982.43,37.41,4998.76,15,ANOMALY,ANOMALY_GENERATOR_OVERLOAD,NONE,NONE,667.8,4015.07,55,WARNING
2026-09-09 16:19:13,BHARATI,-22.56,25.31,985.53,66.77,400.0,69.88,0.19,90.0,24982.26,26.56,4998.76,28,NORMAL,NONE,NONE,NONE,940.75,2150.93,0,NORMAL
2026-09-09 16:19:18,MAITRI,-28.34,20.77,985.62,65.27,400.0,74.36,0.21,90.0,24982.4,28.26,4998.75,24,NORMAL,NONE,NONE,NONE,884.17,2509.41,0,NORMAL
2026-09-09 16:19:18,BHARATI,-32.62,33.78,989.88,56.21,400.0,78.85,0.22,90.0,24982.22,29.96,4998.76,24,NORMAL,NONE,NONE,NONE,833.74,2509.42,0,NORMAL
2026-09-09 16:19:23,MAITRI,-17.56,15.33,1002.96,53.93,400.0,63.43,0.18,90.0,24982.36,24.1,4998.75,25,NORMAL,NONE,NONE,NONE,1036.4,2409.04,0,NORMAL
2026-09-09 16:19:23,BHARATI,-25.92,15.31,985.83,55.9,400.0,74.22,0.21,90.0,24982.18,28.2,4998.76,30,NORMAL,NONE,NONE,NONE,885.81,2007.53,0,NORMAL
2026-09-09 16:19:28,MAITRI,-16.38,17.9,1006.71,72.2,400.0,64.2,0.18,90.0,24982.33,24.4,4998.75,30,NORMAL,NONE,NONE,NONE,1023.99,2007.53,0,NORMAL
2026-09-09 16:19:28,BHARATI,-39.32,44.6,981.55,87.8,400.0,96.94,0.25,90.0,24982.13,36.84,4998.75,32,ANOMALY,ANOMALY_GENERATOR_OVERLOAD,NONE,NONE,678.17,1882.06,65,WARNING
2026-09-09 16:19:33,MAITRI,-32.38,34.35,1013.2,63.19,400.0,79.4,0.22,90.0,24982.29,30.17,4998.74,26,NORMAL,NONE,NONE,NONE,827.98,2316.38,0,NORMAL
2026-09-09 16:19:33,BHARATI,-34.46,13.85,988.05,75.35,400.0,81.58,0.23,90.0,24982.09,31.0,4998.75,26,NORMAL,NONE,NONE,NONE,805.81,2316.38,0,NORMAL
2026-09-09 16:19:38,MAITRI,-21.35,38.52,998.5,66.91,400.0,70.22,0.2,90.0,24982.25,26.68,4998.74,32,NORMAL,NONE,NONE,NONE,936.21,1882.06,0,NORMAL
2026-09-09 16:19:38,BHARATI,-26.27,51.54,982.79,77.1,400.0,98.6,0.19,90.0,24982.04,37.47,4998.75,18,ANOMALY,ANOMALY_GENERATOR_OVERLOAD,NONE,NONE,666.72,3345.88,55,WARNING
2026-09-09 16:19:43,MAITRI,-21.63,11.08,1011.16,73.01,400.0,63.72,0.18,90.0,24982.22,24.21,4998.74,15,NORMAL,NONE,NONE,NONE,1031.81,4015.05,0,NORMAL
2026-09-09 16:19:43,BHARATI,-25.32,37.61,1006.36,60.85,400.0,70.38,0.2,90.0,24982.0,26.75,4998.75,22,NORMAL,NONE,NONE,NONE,934.07,2737.54,0,NORMAL
2026-09-09 16:19:48,MAITRI,-31.5,28.52,991.64,60.17,400.0,80.07,0.22,90.0,24982.17,30.43,4998.74,30,NORMAL,NONE,NONE,NONE,821.05,2007.52,0,NORMAL
2026-09-09 16:19:48,BHARATI,-21.88,37.18,997.16,58.0,400.0,67.98,0.19,90.0,24981.96,25.83,4998.74,25,NORMAL,NONE,NONE,NONE,967.09,2409.03,0,NORMAL
2026-09-09 16:19:53,MAITRI,-28.8,10.34,1002.02,62.65,400.0,77.64,0.22,90.0,24982.13,29.5,4998.73,31,NORMAL,NONE,NONE,NONE,846.77,1942.76,0,NORMAL
2026-09-09 16:19:53,BHARATI,-29.48,10.13,998.61,78.25,400.0,77.96,0.22,90.0,24981.92,29.62,4998.74,30,NORMAL,NONE,NONE,NONE,843.3,2007.53,0,NORMAL
2026-09-09 16:19:58,MAITRI,-28.11,40.29,987.68,86.14,400.0,96.78,0.2,90.0,24982.08,36.78,4998.73,18,ANOMALY,ANOMALY_GENERATOR_OVERLOAD,NONE,NONE,679.28,3345.87,55,WARNING
2026-09-09 16:19:58,BHARATI,-39.21,38.14,988.97,80.5,400.0,96.52,0.24,90.0,24981.87,36.68,4998.74,29,ANOMALY,ANOMALY_GENERATOR_OVERLOAD,NONE,NONE,681.09,2076.75,65,WARNING
2026-09-09 16:20:03,MAITRI,-21.3,24.04,1002.31,72.05,400.0,68.17,0.19,90.0,24982.04,25.9,4998.73,27,NORMAL,NONE,NONE,NONE,964.39,2230.58,0,NORMAL
2026-09-09 16:20:03,BHARATI,-32.38,16.76,989.54,61.42,400.0,82.6,0.23,90.0,24981.83,31.39,4998.73,34,NORMAL,NONE,NONE,NONE,795.91,1771.34,0,NORMAL
2026-09-09 16:20:08,MAITRI,-22.53,44.3,992.51,58.91,400.0,67.46,0.19,90.0,24982.01,25.63,4998.72,22,NORMAL,NONE,NONE,NONE,974.57,2737.53,0,NORMAL
2026-09-09 16:20:08,BHARATI,-29.99,22.94,1003.2,77.32,400.0,76.49,0.21,90.0,24981.79,29.07,4998.73,25,NORMAL,NONE,NONE,NONE,859.46,2409.03,0,NORMAL
2026-09-09 16:20:13,MAITRI,-31.62,24.13,999.79,63.47,400.0,77.0,0.21,90.0,24981.97,29.26,4998.72,22,NORMAL,NONE,NONE,NONE,853.75,2737.53,0,NORMAL
2026-09-09 16:20:13,BHARATI,-32.18,28.49,1008.87,68.54,400.0,80.39,0.22,90.0,24981.74,30.55,4998.73,29,NORMAL,NONE,NONE,NONE,817.79,2076.75,0,NORMAL
2026-09-09 16:20:18,MAITRI,-23.62,21.56,999.71,53.48,400.0,67.4,0.19,90.0,24981.93,25.61,4998.72,19,NORMAL,NONE,NONE,NONE,975.37,3169.76,0,NORMAL
2026-09-09 16:20:18,BHARATI,-19.4,39.51,1004.87,71.4,400.0,68.17,0.19,90.0,24981.71,25.9,4998.72,32,NORMAL,NONE,NONE,NONE,964.44,1882.05,0,NORMAL
2026-09-09 16:20:23,MAITRI,-21.51,29.12,990.05,79.2,400.0,66.39,0.18,90.0,24981.9,25.23,4998.72,22,NORMAL,NONE,NONE,NONE,990.28,2737.52,0,NORMAL
2026-09-09 16:20:23,BHARATI,-28.37,24.1,1006.15,52.69,400.0,73.59,0.2,90.0,24981.67,27.96,4998.72,22,NORMAL,NONE,NONE,NONE,893.32,2737.53,0,NORMAL
2026-09-09 16:20:28,MAITRI,-25.71,40.1,991.23,56.14,400.0,71.99,0.2,90.0,24981.86,27.36,4998.71,25,NORMAL,NONE,NONE,NONE,913.15,2409.02,0,NORMAL
2026-09-09 16:20:28,BHARATI,-24.62,38.74,984.75,75.87,400.0,96.51,0.19,90.0,24981.62,36.67,4998.72,20,ANOMALY,ANOMALY_GENERATOR_OVERLOAD,NONE,NONE,681.18,3011.28,55,WARNING
2026-09-09 16:20:33,MAITRI,-23.66,16.0,997.72,73.36,400.0,67.44,0.19,90.0,24981.82,25.63,4998.71,19,NORMAL,NONE,NONE,NONE,974.76,3169.76,0,NORMAL
2026-09-09 16:20:33,BHARATI,-28.86,41.74,987.02,60.24,400.0,73.3,0.2,90.0,24981.58,27.85,4998.72,20,NORMAL,NONE,NONE,NONE,896.85,3011.28,0,NORMAL
2026-09-09 16:20:38,MAITRI,-25.42,37.26,993.49,78.69,400.0,68.89,0.19,90.0,24981.79,26.18,4998.71,18,NORMAL,NONE,NONE,NONE,954.29,3345.86,0,NORMAL
2026-09-09 16:20:38,BHARATI,-32.9,35.71,1013.05,50.92,400.0,80.35,0.22,90.0,24981.54,30.53,4998.71,27,NORMAL,NONE,NONE,NONE,818.2,2230.57,0,NORMAL
2026-09-09 16:20:43,MAITRI,-30.4,35.11,973.78,72.69,400.0,97.47,0.21,90.0,24981.74,37.04,4998.71,23,ANOMALY,ANOMALY_GENERATOR_OVERLOAD,NONE,NONE,674.47,2618.49,55,WARNING
2026-09-09 16:20:43,BHARATI,-26.61,37.4,1010.26,67.58,400.0,74.94,0.21,90.0,24981.5,28.48,4998.71,30,NORMAL,NONE,NONE,NONE,877.21,2007.51,0,NORMAL
2026-09-09 16:20:48,MAITRI,-33.68,45.67,975.69,75.72,400.0,93.31,0.23,90.0,24981.69,35.46,4998.7,28,ANOMALY,ANOMALY_GENERATOR_OVERLOAD,NONE,NONE,704.56,2150.91,55,WARNING
2026-09-09 16:20:48,BHARATI,-29.71,49.99,986.54,72.14,400.0,96.51,0.21,90.0,24981.45,36.67,4998.71,21,ANOMALY,ANOMALY_GENERATOR_OVERLOAD,NONE,NONE,681.21,2867.88,55,WARNING
2026-09-09 16:20:53,MAITRI,-30.68,16.87,1001.74,51.4,400.0,74.01,0.21,90.0,24981.65,28.13,4998.7,17,NORMAL,NONE,NONE,NONE,888.23,3542.67,0,NORMAL
2026-09-09 16:20:53,BHARATI,-31.96,34.37,988.51,67.22,400.0,78.56,0.22,90.0,24981.41,29.85,4998.7,25,NORMAL,NONE,NONE,NONE,836.83,2409.01,0,NORMAL
2026-09-09 16:20:59,MAITRI,-25.33,35.06,1014.46,62.77,400.0,69.2,0.19,90.0,24981.61,26.3,4998.7,19,NORMAL,NONE,NONE,NONE,950.03,3169.75,0,NORMAL
2026-09-09 16:20:59,BHARATI,-21.71,36.85,995.94,67.44,400.0,68.59,0.19,90.0,24981.37,26.07,4998.7,27,NORMAL,NONE,NONE,NONE,958.41,2230.57,0,NORMAL
2026-09-09 16:21:04,MAITRI,-31.74,23.06,998.9,62.44,400.0,78.73,0.22,90.0,24981.57,29.92,4998.7,26,NORMAL,NONE,NONE,NONE,835.04,2316.36,0,NORMAL
2026-09-09 16:21:04,BHARATI,-26.18,10.56,987.1,70.91,400.0,74.08,0.21,90.0,24981.33,28.15,4998.7,29,NORMAL,NONE,NONE,NONE,887.37,2076.73,0,NORMAL
2026-09-09 16:21:09,MAITRI,-32.59,44.12,1009.0,51.53,400.0,82.82,0.23,90.0,24981.53,31.47,4998.69,34,NORMAL,NONE,NONE,NONE,793.78,1771.33,0,NORMAL
2026-09-09 16:21:09,BHARATI,-27.35,24.68,1011.23,64.85,400.0,74.52,0.21,90.0,24981.29,28.32,4998.7,27,NORMAL,NONE,NONE,NONE,882.17,2230.56,0,NORMAL
2026-09-09 16:21:14,MAITRI,-30.69,16.45,1008.95,74.27,400.0,75.63,0.21,90.0,24981.49,28.74,4998.69,21,NORMAL,NONE,NONE,NONE,869.3,2867.87,0,NORMAL
2026-09-09 16:21:14,BHARATI,-16.75,19.42,1002.47,76.77,400.0,63.79,0.18,90.0,24981.26,24.24,4998.69,28,NORMAL,NONE,NONE,NONE,1030.59,2150.9,0,NORMAL
2026-09-09 16:21:19,MAITRI,-26.01,44.45,991.15,57.17,400.0,72.71,0.2,90.0,24981.45,27.63,4998.69,26,NORMAL,NONE,NONE,NONE,904.14,2316.35,0,NORMAL
2026-09-09 16:21:19,BHARATI,-30.32,18.48,986.68,57.86,400.0,78.44,0.22,90.0,24981.22,29.81,4998.69,29,NORMAL,NONE,NONE,NONE,838.1,2076.73,0,NORMAL
2026-09-09 16:21:24,MAITRI,-17.11,36.88,1011.17,67.32,400.0,59.77,0.17,90.0,24981.42,22.71,4998.69,17,NORMAL,NONE,NONE,NONE,1099.89,3542.65,0,NORMAL
2026-09-09 16:21:24,BHARATI,-19.38,12.18,998.34,67.68,400.0,61.75,0.17,90.0,24981.18,23.46,4998.69,16,NORMAL,NONE,NONE,NONE,1064.64,3764.07,0,NORMAL
2026-09-09 16:21:29,MAITRI,-35.83,73.97,964.12,95.3,0.0,96.62,0.23,56.01,24981.37,36.72,4998.68,23,DISASTER,ANOMALY_GENERATOR_OVERLOAD,NONE,DISASTER_BLIZZARD_EMERGENCY,680.38,2618.48,90,CRITICAL
2026-09-09 16:21:29,BHARATI,-28.76,12.38,997.09,70.5,400.0,72.39,0.2,90.0,24981.15,27.51,4998.68,18,NORMAL,NONE,NONE,NONE,908.1,3345.84,0,NORMAL
2026-09-09 16:21:34,MAITRI,-34.7,23.3,986.93,71.18,400.0,82.64,0.23,90.0,24981.32,31.4,4998.68,28,NORMAL,NONE,NONE,NONE,795.53,2150.89,0,NORMAL
2026-09-09 16:21:34,BHARATI,-22.92,10.24,991.05,52.48,400.0,69.87,0.19,90.0,24981.11,26.55,4998.68,27,NORMAL,NONE,NONE,NONE,940.89,2230.56,0,NORMAL
2026-09-09 16:21:39,MAITRI,-33.77,13.52,1011.72,59.44,400.0,80.86,0.22,90.0,24981.28,30.73,4998.68,26,NORMAL,NONE,NONE,NONE,813.04,2316.35,0,NORMAL
2026-09-09 16:21:39,BHARATI,-34.25,36.61,993.35,78.69,400.0,80.16,0.22,90.0,24981.07,30.46,4998.68,23,NORMAL,NONE,NONE,NONE,820.06,2618.48,0,NORMAL
2026-09-09 16:21:44,MAITRI,-30.08,37.66,988.28,70.15,400.0,78.59,0.22,90.0,24981.24,29.86,4998.67,30,NORMAL,NONE,NONE,NONE,836.53,2007.5,0,NORMAL
2026-09-09 16:21:44,BHARATI,-32.13,34.72,998.71,74.55,400.0,74.74,0.21,90.0,24981.03,28.4,4998.68,15,NORMAL,NONE,NONE,NONE,879.6,4015.0,0,NORMAL
2026-09-09 16:21:49,MAITRI,-32.12,23.04,986.56,61.44,400.0,74.73,0.21,90.0,24981.2,28.4,4998.67,15,NORMAL,NONE,NONE,NONE,879.73,4015.0,0,NORMAL
2026-09-09 16:21:49,BHARATI,-27.06,38.1,1002.6,65.5,400.0,74.21,0.21,90.0,24980.99,28.2,4998.67,27,NORMAL,NONE,NONE,NONE,885.85,2230.56,0,NORMAL
2026-09-09 16:21:54,MAITRI,-22.4,13.22,1000.68,56.16,400.0,68.12,0.19,90.0,24981.16,25.89,4998.67,24,NORMAL,NONE,NONE,NONE,965.01,2509.37,0,NORMAL
2026-09-09 16:21:54,BHARATI,-33.68,23.42,996.49,50.21,400.0,82.36,0.23,90.0,24980.94,31.3,4998.67,30,NORMAL,NONE,NONE,NONE,798.21,2007.5,0,NORMAL
2026-09-09 16:21:59,MAITRI,-22.65,35.39,999.74,51.82,400.0,67.98,0.19,90.0,24981.13,25.83,4998.67,23,NORMAL,NONE,NONE,NONE,967.02,2618.47,0,NORMAL
2026-09-09 16:21:59,BHARATI,-31.32,40.85,992.69,75.85,400.0,77.08,0.21,90.0,24980.9,29.29,4998.67,23,NORMAL,NONE,NONE,NONE,852.85,2618.47,0,NORMAL
2026-09-09 16:22:04,MAITRI,-28.08,43.76,995.31,53.91,400.0,73.68,0.2,90.0,24981.09,28.0,4998.66,23,NORMAL,NONE,NONE,NONE,892.25,2618.47,0,NORMAL
2026-09-09 16:22:04,BHARATI,-34.33,40.34,985.93,66.38,400.0,82.25,0.23,90.0,24980.86,31.26,4998.66,28,NORMAL,NONE,NONE,NONE,799.26,2150.89,0,NORMAL
2026-09-09 16:22:09,MAITRI,-34.12,26.89,986.83,76.56,400.0,77.22,0.21,90.0,24981.05,29.34,4998.66,16,NORMAL,NONE,NONE,NONE,851.31,3764.05,0,NORMAL
2026-09-09 16:22:09,BHARATI,-27.17,58.56,986.66,76.21,400.0,97.19,0.21,90.0,24980.81,36.93,4998.66,28,ANOMALY,ANOMALY_GENERATOR_OVERLOAD,NONE,NONE,676.39,2150.89,55,WARNING
2026-09-09 16:22:14,MAITRI,-35.71,57.09,962.59,95.44,0.0,87.33,0.24,58.8,24981.0,33.19,4998.66,32,DISASTER,NONE,NONE,DISASTER_BLIZZARD_EMERGENCY,752.73,1882.02,70,CRITICAL
2026-09-09 16:22:14,BHARATI,-31.85,17.92,992.33,61.26,400.0,79.64,0.22,90.0,24980.77,30.26,4998.66,28,NORMAL,NONE,NONE,NONE,825.46,2150.89,0,NORMAL
2026-09-09 16:22:19,MAITRI,-31.68,44.66,999.89,75.37,400.0,75.87,0.21,90.0,24980.96,28.83,4998.66,19,NORMAL,NONE,NONE,NONE,866.53,3169.72,0,NORMAL
2026-09-09 16:22:19,BHARATI,-17.71,23.51,1009.82,72.03,400.0,64.8,0.18,90.0,24980.73,24.62,4998.66,28,NORMAL,NONE,NONE,NONE,1014.55,2150.88,0,NORMAL
2026-09-09 16:22:24,MAITRI,-28.38,43.73,985.36,57.57,400.0,77.19,0.21,90.0,24980.92,29.33,4998.65,31,NORMAL,NONE,NONE,NONE,851.61,1942.73,0,NORMAL
2026-09-09 16:22:24,BHARATI,-34.49,26.88,1001.36,75.66,400.0,77.61,0.22,90.0,24980.69,29.49,4998.65,16,NORMAL,NONE,NONE,NONE,847.0,3764.05,0,NORMAL
2026-09-09 16:22:29,MAITRI,-22.24,43.63,988.7,79.89,400.0,69.95,0.19,90.0,24980.88,26.58,4998.65,29,NORMAL,NONE,NONE,NONE,939.8,2076.71,0,NORMAL
2026-09-09 16:22:29,BHARATI,-26.88,44.44,973.36,85.63,400.0,94.31,0.21,90.0,24980.64,35.84,4998.65,34,ANOMALY,ANOMALY_GENERATOR_OVERLOAD,NONE,NONE,697.01,1771.31,55,WARNING
2026-09-09 16:22:34,MAITRI,-20.33,11.65,989.62,73.75,400.0,67.55,0.19,90.0,24980.85,25.67,4998.65,28,NORMAL,NONE,NONE,NONE,973.22,2150.88,0,NORMAL
2026-09-09 16:22:34,BHARATI,-24.49,28.95,1008.36,55.7,400.0,69.11,0.19,90.0,24980.61,26.26,4998.65,21,NORMAL,NONE,NONE,NONE,951.19,2867.84,0,NORMAL
2026-09-09 16:22:39,MAITRI,-37.6,49.49,983.94,85.16,400.0,94.22,0.24,90.0,24980.8,35.8,4998.64,33,ANOMALY,ANOMALY_GENERATOR_OVERLOAD,NONE,NONE,697.73,1824.99,65,WARNING
2026-09-09 16:22:39,BHARATI,-31.96,39.35,1006.76,62.6,400.0,77.76,0.22,90.0,24980.56,29.55,4998.64,23,NORMAL,NONE,NONE,NONE,845.42,2618.46,0,NORMAL
2026-09-09 16:22:44,MAITRI,-20.78,24.01,1014.55,62.96,400.0,65.22,0.18,90.0,24980.76,24.78,4998.64,21,NORMAL,NONE,NONE,NONE,1008.0,2867.84,0,NORMAL
2026-09-09 16:22:44,BHARATI,-44.16,67.58,974.46,96.37,0.0,93.47,0.25,56.96,24980.52,35.52,4998.64,18,DISASTER,ANOMALY_GENERATOR_OVERLOAD,NONE,DISASTER_BLIZZARD_EMERGENCY,703.34,3345.81,90,CRITICAL
2026-09-09 16:22:49,MAITRI,-39.53,64.83,959.25,87.7,0.0,91.29,0.25,57.61,24980.72,34.69,4998.63,34,DISASTER,ANOMALY_GENERATOR_OVERLOAD,NONE,DISASTER_BLIZZARD_EMERGENCY,720.15,1771.31,90,CRITICAL
2026-09-09 16:22:49,BHARATI,-20.05,11.45,990.51,76.83,400.0,66.85,0.19,90.0,24980.48,25.4,4998.64,27,NORMAL,NONE,NONE,NONE,983.37,2230.54,0,NORMAL
2026-09-09 16:22:54,MAITRI,-22.93,41.85,991.18,78.47,400.0,93.82,0.19,90.0,24980.67,35.65,4998.63,19,ANOMALY,ANOMALY_GENERATOR_OVERLOAD,NONE,NONE,700.68,3169.71,55,WARNING
2026-09-09 16:22:54,BHARATI,-20.72,18.53,992.1,51.06,400.0,69.16,0.19,90.0,24980.44,26.28,4998.64,31,NORMAL,NONE,NONE,NONE,950.57,1942.73,0,NORMAL
2026-09-09 16:22:59,MAITRI,-28.51,23.74,1003.09,66.25,400.0,74.14,0.21,90.0,24980.63,28.17,4998.63,23,NORMAL,NONE,NONE,NONE,886.73,2618.45,0,NORMAL
2026-09-09 16:22:59,BHARATI,-32.9,22.63,1002.43,72.66,400.0,83.15,0.23,90.0,24980.4,31.6,4998.63,34,NORMAL,NONE,NONE,NONE,790.63,1771.31,0,NORMAL
2026-09-09 16:23:04,MAITRI,-15.61,32.59,986.55,67.34,400.0,60.19,0.17,90.0,24980.59,22.87,4998.63,22,NORMAL,NONE,NONE,NONE,1092.26,2737.47,0,NORMAL
2026-09-09 16:23:04,BHARATI,-31.12,19.39,989.47,79.77,400.0,74.87,0.21,90.0,24980.36,28.45,4998.63,18,NORMAL,NONE,NONE,NONE,877.97,3345.8,0,NORMAL
2026-09-09 16:23:09,MAITRI,-25.05,34.53,1008.82,71.66,400.0,69.7,0.19,90.0,24980.56,26.49,4998.63,21,NORMAL,NONE,NONE,NONE,943.09,2867.83,0,NORMAL
2026-09-09 16:23:09,BHARATI,-25.28,45.84,987.98,81.16,400.0,94.15,0.2,90.0,24980.31,35.78,4998.63,28,ANOMALY,ANOMALY_GENERATOR_OVERLOAD,NONE,NONE,698.21,2150.87,55,WARNING
2026-09-09 16:23:11,MAITRI,-16.73,35.78,991.25,70.31,400.0,63.77,0.18,90.0,24999.97,24.23,5000.0,28,NORMAL,NONE,NONE,NONE,1031.68,2151.46,0,NORMAL
2026-09-09 16:23:11,BHARATI,-17.37,32.06,988.7,72.22,400.0,60.04,0.17,90.0,24999.97,22.82,5000.0,17,NORMAL,NONE,NONE,NONE,1095.7,3543.58,0,NORMAL
2026-09-09 16:23:14,MAITRI,-31.89,16.26,997.81,63.99,400.0,80.89,0.22,90.0,24980.52,30.74,4998.62,31,NORMAL,NONE,NONE,NONE,812.7,1942.72,0,NORMAL
2026-09-09 16:23:14,BHARATI,-32.07,16.88,1011.39,64.68,400.0,78.27,0.22,90.0,24980.27,29.74,4998.62,24,NORMAL,NONE,NONE,NONE,839.84,2509.35,0,NORMAL
2026-09-09 16:23:16,MAITRI,-33.47,18.77,1004.52,55.69,400.0,78.94,0.22,90.0,24999.92,30.0,4999.99,22,NORMAL,NONE,NONE,NONE,833.38,2738.22,0,NORMAL
2026-09-09 16:23:16,BHARATI,-20.09,19.38,1005.79,77.01,400.0,68.1,0.19,90.0,24999.93,25.88,4999.99,30,NORMAL,NONE,NONE,NONE,966.11,2008.03,0,NORMAL
2026-09-09 16:23:19,MAITRI,-18.97,21.11,992.7,66.64,400.0,66.12,0.18,90.0,24980.48,25.12,4998.62,28,NORMAL,NONE,NONE,NONE,994.25,2150.87,0,NORMAL
2026-09-09 16:23:19,BHARATI,-25.81,49.15,985.3,75.44,400.0,95.1,0.19,90.0,24980.22,36.14,4998.62,17,ANOMALY,ANOMALY_GENERATOR_OVERLOAD,NONE,NONE,691.27,3542.61,55,WARNING
2026-09-09 16:23:21,MAITRI,-26.64,37.02,1011.0,70.17,400.0,71.78,0.2,90.0,24999.89,27.27,4999.99,22,NORMAL,NONE,NONE,NONE,916.59,2738.22,0,NORMAL
2026-09-09 16:23:21,BHARATI,-16.02,28.78,990.07,70.91,400.0,62.22,0.17,90.0,24999.9,23.64,4999.99,26,NORMAL,NONE,NONE,NONE,1057.39,2316.96,0,NORMAL
2026-09-09 16:23:24,MAITRI,-15.7,19.44,999.23,67.58,400.0,65.08,0.18,90.0,24980.45,24.73,4998.61,34,NORMAL,NONE,NONE,NONE,1010.1,1771.3,0,NORMAL
2026-09-09 16:23:24,BHARATI,-31.91,31.12,990.42,57.53,400.0,78.51,0.22,90.0,24980.18,29.83,4998.62,25,NORMAL,NONE,NONE,NONE,837.34,2408.97,0,NORMAL
2026-09-09 16:23:26,MAITRI,-25.31,44.08,1014.65,74.85,400.0,70.38,0.2,90.0,24999.85,26.74,4999.99,22,NORMAL,NONE,NONE,NONE,934.82,2738.22,0,NORMAL
2026-09-09 16:23:26,BHARATI,-27.28,31.98,1001.49,62.64,400.0,76.05,0.21,90.0,24999.86,28.9,4999.99,31,NORMAL,NONE,NONE,NONE,865.1,1943.25,0,NORMAL
2026-09-09 16:23:29,MAITRI,-27.12,35.83,987.02,78.2,400.0,74.68,0.21,90.0,24980.41,28.38,4998.61,28,NORMAL,NONE,NONE,NONE,880.25,2150.87,0,NORMAL
2026-09-09 16:23:29,BHARATI,-34.32,24.47,992.91,62.68,400.0,81.83,0.23,90.0,24980.13,31.1,4998.62,27,NORMAL,NONE,NONE,NONE,803.32,2230.53,0,NORMAL
2026-09-09 16:23:31,MAITRI,-16.68,33.24,1002.39,69.76,400.0,60.92,0.17,90.0,24999.82,23.15,4999.99,21,NORMAL,NONE,NONE,NONE,1080.01,2868.61,0,NORMAL
2026-09-09 16:23:31,BHARATI,-22.44,57.91,981.42,72.35,400.0,95.23,0.19,90.0,24999.81,36.19,4999.98,28,ANOMALY,ANOMALY_GENERATOR_OVERLOAD,NONE,NONE,690.86,2151.46,55,WARNING
2026-09-09 16:23:34,MAITRI,-34.9,42.14,987.63,59.48,400.0,81.64,0.23,90.0,24980.36,31.02,4998.61,25,NORMAL,NONE,NONE,NONE,805.21,2408.97,0,NORMAL
2026-09-09 16:23:34,BHARATI,-15.83,42.22,995.19,57.91,400.0,62.83,0.17,90.0,24980.1,23.87,4998.61,28,NORMAL,NONE,NONE,NONE,1046.35,2150.87,0,NORMAL
2026-09-09 16:23:39,MAITRI,-26.18,15.65,1012.99,71.35,400.0,70.48,0.2,90.0,24980.33,26.78,4998.61,20,NORMAL,NONE,NONE,NONE,932.66,3011.21,0,NORMAL
2026-09-09 16:23:39,BHARATI,-35.75,48.71,980.84,88.28,400.0,97.15,0.22,90.0,24980.05,36.92,4998.61,20,ANOMALY,ANOMALY_GENERATOR_OVERLOAD,NONE,NONE,676.66,3011.21,65,WARNING
2026-09-09 16:23:44,MAITRI,-32.05,36.02,996.55,51.51,400.0,81.85,0.23,90.0,24980.28,31.1,4998.6,33,NORMAL,NONE,NONE,NONE,803.11,1824.97,0,NORMAL
2026-09-09 16:23:44,BHARATI,-18.57,36.15,1010.51,61.84,400.0,66.1,0.18,90.0,24980.01,25.12,4998.61,29,NORMAL,NONE,NONE,NONE,994.53,2076.7,0,NORMAL
2026-09-09 16:23:49,MAITRI,-34.23,19.22,1007.79,62.27,400.0,83.74,0.23,90.0,24980.24,31.82,4998.6,32,NORMAL,NONE,NONE,NONE,785.04,1882.0,0,NORMAL
2026-09-09 16:23:49,BHARATI,-32.5,15.67,997.08,66.95,400.0,81.52,0.23,90.0,24979.97,30.98,4998.6,31,NORMAL,NONE,NONE,NONE,806.34,1942.71,0,NORMAL
2026-09-09 16:23:54,MAITRI,-27.47,12.06,1008.85,76.84,400.0,72.65,0.2,90.0,24980.2,27.61,4998.6,22,NORMAL,NONE,NONE,NONE,904.9,2737.46,0,NORMAL
2026-09-09 16:23:54,BHARATI,-15.76,36.63,991.08,64.63,400.0,59.55,0.17,90.0,24979.94,22.63,4998.6,20,NORMAL,NONE,NONE,NONE,1103.95,3011.21,0,NORMAL
2026-09-09 16:23:59,MAITRI,-20.77,34.15,993.12,61.46,400.0,66.01,0.18,90.0,24980.17,25.09,4998.59,23,NORMAL,NONE,NONE,NONE,995.81,2618.44,0,NORMAL
2026-09-09 16:23:59,BHARATI,-22.19,29.74,994.98,59.09,400.0,68.69,0.19,90.0,24979.9,26.1,4998.6,26,NORMAL,NONE,NONE,NONE,956.94,2316.31,0,NORMAL
2026-09-09 16:24:04,MAITRI,-24.25,37.17,1014.26,60.94,400.0,67.27,0.19,90.0,24980.13,25.56,4998.59,17,NORMAL,NONE,NONE,NONE,977.25,3542.59,0,NORMAL
2026-09-09 16:24:04,BHARATI,-15.77,39.56,989.69,59.29,400.0,63.16,0.18,90.0,24979.87,24.0,4998.59,29,NORMAL,NONE,NONE,NONE,1040.8,2076.69,0,NORMAL
2026-09-09 16:24:09,MAITRI,-28.77,28.6,1008.4,50.52,400.0,75.61,0.21,90.0,24980.09,28.73,4998.59,26,NORMAL,NONE,NONE,NONE,869.39,2316.31,0,NORMAL
2026-09-09 16:24:09,BHARATI,-33.84,40.92,992.05,59.09,400.0,79.73,0.22,90.0,24979.83,30.3,4998.59,23,NORMAL,NONE,NONE,NONE,824.49,2618.43,0,NORMAL
2026-09-09 16:24:14,MAITRI,-18.95,31.51,986.7,71.61,400.0,66.1,0.18,90.0,24980.06,25.12,4998.59,28,NORMAL,NONE,NONE,NONE,994.51,2150.85,0,NORMAL
2026-09-09 16:24:14,BHARATI,-23.19,12.15,989.62,51.45,400.0,71.34,0.2,90.0,24979.79,27.11,4998.59,30,NORMAL,NONE,NONE,NONE,921.39,2007.47,0,NORMAL
2026-09-09 16:24:19,MAITRI,-23.09,54.11,976.33,86.27,400.0,97.17,0.18,90.0,24980.0,36.92,4998.58,15,ANOMALY,ANOMALY_GENERATOR_OVERLOAD,NONE,NONE,676.53,4014.93,55,WARNING
2026-09-09 16:24:19,BHARATI,-29.88,29.03,988.21,56.07,400.0,79.57,0.22,90.0,24979.75,30.24,4998.58,33,NORMAL,NONE,NONE,NONE,826.1,1824.97,0,NORMAL
2026-09-09 16:24:24,MAITRI,-20.38,15.17,1010.55,57.25,400.0,64.8,0.18,90.0,24979.97,24.62,4998.58,21,NORMAL,NONE,NONE,NONE,1014.5,2867.8,0,NORMAL
2026-09-09 16:24:24,BHARATI,-30.64,40.71,998.18,67.86,400.0,75.98,0.21,90.0,24979.71,28.87,4998.58,22,NORMAL,NONE,NONE,NONE,865.23,2737.45,0,NORMAL
2026-09-09 16:24:29,MAITRI,-37.22,71.53,950.99,86.64,0.0,88.06,0.24,58.58,24979.92,33.46,4998.58,32,DISASTER,NONE,NONE,DISASTER_BLIZZARD_EMERGENCY,746.5,1881.99,70,CRITICAL
2026-09-09 16:24:29,BHARATI,-33.04,56.34,978.16,74.37,400.0,93.13,0.23,90.0,24979.66,35.39,4998.58,32,ANOMALY,ANOMALY_GENERATOR_OVERLOAD,NONE,NONE,705.89,1881.99,55,WARNING
2026-09-09 16:24:34,MAITRI,-16.03,27.27,1006.1,73.65,400.0,63.43,0.18,90.0,24979.89,24.1,4998.57,29,NORMAL,NONE,NONE,NONE,1036.34,2076.68,0,NORMAL
2026-09-09 16:24:34,BHARATI,-25.03,34.57,988.6,64.07,400.0,69.28,0.19,90.0,24979.62,26.33,4998.58,20,NORMAL,NONE,NONE,NONE,948.79,3011.19,0,NORMAL
2026-09-09 16:24:39,MAITRI,-44.07,70.62,972.86,94.55,0.0,95.21,0.25,56.44,24979.84,36.18,4998.57,24,DISASTER,ANOMALY_GENERATOR_OVERLOAD,NONE,DISASTER_BLIZZARD_EMERGENCY,690.46,2509.32,90,CRITICAL
2026-09-09 16:24:39,BHARATI,-34.31,43.3,993.64,61.27,400.0,81.43,0.23,90.0,24979.58,30.94,4998.57,26,NORMAL,NONE,NONE,NONE,807.28,2316.3,0,NORMAL
2026-09-09 16:24:41,MAITRI,-15.7,15.03,988.76,52.76,400.0,59.89,0.17,90.0,24999.97,22.76,5000.0,21,NORMAL,NONE,NONE,NONE,1098.53,2868.62,0,NORMAL
2026-09-09 16:24:41,BHARATI,-17.24,15.05,1000.52,78.17,400.0,59.9,0.17,90.0,24999.97,22.76,5000.0,17,NORMAL,NONE,NONE,NONE,1098.32,3543.58,0,NORMAL
2026-09-09 16:24:44,MAITRI,-25.29,53.52,982.01,84.72,400.0,95.11,0.21,90.0,24979.79,36.14,4998.57,33,ANOMALY,ANOMALY_GENERATOR_OVERLOAD,NONE,NONE,691.17,1824.96,55,WARNING
2026-09-09 16:24:44,BHARATI,-23.72,38.85,995.66,52.88,400.0,66.31,0.18,90.0,24979.55,25.2,4998.57,16,NORMAL,NONE,NONE,NONE,991.33,3763.98,0,NORMAL
2026-09-09 16:24:46,MAITRI,-20.43,58.92,992.46,71.03,400.0,93.54,0.17,90.0,24999.92,35.54,5000.0,16,ANOMALY,ANOMALY_GENERATOR_OVERLOAD,NONE,NONE,703.34,3765.06,55,WARNING
2026-09-09 16:24:46,BHARATI,-21.45,13.73,997.91,70.5,400.0,68.72,0.19,90.0,24999.93,26.11,4999.99,28,NORMAL,NONE,NONE,NONE,957.33,2151.46,0,NORMAL
2026-09-09 16:24:49,MAITRI,-28.83,17.05,989.78,67.04,400.0,78.87,0.22,90.0,24979.75,29.97,4998.56,34,NORMAL,NONE,NONE,NONE,833.45,1771.28,0,NORMAL
2026-09-09 16:24:49,BHARATI,-38.9,48.88,973.05,79.35,400.0,94.64,0.23,90.0,24979.5,35.96,4998.57,21,ANOMALY,ANOMALY_GENERATOR_OVERLOAD,NONE,NONE,694.59,2867.8,65,WARNING
2026-09-09 16:24:51,MAITRI,-28.29,57.55,972.99,85.77,400.0,92.27,0.21,90.0,24999.87,35.06,4999.99,27,ANOMALY,ANOMALY_GENERATOR_OVERLOAD,NONE,NONE,713.04,2231.14,55,WARNING
2026-09-09 16:24:51,BHARATI,-44.77,64.6,957.17,95.0,0.0,88.83,0.26,58.35,24999.89,33.76,4999.99,30,DISASTER,NONE,NONE,DISASTER_BLIZZARD_EMERGENCY,740.59,2008.03,70,CRITICAL
2026-09-09 16:24:54,MAITRI,-40.01,64.97,972.04,92.51,0.0,91.27,0.25,57.62,24979.7,34.68,4998.56,29,DISASTER,ANOMALY_GENERATOR_OVERLOAD,NONE,DISASTER_BLIZZARD_EMERGENCY,720.24,2076.68,90,CRITICAL
2026-09-09 16:24:54,BHARATI,-26.07,41.93,994.82,57.06,400.0,70.38,0.2,90.0,24979.46,26.74,4998.57,20,NORMAL,NONE,NONE,NONE,934.06,3011.18,0,NORMAL
2026-09-09 16:24:56,MAITRI,-26.03,40.17,1013.82,77.56,400.0,69.53,0.19,90.0,24999.83,26.42,4999.99,18,NORMAL,NONE,NONE,NONE,946.19,3346.71,0,NORMAL
2026-09-09 16:24:56,BHARATI,-23.89,10.89,993.7,51.93,400.0,67.68,0.19,90.0,24999.85,25.72,4999.99,19,NORMAL,NONE,NONE,NONE,972.04,3170.57,0,NORMAL
2026-09-09 16:24:59,MAITRI,-29.29,26.87,992.87,55.44,400.0,76.15,0.21,90.0,24979.66,28.94,4998.56,26,NORMAL,NONE,NONE,NONE,863.25,2316.29,0,NORMAL
2026-09-09 16:24:59,BHARATI,-30.73,29.16,991.63,50.19,400.0,76.46,0.21,90.0,24979.42,29.06,4998.56,23,NORMAL,NONE,NONE,NONE,859.7,2618.42,0,NORMAL
2026-09-09 16:25:01,MAITRI,-18.6,34.95,1010.13,57.15,400.0,62.13,0.17,90.0,24999.8,23.61,4999.99,19,NORMAL,NONE,NONE,NONE,1058.82,3170.57,0,NORMAL
2026-09-09 16:25:01,BHARATI,-41.64,56.99,953.31,97.25,0.0,89.3,0.24,58.21,24999.8,33.94,4999.99,16,DISASTER,NONE,NONE,DISASTER_BLIZZARD_EMERGENCY,736.68,3765.05,70,CRITICAL
2026-09-09 16:25:04,MAITRI,-22.66,42.43,998.85,77.37,400.0,71.59,0.2,90.0,24979.62,27.21,4998.55,32,NORMAL,NONE,NONE,NONE,918.17,1881.99,0,NORMAL
2026-09-09 16:25:04,BHARATI,-44.57,77.41,969.85,93.81,0.0,95.25,0.26,56.43,24979.37,36.19,4998.56,27,DISASTER,ANOMALY_GENERATOR_OVERLOAD,NONE,DISASTER_BLIZZARD_EMERGENCY,690.15,2230.5,90,CRITICAL
2026-09-09 16:25:06,MAITRI,-20.33,35.93,1009.57,58.91,400.0,67.14,0.19,90.0,24999.77,25.51,4999.99,27,NORMAL,NONE,NONE,NONE,979.83,2231.14,0,NORMAL
2026-09-09 16:25:06,BHARATI,-24.05,39.24,1000.91,59.34,400.0,71.45,0.2,90.0,24999.76,27.15,4999.98,28,NORMAL,NONE,NONE,NONE,920.79,2151.46,0,NORMAL
2026-09-09 16:25:09,MAITRI,-25.97,34.92,987.75,79.28,400.0,71.87,0.2,90.0,24979.58,27.31,4998.55,24,NORMAL,NONE,NONE,NONE,914.68,2509.31,0,NORMAL
2026-09-09 16:25:09,BHARATI,-35.56,42.96,992.07,72.18,400.0,92.68,0.22,90.0,24979.32,35.22,4998.56,16,ANOMALY,ANOMALY_GENERATOR_OVERLOAD,NONE,NONE,709.27,3763.97,65,WARNING
2026-09-09 16:25:14,MAITRI,-23.35,57.36,979.38,74.23,400.0,94.64,0.18,90.0,24979.53,35.96,4998.55,17,ANOMALY,ANOMALY_GENERATOR_OVERLOAD,NONE,NONE,694.58,3542.56,55,WARNING
2026-09-09 16:25:14,BHARATI,-17.67,30.66,1007.18,56.98,400.0,63.55,0.18,90.0,24979.29,24.15,4998.56,25,NORMAL,NONE,NONE,NONE,1034.32,2408.94,0,NORMAL
2026-09-09 16:25:19,MAITRI,-29.13,39.88,994.01,68.19,400.0,76.39,0.21,90.0,24979.49,29.03,4998.55,27,NORMAL,NONE,NONE,NONE,860.57,2230.5,0,NORMAL
2026-09-09 16:25:19,BHARATI,-15.42,38.88,994.75,78.1,400.0,57.59,0.16,90.0,24979.25,21.88,4998.55,16,NORMAL,NONE,NONE,NONE,1141.5,3763.97,0,NORMAL
2026-09-09 16:25:24,MAITRI,-21.51,33.17,989.63,62.38,400.0,67.19,0.19,90.0,24979.46,25.53,4998.54,24,NORMAL,NONE,NONE,NONE,978.35,2509.31,0,NORMAL
2026-09-09 16:25:24,BHARATI,-15.67,28.8,1007.96,51.35,400.0,61.45,0.17,90.0,24979.22,23.35,4998.55,25,NORMAL,NONE,NONE,NONE,1069.67,2408.94,0,NORMAL
2026-09-09 16:25:29,MAITRI,-17.18,38.27,985.35,69.22,400.0,64.63,0.18,90.0,24979.42,24.56,4998.54,29,NORMAL,NONE,NONE,NONE,1017.04,2076.67,0,NORMAL
2026-09-09 16:25:29,BHARATI,-37.97,40.55,993.89,79.63,400.0,92.02,0.23,90.0,24979.17,34.97,4998.55,23,ANOMALY,ANOMALY_GENERATOR_OVERLOAD,NONE,NONE,714.33,2618.41,65,WARNING
2026-09-09 16:25:34,MAITRI,-21.6,35.51,979.8,79.14,400.0,97.77,0.2,90.0,24979.37,37.15,4998.54,34,ANOMALY,ANOMALY_GENERATOR_OVERLOAD,NONE,NONE,672.38,1771.27,55,WARNING
2026-09-09 16:25:34,BHARATI,-37.36,41.77,989.4,79.39,400.0,95.4,0.22,90.0,24979.12,36.25,4998.55,15,ANOMALY,ANOMALY_GENERATOR_OVERLOAD,NONE,NONE,689.03,4014.9,65,WARNING
2026-09-09 16:25:39,MAITRI,-17.74,41.33,1010.59,60.76,400.0,64.83,0.18,90.0,24979.34,24.64,4998.53,28,NORMAL,NONE,NONE,NONE,1013.98,2150.83,0,NORMAL
2026-09-09 16:25:39,BHARATI,-20.63,25.15,999.15,64.81,400.0,70.26,0.2,90.0,24979.09,26.7,4998.54,34,NORMAL,NONE,NONE,NONE,935.6,1771.28,0,NORMAL
2026-09-09 16:25:44,MAITRI,-44.15,66.83,952.57,95.37,0.0,97.06,0.26,55.88,24979.29,36.88,4998.53,34,DISASTER,ANOMALY_GENERATOR_OVERLOAD,NONE,DISASTER_BLIZZARD_EMERGENCY,677.26,1771.27,90,CRITICAL
2026-09-09 16:25:44,BHARATI,-16.41,22.47,1003.91,52.68,400.0,64.63,0.18,90.0,24979.05,24.56,4998.54,31,NORMAL,NONE,NONE,NONE,1017.15,1942.69,0,NORMAL
2026-09-09 16:25:49,MAITRI,-24.49,24.72,1002.26,70.06,400.0,68.72,0.19,90.0,24979.25,26.11,4998.53,20,NORMAL,NONE,NONE,NONE,956.61,3011.16,0,NORMAL
2026-09-09 16:25:49,BHARATI,-27.1,31.37,1013.24,67.04,400.0,75.45,0.21,90.0,24979.01,28.67,4998.54,30,NORMAL,NONE,NONE,NONE,871.23,2007.44,0,NORMAL
2026-09-09 16:25:54,MAITRI,-30.78,35.41,1004.23,52.88,400.0,80.92,0.22,90.0,24979.21,30.75,4998.52,34,NORMAL,NONE,NONE,NONE,812.34,1771.27,0,NORMAL
2026-09-09 16:25:54,BHARATI,-32.47,14.61,993.87,52.13,400.0,79.9,0.22,90.0,24978.97,30.36,4998.53,27,NORMAL,NONE,NONE,NONE,822.75,2230.49,0,NORMAL
2026-09-09 16:25:59,MAITRI,-21.33,20.59,988.15,60.82,400.0,66.6,0.19,90.0,24979.17,25.31,4998.52,23,NORMAL,NONE,NONE,NONE,987.0,2618.4,0,NORMAL
2026-09-09 16:25:59,BHARATI,-41.71,76.45,956.22,90.58,0.0,90.08,0.24,57.98,24978.92,34.23,4998.53,15,DISASTER,ANOMALY_GENERATOR_OVERLOAD,NONE,DISASTER_BLIZZARD_EMERGENCY,729.73,4014.88,90,CRITICAL
2026-09-09 16:26:04,MAITRI,-22.39,43.29,995.6,59.98,400.0,65.7,0.18,90.0,24979.14,24.97,4998.52,18,NORMAL,NONE,NONE,NONE,1000.46,3345.73,0,NORMAL
2026-09-09 16:26:04,BHARATI,-19.42,25.43,1006.33,73.97,400.0,64.99,0.18,90.0,24978.89,24.69,4998.53,24,NORMAL,NONE,NONE,NONE,1011.5,2509.3,0,NORMAL
2026-09-09 16:26:09,MAITRI,-24.78,31.26,994.69,69.61,400.0,74.22,0.21,90.0,24979.1,28.2,4998.51,33,NORMAL,NONE,NONE,NONE,885.65,1824.94,0,NORMAL
2026-09-09 16:26:09,BHARATI,-25.76,30.08,990.96,63.15,400.0,74.05,0.21,90.0,24978.85,28.14,4998.52,30,NORMAL,NONE,NONE,NONE,887.69,2007.44,0,NORMAL
2026-09-09 16:26:14,MAITRI,-42.96,61.5,973.74,94.22,0.0,87.91,0.24,58.63,24979.05,33.41,4998.51,20,DISASTER,NONE,NONE,DISASTER_BLIZZARD_EMERGENCY,747.74,3011.15,70,CRITICAL
2026-09-09 16:26:14,BHARATI,-23.16,15.33,994.41,67.35,400.0,70.12,0.19,90.0,24978.81,26.64,4998.52,27,NORMAL,NONE,NONE,NONE,937.48,2230.49,0,NORMAL
2026-09-09 16:26:19,MAITRI,-31.33,16.9,1002.03,77.41,400.0,77.89,0.22,90.0,24979.01,29.6,4998.51,25,NORMAL,NONE,NONE,NONE,843.9,2408.92,0,NORMAL
2026-09-09 16:26:19,BHARATI,-16.34,13.16,997.8,52.91,400.0,64.96,0.18,90.0,24978.78,24.68,4998.52,32,NORMAL,NONE,NONE,NONE,1011.96,1881.97,0,NORMAL
2026-09-09 16:26:24,MAITRI,-15.28,19.43,991.82,70.0,400.0,63.85,0.18,90.0,24978.98,24.26,4998.5,32,NORMAL,NONE,NONE,NONE,1029.55,1881.97,0,NORMAL
2026-09-09 16:26:24,BHARATI,-19.35,29.09,1006.43,74.21,400.0,66.92,0.19,90.0,24978.74,25.43,4998.51,29,NORMAL,NONE,NONE,NONE,982.27,2076.66,0,NORMAL
2026-09-09 16:26:29,MAITRI,-32.5,24.93,999.97,60.21,400.0,77.93,0.22,90.0,24978.94,29.61,4998.5,22,NORMAL,NONE,NONE,NONE,843.54,2737.41,0,NORMAL
2026-09-09 16:26:29,BHARATI,-30.19,59.48,987.54,78.6,400.0,93.19,0.22,90.0,24978.69,35.41,4998.51,29,ANOMALY,ANOMALY_GENERATOR_OVERLOAD,NONE,NONE,705.37,2076.66,55,WARNING
2026-09-09 16:26:34,MAITRI,-32.19,57.98,974.42,74.48,400.0,98.24,0.22,90.0,24978.88,37.33,4998.5,26,ANOMALY,ANOMALY_GENERATOR_OVERLOAD,NONE,NONE,669.09,2316.26,55,WARNING
2026-09-09 16:26:34,BHARATI,-26.71,10.29,988.48,74.07,400.0,73.44,0.2,90.0,24978.65,27.91,4998.51,26,NORMAL,NONE,NONE,NONE,895.03,2316.27,0,NORMAL
2026-09-09 16:26:39,MAITRI,-43.46,66.27,960.1,92.34,0.0,93.02,0.25,57.09,24978.84,35.35,4998.5,23,DISASTER,ANOMALY_GENERATOR_OVERLOAD,NONE,DISASTER_BLIZZARD_EMERGENCY,706.68,2618.38,90,CRITICAL
2026-09-09 16:26:39,BHARATI,-25.57,32.13,987.83,52.16,400.0,73.05,0.2,90.0,24978.62,27.76,4998.51,28,NORMAL,NONE,NONE,NONE,899.82,2150.82,0,NORMAL
2026-09-09 16:26:44,MAITRI,-16.0,34.62,1010.57,55.45,400.0,59.4,0.17,90.0,24978.8,22.57,4998.49,19,NORMAL,NONE,NONE,NONE,1106.56,3169.62,0,NORMAL
2026-09-09 16:26:44,BHARATI,-31.51,56.99,987.71,86.14,400.0,96.18,0.21,90.0,24978.57,36.55,4998.5,23,ANOMALY,ANOMALY_GENERATOR_OVERLOAD,NONE,NONE,683.44,2618.39,55,WARNING
2026-09-09 16:26:49,MAITRI,-19.17,14.12,1013.78,60.81,400.0,65.53,0.18,90.0,24978.77,24.9,4998.49,26,NORMAL,NONE,NONE,NONE,1003.09,2316.26,0,NORMAL
2026-09-09 16:26:49,BHARATI,-33.38,37.34,997.75,69.21,400.0,76.05,0.21,90.0,24978.53,28.9,4998.5,15,NORMAL,NONE,NONE,NONE,864.37,4014.86,0,NORMAL
2026-09-09 16:26:54,MAITRI,-27.21,12.68,1001.54,50.88,400.0,70.77,0.2,90.0,24978.73,26.89,4998.49,18,NORMAL,NONE,NONE,NONE,928.81,3345.71,0,NORMAL
2026-09-09 16:26:54,BHARATI,-24.46,54.62,974.09,70.29,400.0,96.2,0.2,90.0,24978.47,36.55,4998.5,27,ANOMALY,ANOMALY_GENERATOR_OVERLOAD,NONE,NONE,683.32,2230.48,55,WARNING
2026-09-09 16:26:59,MAITRI,-33.61,54.47,990.39,86.2,400.0,97.63,0.22,90.0,24978.68,37.1,4998.49,23,ANOMALY,ANOMALY_GENERATOR_OVERLOAD,NONE,NONE,673.3,2618.38,55,WARNING
2026-09-09 16:26:59,BHARATI,-20.02,42.28,988.47,63.16,400.0,68.42,0.19,90.0,24978.44,26.0,4998.49,31,NORMAL,NONE,NONE,NONE,960.67,1942.67,0,NORMAL
2026-09-09 16:27:04,MAITRI,-21.86,37.23,985.84,70.63,400.0,94.26,0.19,90.0,24978.63,35.82,4998.48,24,ANOMALY,ANOMALY_GENERATOR_OVERLOAD,NONE,NONE,697.38,2509.28,55,WARNING
2026-09-09 16:27:04,BHARATI,-22.64,36.57,1000.41,62.99,400.0,67.97,0.19,90.0,24978.4,25.83,4998.49,23,NORMAL,NONE,NONE,NONE,967.11,2618.38,0,NORMAL
2026-09-09 16:27:09,MAITRI,-21.27,32.3,1010.09,79.74,400.0,65.73,0.18,90.0,24978.6,24.98,4998.48,21,NORMAL,NONE,NONE,NONE,999.97,2867.75,0,NORMAL
2026-09-09 16:27:09,BHARATI,-23.97,28.33,998.62,54.85,400.0,69.77,0.19,90.0,24978.37,26.51,4998.49,24,NORMAL,NONE,NONE,NONE,942.18,2509.28,0,NORMAL
2026-09-09 16:27:14,MAITRI,-32.61,16.43,987.38,69.15,400.0,80.04,0.22,90.0,24978.55,30.42,4998.48,27,NORMAL,NONE,NONE,NONE,821.2,2230.47,0,NORMAL
2026-09-09 16:27:14,BHARATI,-21.22,10.55,1008.76,70.95,400.0,66.09,0.18,90.0,24978.33,25.11,4998.49,22,NORMAL,NONE,NONE,NONE,994.66,2737.4,0,NORMAL
2026-09-09 16:27:19,MAITRI,-34.12,17.23,991.05,73.81,400.0,84.43,0.23,90.0,24978.51,32.08,4998.47,34,NORMAL,NONE,NONE,NONE,778.59,1771.25,0,NORMAL
2026-09-09 16:27:19,BHARATI,-37.59,75.69,951.27,86.21,0.0,95.22,0.23,56.43,24978.28,36.18,4998.48,20,DISASTER,ANOMALY_GENERATOR_OVERLOAD,NONE,DISASTER_BLIZZARD_EMERGENCY,690.32,3011.13,90,CRITICAL
2026-09-09 16:27:24,MAITRI,-15.28,11.95,999.34,58.99,400.0,59.04,0.16,90.0,24978.48,22.44,4998.47,20,NORMAL,NONE,NONE,NONE,1113.33,3011.13,0,NORMAL
2026-09-09 16:27:24,BHARATI,-34.18,33.74,995.31,53.07,400.0,80.49,0.22,90.0,24978.24,30.59,4998.48,24,NORMAL,NONE,NONE,NONE,816.63,2509.28,0,NORMAL
2026-09-09 16:27:29,MAITRI,-33.51,19.38,1001.52,77.85,400.0,81.79,0.23,90.0,24978.44,31.08,4998.47,29,NORMAL,NONE,NONE,NONE,803.69,2076.64,0,NORMAL
2026-09-09 16:27:29,BHARATI,-38.36,39.53,980.57,77.26,400.0,94.1,0.23,90.0,24978.19,35.76,4998.48,17,ANOMALY,ANOMALY_GENERATOR_OVERLOAD,NONE,NONE,698.53,3542.51,65,WARNING
2026-09-09 16:27:34,MAITRI,-28.97,27.01,1007.76,71.99,400.0,76.22,0.21,90.0,24978.4,28.96,4998.47,27,NORMAL,NONE,NONE,NONE,862.39,2230.46,0,NORMAL
2026-09-09 16:27:34,BHARATI,-33.99,29.43,1014.21,77.38,400.0,77.08,0.21,90.0,24978.15,29.29,4998.48,16,NORMAL,NONE,NONE,NONE,852.72,3763.91,0,NORMAL
2026-09-09 16:27:39,MAITRI,-25.33,41.98,1007.53,73.51,400.0,73.19,0.2,90.0,24978.36,27.81,4998.46,29,NORMAL,NONE,NONE,NONE,898.08,2076.64,0,NORMAL
2026-09-09 16:27:39,BHARATI,-31.74,50.3,979.83,70.62,400.0,93.85,0.21,90.0,24978.1,35.66,4998.48,15,ANOMALY,ANOMALY_GENERATOR_OVERLOAD,NONE,NONE,700.42,4014.84,55,WARNING
2026-09-09 16:27:44,MAITRI,-29.77,40.64,1001.88,69.97,400.0,74.66,0.21,90.0,24978.32,28.37,4998.46,21,NORMAL,NONE,NONE,NONE,880.41,2867.73,0,NORMAL
2026-09-09 16:27:44,BHARATI,-21.55,26.53,1014.14,57.09,400.0,70.83,0.2,90.0,24978.06,26.92,4998.47,33,NORMAL,NONE,NONE,NONE,927.99,1824.93,0,NORMAL
2026-09-09 16:27:49,MAITRI,-22.44,38.58,1002.29,70.64,400.0,67.36,0.19,90.0,24978.28,25.6,4998.46,22,NORMAL,NONE,NONE,NONE,975.78,2737.38,0,NORMAL
2026-09-09 16:27:49,BHARATI,-28.44,23.38,1010.58,56.92,400.0,71.67,0.2,90.0,24978.02,27.23,4998.47,17,NORMAL,NONE,NONE,NONE,917.2,3542.5,0,NORMAL
2026-09-09 16:27:54,MAITRI,-17.85,35.43,1009.42,57.19,400.0,59.74,0.17,90.0,24978.25,22.7,4998.46,15,NORMAL,NONE,NONE,NONE,1100.25,4014.82,0,NORMAL
2026-09-09 16:27:54,BHARATI,-28.77,22.69,1011.01,65.19,400.0,73.21,0.2,90.0,24977.98,27.82,4998.47,20,NORMAL,NONE,NONE,NONE,897.83,3011.12,0,NORMAL
2026-09-09 16:27:59,MAITRI,-44.4,64.46,960.14,92.34,0.0,90.98,0.26,57.71,24978.2,34.57,4998.45,28,DISASTER,ANOMALY_GENERATOR_OVERLOAD,NONE,DISASTER_BLIZZARD_EMERGENCY,722.5,2150.8,90,CRITICAL
2026-09-09 16:27:59,BHARATI,-17.17,38.39,1010.23,77.38,400.0,59.42,0.17,90.0,24977.95,22.58,4998.47,16,NORMAL,NONE,NONE,NONE,1106.15,3763.9,0,NORMAL
2026-09-09 16:28:04,MAITRI,-23.28,22.77,1011.03,73.2,400.0,66.25,0.18,90.0,24978.17,25.17,4998.45,17,NORMAL,NONE,NONE,NONE,992.2,3542.49,0,NORMAL
2026-09-09 16:28:04,BHARATI,-31.88,15.78,1006.21,70.68,400.0,80.07,0.22,90.0,24977.91,30.43,4998.46,29,NORMAL,NONE,NONE,NONE,820.89,2076.64,0,NORMAL
2026-09-09 16:28:09,MAITRI,-15.72,26.78,1006.94,68.52,400.0,58.71,0.16,90.0,24978.14,22.31,4998.45,18,NORMAL,NONE,NONE,NONE,1119.63,3345.68,0,NORMAL
2026-09-09 16:28:09,BHARATI,-25.37,43.78,995.13,61.52,400.0,72.44,0.2,90.0,24977.87,27.53,4998.46,27,NORMAL,NONE,NONE,NONE,907.36,2230.46,0,NORMAL
2026-09-09 16:28:14,MAITRI,-20.64,16.79,1000.72,79.34,400.0,69.88,0.19,90.0,24978.1,26.55,4998.44,33,NORMAL,NONE,NONE,NONE,940.68,1824.92,0,NORMAL
2026-09-09 16:28:14,BHARATI,-25.87,30.4,1002.19,56.06,400.0,69.36,0.19,90.0,24977.84,26.36,4998.46,18,NORMAL,NONE,NONE,NONE,947.65,3345.69,0,NORMAL
2026-09-09 16:28:19,MAITRI,-22.26,36.56,1004.35,56.34,400.0,67.57,0.19,90.0,24978.06,25.68,4998.44,23,NORMAL,NONE,NONE,NONE,972.75,2618.36,0,NORMAL
2026-09-09 16:28:19,BHARATI,-21.39,35.04,1001.3,79.72,400.0,67.86,0.19,90.0,24977.8,25.79,4998.45,26,NORMAL,NONE,NONE,NONE,968.61,2316.24,0,NORMAL
2026-09-09 16:28:24,MAITRI,-27.41,30.59,999.68,52.76,400.0,69.78,0.19,90.0,24978.03,26.51,4998.44,15,NORMAL,NONE,NONE,NONE,942.04,4014.81,0,NORMAL
2026-09-09 16:28:24,BHARATI,-21.87,48.58,986.12,81.78,400.0,96.43,0.18,90.0,24977.75,36.64,4998.45,18,ANOMALY,ANOMALY_GENERATOR_OVERLOAD,NONE,NONE,681.62,3345.68,55,WARNING
2026-09-09 16:28:29,MAITRI,-29.88,41.56,1012.46,56.88,400.0,75.17,0.21,90.0,24977.99,28.56,4998.44,22,NORMAL,NONE,NONE,NONE,874.44,2737.37,0,NORMAL
2026-09-09 16:28:29,BHARATI,-27.52,38.49,996.22,70.0,400.0,76.3,0.21,90.0,24977.71,28.99,4998.45,31,NORMAL,NONE,NONE,NONE,861.51,1942.65,0,NORMAL
2026-09-09 16:28:34,MAITRI,-20.53,35.65,997.12,51.48,400.0,66.95,0.19,90.0,24977.95,25.44,4998.43,26,NORMAL,NONE,NONE,NONE,981.76,2316.23,0,NORMAL
2026-09-09 16:28:34,BHARATI,-29.1,28.45,999.92,61.6,400.0,78.36,0.22,90.0,24977.67,29.78,4998.44,32,NORMAL,NONE,NONE,NONE,838.84,1881.94,0,NORMAL
2026-09-09 16:28:39,MAITRI,-19.77,31.63,1004.11,64.69,400.0,62.56,0.17,90.0,24977.92,23.77,4998.43,17,NORMAL,NONE,NONE,NONE,1050.66,3542.48,0,NORMAL
2026-09-09 16:28:39,BHARATI,-22.23,38.49,1002.46,58.07,400.0,69.54,0.19,90.0,24977.63,26.43,4998.44,28,NORMAL,NONE,NONE,NONE,945.21,2150.79,0,NORMAL
2026-09-09 16:28:44,MAITRI,-25.55,30.39,992.13,69.67,400.0,68.63,0.19,90.0,24977.88,26.08,4998.43,17,NORMAL,NONE,NONE,NONE,957.76,3542.47,0,NORMAL
2026-09-09 16:28:44,BHARATI,-34.34,15.57,1004.59,75.4,400.0,79.05,0.22,90.0,24977.59,30.04,4998.44,20,NORMAL,NONE,NONE,NONE,831.49,3011.11,0,NORMAL
2026-09-09 16:28:49,MAITRI,-17.49,14.79,997.09,50.98,400.0,59.76,0.17,90.0,24977.85,22.71,4998.43,16,NORMAL,NONE,NONE,NONE,1099.9,3763.88,0,NORMAL
2026-09-09 16:28:49,BHARATI,-32.08,16.0,1008.89,77.95,400.0,78.28,0.22,90.0,24977.55,29.75,4998.44,24,NORMAL,NONE,NONE,NONE,839.65,2509.26,0,NORMAL
2026-09-09 16:28:50,MAITRI,-20.79,16.36,1000.78,53.84,400.0,68.03,0.19,90.0,24999.96,25.85,5000.0,28,NORMAL,NONE,NONE,NONE,967.02,2151.46,0,NORMAL
2026-09-09 16:28:50,BHARATI,-37.55,36.16,973.73,74.64,400.0,98.36,0.23,90.0,24999.95,37.38,5000.0,25,ANOMALY,ANOMALY_GENERATOR_OVERLOAD,NONE,NONE,668.85,2409.64,65,WARNING
2026-09-09 16:28:54,MAITRI,-20.26,40.28,999.74,70.48,400.0,65.07,0.18,90.0,24977.82,24.73,4998.43,22,NORMAL,NONE,NONE,NONE,1010.11,2737.36,0,NORMAL
2026-09-09 16:28:54,BHARATI,-20.35,46.66,992.35,74.75,400.0,92.3,0.19,90.0,24977.5,35.07,4998.43,33,ANOMALY,ANOMALY_GENERATOR_OVERLOAD,NONE,NONE,712.15,1824.91,55,WARNING
2026-09-09 16:28:55,MAITRI,-24.51,36.81,1010.09,70.59,400.0,67.14,0.19,90.0,24999.93,25.51,4999.99,16,NORMAL,NONE,NONE,NONE,979.88,3765.06,0,NORMAL
2026-09-09 16:28:55,BHARATI,-26.76,22.68,1012.34,75.85,400.0,74.3,0.21,90.0,24999.91,28.23,4999.99,28,NORMAL,NONE,NONE,NONE,885.51,2151.46,0,NORMAL
2026-09-09 16:28:59,MAITRI,-17.01,44.48,985.02,56.05,400.0,61.66,0.17,90.0,24977.78,23.43,4998.42,22,NORMAL,NONE,NONE,NONE,1066.04,2737.36,0,NORMAL
2026-09-09 16:28:59,BHARATI,-20.53,41.05,987.88,64.58,400.0,66.96,0.19,90.0,24977.46,25.44,4998.43,26,NORMAL,NONE,NONE,NONE,981.66,2316.23,0,NORMAL
2026-09-09 16:29:00,MAITRI,-19.98,28.07,1008.67,68.86,400.0,62.78,0.17,90.0,24999.9,23.86,4999.99,17,NORMAL,NONE,NONE,NONE,1047.9,3543.58,0,NORMAL
2026-09-09 16:29:00,BHARATI,-29.66,17.7,986.54,55.2,400.0,78.54,0.22,90.0,24999.87,29.85,4999.99,31,NORMAL,NONE,NONE,NONE,837.6,1943.25,0,NORMAL
2026-09-09 16:29:04,MAITRI,-24.81,56.78,990.27,71.67,400.0,94.42,0.2,90.0,24977.73,35.88,4998.42,26,ANOMALY,ANOMALY_GENERATOR_OVERLOAD,NONE,NONE,696.14,2316.23,55,WARNING
2026-09-09 16:29:04,BHARATI,-18.47,25.56,1010.04,52.6,400.0,64.79,0.18,90.0,24977.43,24.62,4998.43,26,NORMAL,NONE,NONE,NONE,1014.49,2316.23,0,NORMAL
2026-09-09 16:29:05,MAITRI,-19.14,16.94,1013.2,74.33,400.0,64.7,0.18,90.0,24999.86,24.58,4999.99,24,NORMAL,NONE,NONE,NONE,1016.88,2510.04,0,NORMAL
2026-09-09 16:29:05,BHARATI,-31.86,34.44,1014.47,77.45,400.0,77.25,0.21,90.0,24999.83,29.35,4999.99,22,NORMAL,NONE,NONE,NONE,851.66,2738.22,0,NORMAL
2026-09-09 16:29:09,MAITRI,-23.69,12.48,986.4,79.33,400.0,72.27,0.2,90.0,24977.7,27.46,4998.42,31,NORMAL,NONE,NONE,NONE,909.49,1942.64,0,NORMAL
2026-09-09 16:29:09,BHARATI,-16.81,19.14,1008.91,71.75,400.0,59.45,0.17,90.0,24977.4,22.59,4998.42,17,NORMAL,NONE,NONE,NONE,1105.58,3542.47,0,NORMAL
2026-09-09 16:29:10,MAITRI,-19.5,31.96,996.65,62.74,400.0,63.08,0.18,90.0,24999.83,23.97,4999.99,19,NORMAL,NONE,NONE,NONE,1043.0,3170.57,0,NORMAL
2026-09-09 16:29:10,BHARATI,-24.9,34.66,1007.01,55.74,400.0,74.74,0.21,90.0,24999.79,28.4,4999.98,34,NORMAL,NONE,NONE,NONE,880.19,1771.79,0,NORMAL
2026-09-09 16:29:14,MAITRI,-22.01,15.03,987.9,69.11,400.0,66.91,0.19,90.0,24977.66,25.43,4998.41,22,NORMAL,NONE,NONE,NONE,982.31,2737.36,0,NORMAL
2026-09-09 16:29:14,BHARATI,-32.46,57.05,974.43,84.11,400.0,95.76,0.22,90.0,24977.35,36.39,4998.42,27,ANOMALY,ANOMALY_GENERATOR_OVERLOAD,NONE,NONE,686.38,2230.44,55,WARNING
2026-09-09 16:29:15,MAITRI,-16.77,13.63,1011.69,75.72,400.0,62.21,0.17,90.0,24999.8,23.64,4999.99,24,NORMAL,NONE,NONE,NONE,1057.55,2510.03,0,NORMAL
2026-09-09 16:29:15,BHARATI,-21.79,29.2,1002.8,73.6,400.0,66.68,0.19,90.0,24999.75,25.34,4999.98,22,NORMAL,NONE,NONE,NONE,986.65,2738.22,0,NORMAL
2026-09-09 16:29:19,MAITRI,-23.46,42.64,1013.12,67.4,400.0,71.23,0.2,90.0,24977.62,27.07,4998.41,29,NORMAL,NONE,NONE,NONE,922.82,2076.61,0,NORMAL
2026-09-09 16:29:19,BHARATI,-16.42,33.08,998.36,73.73,400.0,65.45,0.18,90.0,24977.31,24.87,4998.42,33,NORMAL,NONE,NONE,NONE,1004.35,1824.91,0,NORMAL
2026-09-09 16:29:20,MAITRI,-15.26,35.18,1009.02,73.01,400.0,64.62,0.18,90.0,24999.76,24.56,4999.98,34,NORMAL,NONE,NONE,NONE,1018.05,1771.79,0,NORMAL
2026-09-09 16:29:20,BHARATI,-30.97,32.15,1001.51,75.47,400.0,77.92,0.22,90.0,24999.71,29.61,4999.98,26,NORMAL,NONE,NONE,NONE,844.36,2316.95,0,NORMAL
2026-09-09 16:29:24,MAITRI,-16.58,15.11,991.29,72.76,400.0,59.61,0.17,90.0,24977.59,22.65,4998.41,18,NORMAL,NONE,NONE,NONE,1102.62,3345.66,0,NORMAL
2026-09-09 16:29:24,BHARATI,-15.78,22.67,996.55,70.74,400.0,59.57,0.17,90.0,24977.28,22.64,4998.42,20,NORMAL,NONE,NONE,NONE,1103.34,3011.09,0,NORMAL
2026-09-09 16:29:29,MAITRI,-24.06,36.58,1004.05,51.44,400.0,66.26,0.18,90.0,24977.56,25.18,4998.41,15,NORMAL,NONE,NONE,NONE,992.01,4014.79,0,NORMAL
2026-09-09 16:29:29,BHARATI,-20.35,39.3,1003.79,69.24,400.0,63.57,0.18,90.0,24977.25,24.16,4998.41,18,NORMAL,NONE,NONE,NONE,1033.96,3345.66,0,NORMAL
2026-09-09 16:29:34,MAITRI,-19.89,30.0,985.24,56.86,400.0,65.08,0.18,90.0,24977.52,24.73,4998.4,23,NORMAL,NONE,NONE,NONE,1010.0,2618.34,0,NORMAL
2026-09-09 16:29:34,BHARATI,-30.05,39.57,1014.65,58.41,400.0,78.56,0.22,90.0,24977.21,29.85,4998.41,30,NORMAL,NONE,NONE,NONE,836.73,2007.39,0,NORMAL
2026-09-09 16:29:39,MAITRI,-39.85,37.65,992.4,80.74,400.0,96.07,0.25,90.0,24977.47,36.51,4998.4,30,ANOMALY,ANOMALY_GENERATOR_OVERLOAD,NONE,NONE,684.17,2007.39,65,WARNING
2026-09-09 16:29:39,BHARATI,-30.98,22.62,987.83,76.45,400.0,78.73,0.22,90.0,24977.17,29.92,4998.41,28,NORMAL,NONE,NONE,NONE,834.9,2150.78,0,NORMAL
2026-09-09 16:29:44,MAITRI,-33.83,21.51,987.54,67.3,400.0,82.52,0.23,90.0,24977.43,31.36,4998.4,30,NORMAL,NONE,NONE,NONE,796.5,2007.39,0,NORMAL
2026-09-09 16:29:44,BHARATI,-24.02,32.74,999.45,78.1,400.0,73.82,0.21,90.0,24977.13,28.05,4998.4,34,NORMAL,NONE,NONE,NONE,890.41,1771.23,0,NORMAL
2026-09-09 16:29:49,MAITRI,-22.27,28.43,989.04,67.09,400.0,67.58,0.19,90.0,24977.39,25.68,4998.4,23,NORMAL,NONE,NONE,NONE,972.6,2618.33,0,NORMAL
2026-09-09 16:29:49,BHARATI,-39.04,79.17,969.36,91.22,0.0,92.69,0.23,57.19,24977.08,35.22,4998.4,17,DISASTER,ANOMALY_GENERATOR_OVERLOAD,NONE,DISASTER_BLIZZARD_EMERGENCY,709.13,3542.45,90,CRITICAL
2026-09-09 16:29:54,MAITRI,-26.19,25.97,996.21,50.62,400.0,68.9,0.19,90.0,24977.36,26.18,4998.39,16,NORMAL,NONE,NONE,NONE,953.99,3763.85,0,NORMAL
2026-09-09 16:29:54,BHARATI,-29.32,59.19,980.92,73.21,400.0,96.82,0.21,90.0,24977.03,36.79,4998.4,26,ANOMALY,ANOMALY_GENERATOR_OVERLOAD,NONE,NONE,678.89,2316.22,55,WARNING
2026-09-09 16:29:59,MAITRI,-15.6,39.53,995.01,70.66,400.0,59.78,0.17,90.0,24977.32,22.72,4998.39,21,NORMAL,NONE,NONE,NONE,1099.58,2867.69,0,NORMAL
2026-09-09 16:29:59,BHARATI,-25.29,22.2,991.01,55.63,400.0,72.35,0.2,90.0,24976.99,27.49,4998.39,27,NORMAL,NONE,NONE,NONE,908.45,2230.43,0,NORMAL
2026-09-09 16:30:04,MAITRI,-27.41,40.51,990.35,54.42,400.0,70.19,0.19,90.0,24977.29,26.67,4998.39,16,NORMAL,NONE,NONE,NONE,936.51,3763.85,0,NORMAL
2026-09-09 16:30:04,BHARATI,-32.17,17.05,1005.18,53.29,400.0,81.58,0.23,90.0,24976.94,31.0,4998.39,32,NORMAL,NONE,NONE,NONE,805.74,1881.92,0,NORMAL
2026-09-09 16:30:09,MAITRI,-22.82,23.05,994.18,63.39,400.0,71.76,0.2,90.0,24977.25,27.27,4998.39,32,NORMAL,NONE,NONE,NONE,915.95,1881.92,0,NORMAL
2026-09-09 16:30:09,BHARATI,-21.93,39.11,1011.2,66.22,400.0,70.42,0.2,90.0,24976.91,26.76,4998.39,31,NORMAL,NONE,NONE,NONE,933.33,1942.63,0,NORMAL
2026-09-09 16:30:14,MAITRI,-17.01,35.52,988.25,79.16,400.0,66.06,0.18,90.0,24977.21,25.1,4998.38,33,NORMAL,NONE,NONE,NONE,995.06,1824.89,0,NORMAL
2026-09-09 16:30:14,BHARATI,-28.37,20.36,1011.83,71.86,400.0,75.19,0.21,90.0,24976.87,28.57,4998.38,26,NORMAL,NONE,NONE,NONE,874.17,2316.21,0,NORMAL
2026-09-09 16:30:19,MAITRI,-33.28,35.46,999.7,76.54,400.0,78.74,0.22,90.0,24977.17,29.92,4998.38,22,NORMAL,NONE,NONE,NONE,834.73,2737.34,0,NORMAL
2026-09-09 16:30:19,BHARATI,-16.5,14.2,987.83,59.0,400.0,65.52,0.18,90.0,24976.83,24.9,4998.38,33,NORMAL,NONE,NONE,NONE,1003.15,1824.89,0,NORMAL
2026-09-09 16:30:24,MAITRI,-42.12,60.5,969.91,91.85,0.0,88.82,0.25,58.35,24977.13,33.75,4998.38,31,DISASTER,NONE,NONE,DISASTER_BLIZZARD_EMERGENCY,740.01,1942.63,70,CRITICAL
2026-09-09 16:30:24,BHARATI,-33.73,43.71,971.99,83.35,400.0,97.08,0.22,90.0,24976.78,36.89,4998.38,21,ANOMALY,ANOMALY_GENERATOR_OVERLOAD,NONE,NONE,677.07,2867.69,55,WARNING
2026-09-09 16:30:29,MAITRI,-27.34,21.01,1001.52,53.53,400.0,70.5,0.2,90.0,24977.09,26.79,4998.37,17,NORMAL,NONE,NONE,NONE,932.29,3542.43,0,NORMAL
2026-09-09 16:30:29,BHARATI,-30.67,29.67,1006.85,71.8,400.0,78.4,0.22,90.0,24976.74,29.79,4998.37,28,NORMAL,NONE,NONE,NONE,838.37,2150.76,0,NORMAL
2026-09-09 16:30:34,MAITRI,-28.3,14.86,1002.79,76.95,400.0,71.91,0.2,90.0,24977.05,27.33,4998.37,18,NORMAL,NONE,NONE,NONE,914.01,3345.63,0,NORMAL
2026-09-09 16:30:34,BHARATI,-16.43,20.61,1014.37,73.09,400.0,64.26,0.18,90.0,24976.71,24.42,4998.37,30,NORMAL,NONE,NONE,NONE,1022.92,2007.38,0,NORMAL
2026-09-09 16:30:39,MAITRI,-30.47,29.65,1004.84,63.41,400.0,76.6,0.21,90.0,24977.01,29.11,4998.37,24,NORMAL,NONE,NONE,NONE,858.13,2509.22,0,NORMAL
2026-09-09 16:30:39,BHARATI,-26.43,36.49,1002.68,75.45,400.0,73.56,0.2,90.0,24976.67,27.95,4998.37,27,NORMAL,NONE,NONE,NONE,893.58,2230.42,0,NORMAL
2026-09-09 16:30:44,MAITRI,-24.26,13.09,993.13,50.89,400.0,67.27,0.19,90.0,24976.98,25.56,4998.37,17,NORMAL,NONE,NONE,NONE,977.1,3542.43,0,NORMAL
2026-09-09 16:30:44,BHARATI,-25.03,16.07,1011.11,66.56,400.0,69.68,0.19,90.0,24976.63,26.48,4998.37,21,NORMAL,NONE,NONE,NONE,943.27,2867.68,0,NORMAL
2026-09-09 16:30:49,MAITRI,-23.9,37.58,981.26,82.68,400.0,98.42,0.19,90.0,24976.92,37.4,4998.36,24,ANOMALY,ANOMALY_GENERATOR_OVERLOAD,NONE,NONE,667.84,2509.22,55,WARNING
2026-09-09 16:30:49,BHARATI,-23.89,48.94,980.59,75.15,400.0,92.47,0.2,90.0,24976.58,35.14,4998.36,31,ANOMALY,ANOMALY_GENERATOR_OVERLOAD,NONE,NONE,710.77,1942.62,55,WARNING
2026-09-09 16:30:54,MAITRI,-15.93,43.37,1008.76,70.75,400.0,62.53,0.17,90.0,24976.89,23.76,4998.36,27,NORMAL,NONE,NONE,NONE,1051.16,2230.42,0,NORMAL
2026-09-09 16:30:54,BHARATI,-29.83,29.48,1008.72,51.68,400.0,77.12,0.21,90.0,24976.54,29.3,4998.36,27,NORMAL,NONE,NONE,NONE,852.31,2230.41,0,NORMAL
2026-09-09 16:31:00,MAITRI,-33.91,10.8,1010.78,76.2,400.0,77.81,0.22,90.0,24976.85,29.57,4998.36,18,NORMAL,NONE,NONE,NONE,844.74,3345.62,0,NORMAL
2026-09-09 16:31:00,BHARATI,-26.22,53.39,989.8,83.46,400.0,94.56,0.2,90.0,24976.49,35.93,4998.36,21,ANOMALY,ANOMALY_GENERATOR_OVERLOAD,NONE,NONE,695.12,2867.67,55,WARNING
2026-09-09 16:31:05,MAITRI,-20.71,19.71,991.97,64.65,400.0,66.74,0.19,90.0,24976.81,25.36,4998.36,25,NORMAL,NONE,NONE,NONE,984.78,2408.85,0,NORMAL
2026-09-09 16:31:05,BHARATI,-16.27,29.72,1001.58,51.46,400.0,60.88,0.17,90.0,24976.46,23.14,4998.35,22,NORMAL,NONE,NONE,NONE,1079.56,2737.32,0,NORMAL
2026-09-09 16:31:10,MAITRI,-25.65,48.18,987.78,88.11,400.0,94.21,0.19,90.0,24976.76,35.8,4998.35,18,ANOMALY,ANOMALY_GENERATOR_OVERLOAD,NONE,NONE,697.68,3345.62,55,WARNING
2026-09-09 16:31:10,BHARATI,-22.58,13.18,1006.63,75.3,400.0,66.71,0.19,90.0,24976.42,25.35,4998.35,20,NORMAL,NONE,NONE,NONE,985.31,3011.06,0,NORMAL
2026-09-09 16:31:15,MAITRI,-28.59,10.24,986.29,53.43,400.0,73.42,0.2,90.0,24976.73,27.9,4998.35,21,NORMAL,NONE,NONE,NONE,895.19,2867.67,0,NORMAL
2026-09-09 16:31:15,BHARATI,-33.86,13.23,1002.79,69.27,400.0,76.56,0.21,90.0,24976.38,29.09,4998.35,15,NORMAL,NONE,NONE,NONE,858.53,4014.74,0,NORMAL
2026-09-09 16:31:20,MAITRI,-25.45,27.72,988.36,75.57,400.0,72.12,0.2,90.0,24976.69,27.41,4998.35,26,NORMAL,NONE,NONE,NONE,911.38,2316.19,0,NORMAL
2026-09-09 16:31:20,BHARATI,-35.38,49.0,991.12,74.53,400.0,98.24,0.23,90.0,24976.33,37.33,4998.35,31,ANOMALY,ANOMALY_GENERATOR_OVERLOAD,NONE,NONE,669.02,1942.61,65,WARNING
2026-09-09 16:31:25,MAITRI,-26.69,50.14,976.41,71.36,400.0,92.72,0.19,90.0,24976.64,35.24,4998.35,17,ANOMALY,ANOMALY_GENERATOR_OVERLOAD,NONE,NONE,708.86,3542.41,55,WARNING
2026-09-09 16:31:25,BHARATI,-36.45,55.14,952.25,96.51,0.0,94.98,0.22,56.51,24976.28,36.09,4998.34,19,DISASTER,ANOMALY_GENERATOR_OVERLOAD,NONE,DISASTER_BLIZZARD_EMERGENCY,692.01,3169.53,90,CRITICAL
2026-09-09 16:31:30,MAITRI,-16.7,17.65,1007.25,69.79,400.0,66.13,0.18,90.0,24976.6,25.13,4998.34,34,NORMAL,NONE,NONE,NONE,993.85,1771.21,0,NORMAL
2026-09-09 16:31:30,BHARATI,-30.02,48.42,973.37,77.98,400.0,98.05,0.21,90.0,24976.23,37.26,4998.34,26,ANOMALY,ANOMALY_GENERATOR_OVERLOAD,NONE,NONE,670.36,2316.19,55,WARNING
2026-09-09 16:31:35,MAITRI,-23.08,51.95,987.05,84.83,400.0,93.6,0.2,90.0,24976.55,35.57,4998.34,33,ANOMALY,ANOMALY_GENERATOR_OVERLOAD,NONE,NONE,702.24,1824.88,55,WARNING
2026-09-09 16:31:35,BHARATI,-31.48,43.22,1001.81,54.77,400.0,78.85,0.22,90.0,24976.19,29.96,4998.34,27,NORMAL,NONE,NONE,NONE,833.58,2230.41,0,NORMAL
2026-09-09 16:31:40,MAITRI,-19.28,41.2,1013.74,78.1,400.0,65.25,0.18,90.0,24976.52,24.79,4998.34,25,NORMAL,NONE,NONE,NONE,1007.36,2408.84,0,NORMAL
2026-09-09 16:31:40,BHARATI,-34.64,12.02,1014.03,65.07,400.0,77.77,0.22,90.0,24976.15,29.55,4998.34,16,NORMAL,NONE,NONE,NONE,845.12,3763.81,0,NORMAL
2026-09-09 16:31:45,MAITRI,-30.89,41.08,1008.4,57.89,400.0,73.44,0.2,90.0,24976.48,27.91,4998.33,15,NORMAL,NONE,NONE,NONE,895.04,4014.73,0,NORMAL
2026-09-09 16:31:45,BHARATI,-24.03,13.23,988.09,57.98,400.0,73.84,0.21,90.0,24976.11,28.06,4998.33,34,NORMAL,NONE,NONE,NONE,890.17,1771.2,0,NORMAL
2026-09-09 16:31:50,MAITRI,-32.38,21.12,988.64,59.94,400.0,79.8,0.22,90.0,24976.44,30.32,4998.33,27,NORMAL,NONE,NONE,NONE,823.64,2230.4,0,NORMAL
2026-09-09 16:31:50,BHARATI,-33.06,37.0,1006.6,50.77,400.0,81.31,0.23,90.0,24976.07,30.9,4998.33,29,NORMAL,NONE,NONE,NONE,808.36,2076.58,0,NORMAL
2026-09-09 16:31:54,MAITRI,-33.31,10.56,998.0,78.26,400.0,76.37,0.21,90.0,24999.96,29.02,5000.0,16,NORMAL,NONE,NONE,NONE,861.4,3765.06,0,NORMAL
2026-09-09 16:31:54,BHARATI,-42.52,61.32,973.36,97.4,0.0,87.31,0.25,58.81,24999.95,33.18,5000.0,29,DISASTER,NONE,NONE,DISASTER_BLIZZARD_EMERGENCY,753.55,2077.27,70,CRITICAL
2026-09-09 16:31:55,MAITRI,-20.4,10.0,1012.79,56.12,400.0,64.42,0.18,90.0,24976.4,24.48,4998.33,20,NORMAL,NONE,NONE,NONE,1020.25,3011.04,0,NORMAL
2026-09-09 16:31:55,BHARATI,-24.9,40.6,993.41,77.67,400.0,69.55,0.19,90.0,24976.03,26.43,4998.33,21,NORMAL,NONE,NONE,NONE,945.03,2867.66,0,NORMAL
2026-09-09 16:31:59,MAITRI,-30.07,55.66,970.68,70.04,400.0,95.53,0.21,90.0,24999.91,36.3,5000.0,20,ANOMALY,ANOMALY_GENERATOR_OVERLOAD,NONE,NONE,688.71,3012.05,55,WARNING
2026-09-09 16:31:59,BHARATI,-28.16,35.28,1011.62,73.51,400.0,71.77,0.2,90.0,24999.92,27.27,4999.99,18,NORMAL,NONE,NONE,NONE,916.71,3346.72,0,NORMAL
2026-09-09 16:32:00,MAITRI,-35.61,36.31,972.11,80.05,400.0,95.93,0.23,90.0,24976.35,36.45,4998.33,30,ANOMALY,ANOMALY_GENERATOR_OVERLOAD,NONE,NONE,685.14,2007.36,65,WARNING
2026-09-09 16:32:00,BHARATI,-25.4,29.85,987.92,62.61,400.0,69.67,0.19,90.0,24975.99,26.47,4998.32,20,NORMAL,NONE,NONE,NONE,943.45,3011.04,0,NORMAL
2026-09-09 16:32:04,MAITRI,-24.86,19.68,987.48,65.97,400.0,71.9,0.2,90.0,24999.87,27.32,4999.99,27,NORMAL,NONE,NONE,NONE,914.95,2231.14,0,NORMAL
2026-09-09 16:32:04,BHARATI,-16.86,25.77,1000.39,58.34,400.0,61.5,0.17,90.0,24999.88,23.37,4999.99,22,NORMAL,NONE,NONE,NONE,1069.66,2738.22,0,NORMAL
2026-09-09 16:32:05,MAITRI,-25.38,23.56,1010.67,51.96,400.0,69.65,0.19,90.0,24976.32,26.47,4998.32,20,NORMAL,NONE,NONE,NONE,943.7,3011.04,0,NORMAL
2026-09-09 16:32:05,BHARATI,-24.91,27.9,994.2,71.99,400.0,73.16,0.2,90.0,24975.95,27.8,4998.32,30,NORMAL,NONE,NONE,NONE,898.44,2007.36,0,NORMAL
2026-09-09 16:32:09,MAITRI,-32.26,25.59,1007.03,68.51,400.0,81.27,0.23,90.0,24999.83,30.88,4999.99,31,NORMAL,NONE,NONE,NONE,809.49,1943.25,0,NORMAL
2026-09-09 16:32:09,BHARATI,-34.63,28.05,1000.67,60.53,400.0,83.76,0.23,90.0,24999.84,31.83,4999.99,31,NORMAL,NONE,NONE,NONE,785.45,1943.25,0,NORMAL
2026-09-09 16:32:10,MAITRI,-28.41,29.49,1000.99,67.43,400.0,70.83,0.2,90.0,24976.28,26.91,4998.32,15,NORMAL,NONE,NONE,NONE,927.99,4014.72,0,NORMAL
2026-09-09 16:32:10,BHARATI,-27.23,44.61,998.75,76.96,400.0,76.79,0.21,90.0,24975.91,29.18,4998.32,33,NORMAL,NONE,NONE,NONE,855.96,1824.87,0,NORMAL
2026-09-09 16:32:15,MAITRI,-27.21,37.55,988.37,73.6,400.0,97.59,0.21,90.0,24976.23,37.09,4998.32,29,ANOMALY,ANOMALY_GENERATOR_OVERLOAD,NONE,NONE,673.47,2076.58,55,WARNING
2026-09-09 16:32:15,BHARATI,-31.4,56.53,970.73,79.39,400.0,97.02,0.23,90.0,24975.86,36.87,4998.31,34,ANOMALY,ANOMALY_GENERATOR_OVERLOAD,NONE,NONE,677.45,1771.2,55,WARNING
2026-09-09 16:32:20,MAITRI,-32.38,22.76,998.39,73.56,400.0,77.4,0.22,90.0,24976.19,29.41,4998.32,21,NORMAL,NONE,NONE,NONE,849.17,2867.65,0,NORMAL
2026-09-09 16:32:20,BHARATI,-38.06,55.48,976.53,75.88,400.0,96.91,0.23,90.0,24975.81,36.83,4998.31,21,ANOMALY,ANOMALY_GENERATOR_OVERLOAD,NONE,NONE,678.22,2867.65,65,WARNING
2026-09-09 16:32:25,MAITRI,-23.37,15.37,989.3,51.28,400.0,66.33,0.18,90.0,24976.15,25.21,4998.31,17,NORMAL,NONE,NONE,NONE,990.84,3542.39,0,NORMAL
2026-09-09 16:32:25,BHARATI,-27.82,40.89,992.36,74.63,400.0,75.82,0.21,90.0,24975.77,28.81,4998.31,29,NORMAL,NONE,NONE,NONE,866.91,2076.57,0,NORMAL
2026-09-09 16:32:30,MAITRI,-30.34,43.93,992.34,73.22,400.0,92.58,0.22,90.0,24976.1,35.18,4998.31,28,ANOMALY,ANOMALY_GENERATOR_OVERLOAD,NONE,NONE,709.92,2150.74,55,WARNING
2026-09-09 16:32:30,BHARATI,-15.42,43.75,985.59,78.37,400.0,63.59,0.18,90.0,24975.74,24.16,4998.3,31,NORMAL,NONE,NONE,NONE,1033.65,1942.6,0,NORMAL
2026-09-09 16:32:35,MAITRI,-31.95,33.91,1009.99,75.09,400.0,81.35,0.23,90.0,24976.06,30.91,4998.31,32,NORMAL,NONE,NONE,NONE,807.92,1881.89,0,NORMAL
2026-09-09 16:32:35,BHARATI,-33.38,22.36,995.56,52.05,400.0,78.05,0.22,90.0,24975.7,29.66,4998.3,20,NORMAL,NONE,NONE,NONE,842.13,3011.03,0,NORMAL
2026-09-09 16:32:40,MAITRI,-15.58,44.45,985.74,57.75,400.0,63.75,0.18,90.0,24976.03,24.23,4998.3,31,NORMAL,NONE,NONE,NONE,1030.92,1942.6,0,NORMAL
2026-09-09 16:32:40,BHARATI,-32.52,25.87,1001.92,61.75,400.0,75.15,0.21,90.0,24975.66,28.56,4998.3,15,NORMAL,NONE,NONE,NONE,874.58,4014.7,0,NORMAL
2026-09-09 16:32:45,MAITRI,-18.96,33.75,1012.18,68.13,400.0,66.51,0.18,90.0,24975.99,25.27,4998.3,29,NORMAL,NONE,NONE,NONE,988.24,2076.57,0,NORMAL
2026-09-09 16:32:45,BHARATI,-18.78,20.27,1000.46,70.66,400.0,66.71,0.19,90.0,24975.62,25.35,4998.3,30,NORMAL,NONE,NONE,NONE,985.17,2007.35,0,NORMAL
2026-09-09 16:32:50,MAITRI,-30.32,29.6,1010.55,58.56,400.0,77.64,0.22,90.0,24975.95,29.5,4998.3,27,NORMAL,NONE,NONE,NONE,846.55,2230.39,0,NORMAL
2026-09-09 16:32:50,BHARATI,-27.86,43.22,971.41,79.01,400.0,94.7,0.2,90.0,24975.57,35.99,4998.29,15,ANOMALY,ANOMALY_GENERATOR_OVERLOAD,NONE,NONE,694.03,4014.69,55,WARNING
2026-09-09 16:32:55,MAITRI,-23.19,31.73,990.8,68.28,400.0,71.75,0.2,90.0,24975.91,27.26,4998.29,31,NORMAL,NONE,NONE,NONE,916.06,1942.59,0,NORMAL
2026-09-09 16:32:55,BHARATI,-15.59,18.77,1000.15,68.32,400.0,57.37,0.16,90.0,24975.54,21.8,4998.29,15,NORMAL,NONE,NONE,NONE,1145.64,4014.69,0,NORMAL
2026-09-09 16:33:00,MAITRI,-32.01,23.97,1010.87,70.76,400.0,80.21,0.22,90.0,24975.87,30.48,4998.29,29,NORMAL,NONE,NONE,NONE,819.45,2076.56,0,NORMAL
2026-09-09 16:33:00,BHARATI,-20.97,39.21,994.17,71.81,400.0,64.22,0.18,90.0,24975.51,24.4,4998.29,18,NORMAL,NONE,NONE,NONE,1023.48,3345.58,0,NORMAL
2026-09-09 16:33:05,MAITRI,-31.72,40.32,992.88,60.44,400.0,80.31,0.22,90.0,24975.83,30.52,4998.29,30,NORMAL,NONE,NONE,NONE,818.44,2007.34,0,NORMAL
2026-09-09 16:33:05,BHARATI,-30.77,36.04,985.98,72.94,400.0,77.31,0.21,90.0,24975.47,29.38,4998.29,25,NORMAL,NONE,NONE,NONE,850.19,2408.81,0,NORMAL
2026-09-09 16:33:10,MAITRI,-35.39,58.69,968.24,96.77,0.0,98.74,0.23,55.38,24975.78,37.52,4998.28,27,DISASTER,ANOMALY_GENERATOR_OVERLOAD,NONE,DISASTER_BLIZZARD_EMERGENCY,665.67,2230.38,90,CRITICAL
2026-09-09 16:33:10,BHARATI,-18.1,12.87,1014.01,77.49,400.0,67.21,0.19,90.0,24975.43,25.54,4998.28,33,NORMAL,NONE,NONE,NONE,977.95,1824.86,0,NORMAL
2026-09-09 16:33:15,MAITRI,-32.24,34.26,994.93,50.79,400.0,77.65,0.22,90.0,24975.74,29.51,4998.28,22,NORMAL,NONE,NONE,NONE,846.47,2737.28,0,NORMAL
2026-09-09 16:33:15,BHARATI,-28.77,50.62,970.92,70.36,400.0,92.24,0.2,90.0,24975.38,35.05,4998.28,21,ANOMALY,ANOMALY_GENERATOR_OVERLOAD,NONE,NONE,712.51,2867.63,55,WARNING
2026-09-09 16:33:20,MAITRI,-24.43,37.03,1011.47,68.61,400.0,68.65,0.19,90.0,24975.7,26.09,4998.28,20,NORMAL,NONE,NONE,NONE,957.43,3011.01,0,NORMAL
2026-09-09 16:33:20,BHARATI,-32.59,17.06,997.68,72.36,400.0,80.42,0.22,90.0,24975.34,30.56,4998.28,28,NORMAL,NONE,NONE,NONE,817.28,2150.72,0,NORMAL
2026-09-09 16:33:25,MAITRI,-33.09,14.36,1013.03,69.62,400.0,76.94,0.21,90.0,24975.66,29.24,4998.28,18,NORMAL,NONE,NONE,NONE,854.23,3345.57,0,NORMAL
2026-09-09 16:33:25,BHARATI,-24.52,11.91,1010.22,74.68,400.0,73.95,0.21,90.0,24975.3,28.1,4998.27,33,NORMAL,NONE,NONE,NONE,888.78,1824.85,0,NORMAL
2026-09-09 16:33:30,MAITRI,-28.95,24.32,987.5,71.15,400.0,71.8,0.2,90.0,24975.62,27.28,4998.27,16,NORMAL,NONE,NONE,NONE,915.37,3763.76,0,NORMAL
2026-09-09 16:33:30,BHARATI,-27.84,39.93,999.37,67.86,400.0,72.64,0.2,90.0,24975.26,27.6,4998.27,21,NORMAL,NONE,NONE,NONE,904.84,2867.63,0,NORMAL
2026-09-09 16:33:35,MAITRI,-26.78,19.36,994.84,65.69,400.0,73.51,0.2,90.0,24975.58,27.94,4998.27,26,NORMAL,NONE,NONE,NONE,894.04,2316.16,0,NORMAL
2026-09-09 16:33:35,BHARATI,-26.27,15.82,988.67,77.38,400.0,70.19,0.19,90.0,24975.23,26.67,4998.27,19,NORMAL,NONE,NONE,NONE,936.43,3169.48,0,NORMAL
2026-09-09 16:33:40,MAITRI,-25.74,22.07,986.77,50.97,400.0,71.63,0.2,90.0,24975.54,27.22,4998.27,24,NORMAL,NONE,NONE,NONE,917.62,2509.17,0,NORMAL
2026-09-09 16:33:40,BHARATI,-27.1,11.46,1007.02,52.05,400.0,74.25,0.21,90.0,24975.19,28.22,4998.27,27,NORMAL,NONE,NONE,NONE,885.13,2230.37,0,NORMAL
2026-09-09 16:33:41,MAITRI,-22.65,43.12,1003.24,59.95,400.0,72.39,0.2,90.0,24999.96,27.51,5000.0,34,NORMAL,NONE,NONE,NONE,908.85,1771.79,0,NORMAL
2026-09-09 16:33:41,BHARATI,-32.27,45.58,990.9,84.85,400.0,95.09,0.23,90.0,24999.95,36.13,5000.0,33,ANOMALY,ANOMALY_GENERATOR_OVERLOAD,NONE,NONE,691.87,1825.48,55,WARNING
2026-09-09 16:33:45,MAITRI,-15.61,18.98,992.29,55.1,400.0,62.59,0.17,90.0,24975.51,23.79,4998.27,28,NORMAL,NONE,NONE,NONE,1050.02,2150.72,0,NORMAL
2026-09-09 16:33:45,BHARATI,-31.99,31.42,995.13,77.09,400.0,80.19,0.22,90.0,24975.14,30.47,4998.26,29,NORMAL,NONE,NONE,NONE,819.62,2076.55,0,NORMAL
2026-09-09 16:33:46,MAITRI,-37.85,55.32,956.33,87.04,0.0,85.45,0.24,59.37,24999.92,32.47,4999.99,33,DISASTER,NONE,NONE,DISASTER_BLIZZARD_EMERGENCY,769.96,1825.48,70,CRITICAL
2026-09-09 16:33:46,BHARATI,-17.95,24.36,1009.77,53.03,400.0,62.24,0.17,90.0,24999.92,23.65,4999.99,21,NORMAL,NONE,NONE,NONE,1056.97,2868.61,0,NORMAL
2026-09-09 16:33:50,MAITRI,-25.7,17.96,1010.82,53.48,400.0,74.39,0.21,90.0,24975.47,28.27,4998.26,31,NORMAL,NONE,NONE,NONE,883.57,1942.58,0,NORMAL
2026-09-09 16:33:50,BHARATI,-22.11,39.35,981.63,81.14,400.0,96.44,0.2,90.0,24975.09,36.65,4998.26,32,ANOMALY,ANOMALY_GENERATOR_OVERLOAD,NONE,NONE,681.5,1881.88,55,WARNING
2026-09-09 16:33:51,MAITRI,-23.82,22.36,1001.76,63.79,400.0,67.61,0.19,90.0,24999.88,25.69,4999.99,19,NORMAL,NONE,NONE,NONE,973.03,3170.57,0,NORMAL
2026-09-09 16:33:51,BHARATI,-38.73,73.07,964.63,87.86,0.0,89.97,0.25,58.01,24999.87,34.19,4999.99,34,DISASTER,NONE,NONE,DISASTER_BLIZZARD_EMERGENCY,731.2,1771.79,70,CRITICAL
2026-09-09 16:33:55,MAITRI,-36.89,55.03,952.57,91.21,0.0,93.65,0.24,56.91,24975.42,35.59,4998.26,33,DISASTER,ANOMALY_GENERATOR_OVERLOAD,NONE,DISASTER_BLIZZARD_EMERGENCY,701.85,1824.85,90,CRITICAL
2026-09-09 16:33:55,BHARATI,-33.34,49.98,986.28,76.0,400.0,92.97,0.22,90.0,24975.04,35.33,4998.26,25,ANOMALY,ANOMALY_GENERATOR_OVERLOAD,NONE,NONE,706.95,2408.8,55,WARNING
2026-09-09 16:33:56,MAITRI,-24.25,20.78,987.87,59.04,400.0,70.06,0.19,90.0,24999.84,26.62,4999.99,24,NORMAL,NONE,NONE,NONE,939.04,2510.03,0,NORMAL
2026-09-09 16:33:56,BHARATI,-18.41,26.29,1014.21,65.78,400.0,61.53,0.17,90.0,24999.84,23.38,4999.99,18,NORMAL,NONE,NONE,NONE,1069.19,3346.71,0,NORMAL
2026-09-09 16:34:00,MAITRI,-26.42,43.3,1014.79,57.86,400.0,71.94,0.2,90.0,24975.38,27.34,4998.26,23,NORMAL,NONE,NONE,NONE,913.59,2618.26,0,NORMAL
2026-09-09 16:34:00,BHARATI,-21.47,22.57,988.75,70.07,400.0,64.75,0.18,90.0,24975.01,24.6,4998.26,18,NORMAL,NONE,NONE,NONE,1015.1,3345.55,0,NORMAL
2026-09-09 16:34:01,MAITRI,-29.61,10.62,987.12,67.98,400.0,73.29,0.2,90.0,24999.81,27.85,4999.99,18,NORMAL,NONE,NONE,NONE,897.69,3346.71,0,NORMAL
2026-09-09 16:34:01,BHARATI,-29.24,34.81,1013.54,77.59,400.0,74.11,0.21,90.0,24999.8,28.16,4999.99,21,NORMAL,NONE,NONE,NONE,887.75,2868.61,0,NORMAL
2026-09-09 16:34:05,MAITRI,-27.03,34.02,991.22,63.16,400.0,76.98,0.21,90.0,24975.34,29.25,4998.25,34,NORMAL,NONE,NONE,NONE,853.82,1771.17,0,NORMAL
2026-09-09 16:34:05,BHARATI,-24.81,25.61,1012.94,52.93,400.0,68.25,0.19,90.0,24974.97,25.94,4998.25,18,NORMAL,NONE,NONE,NONE,962.97,3345.55,0,NORMAL
2026-09-09 16:34:06,MAITRI,-32.92,33.65,1014.2,65.59,400.0,76.76,0.21,90.0,24999.76,29.17,4999.98,18,NORMAL,NONE,NONE,NONE,857.03,3346.71,0,NORMAL
2026-09-09 16:34:06,BHARATI,-18.47,18.11,1008.86,51.05,400.0,67.19,0.19,90.0,24999.76,25.53,4999.98,32,NORMAL,NONE,NONE,NONE,979.09,1882.52,0,NORMAL
2026-09-09 16:34:10,MAITRI,-15.18,15.26,989.96,59.05,400.0,61.34,0.17,90.0,24975.31,23.31,4998.25,26,NORMAL,NONE,NONE,NONE,1071.55,2316.15,0,NORMAL
2026-09-09 16:34:10,BHARATI,-22.15,33.45,987.0,75.05,400.0,65.06,0.18,90.0,24974.94,24.72,4998.25,17,NORMAL,NONE,NONE,NONE,1010.25,3542.35,0,NORMAL
2026-09-09 16:34:11,MAITRI,-19.18,29.72,1014.59,66.12,400.0,65.94,0.18,90.0,24999.73,25.06,4999.98,27,NORMAL,NONE,NONE,NONE,997.71,2231.14,0,NORMAL
2026-09-09 16:34:11,BHARATI,-17.26,21.8,987.62,63.55,400.0,61.12,0.17,90.0,24999.73,23.23,4999.98,20,NORMAL,NONE,NONE,NONE,1076.32,3012.04,0,NORMAL
2026-09-09 16:34:15,MAITRI,-34.15,26.51,1005.72,75.58,400.0,82.05,0.23,90.0,24975.27,31.18,4998.25,28,NORMAL,NONE,NONE,NONE,801.0,2150.71,0,NORMAL
2026-09-09 16:34:15,BHARATI,-27.67,15.3,994.06,73.81,400.0,77.25,0.21,90.0,24974.9,29.36,4998.25,33,NORMAL,NONE,NONE,NONE,850.76,1824.84,0,NORMAL
2026-09-09 16:34:16,MAITRI,-19.17,34.8,995.18,58.63,400.0,63.13,0.18,90.0,24999.7,23.99,4999.98,20,NORMAL,NONE,NONE,NONE,1042.17,3012.03,0,NORMAL
2026-09-09 16:34:16,BHARATI,-19.4,32.65,998.38,51.27,400.0,67.37,0.19,90.0,24999.69,25.6,4999.98,30,NORMAL,NONE,NONE,NONE,976.56,2008.02,0,NORMAL
2026-09-09 16:34:20,MAITRI,-32.43,25.46,988.53,67.58,400.0,75.45,0.21,90.0,24975.23,28.67,4998.24,16,NORMAL,NONE,NONE,NONE,871.13,3763.74,0,NORMAL
2026-09-09 16:34:20,BHARATI,-25.72,34.99,1002.44,74.14,400.0,70.4,0.2,90.0,24974.86,26.75,4998.24,21,NORMAL,NONE,NONE,NONE,933.51,2867.61,0,NORMAL
2026-09-09 16:34:21,MAITRI,-25.44,18.24,993.52,67.54,400.0,68.52,0.19,90.0,24999.66,26.04,4999.98,17,NORMAL,NONE,NONE,NONE,960.19,3543.57,0,NORMAL
2026-09-09 16:34:21,BHARATI,-26.86,18.58,1005.26,61.4,400.0,69.2,0.19,90.0,24999.66,26.3,4999.97,15,NORMAL,NONE,NONE,NONE,950.66,4016.04,0,NORMAL
2026-09-09 16:34:25,MAITRI,-24.26,41.01,1003.46,53.45,400.0,72.07,0.2,90.0,24975.19,27.39,4998.24,29,NORMAL,NONE,NONE,NONE,911.94,2076.54,0,NORMAL
2026-09-09 16:34:25,BHARATI,-26.04,10.31,993.73,54.69,400.0,73.95,0.21,90.0,24974.82,28.1,4998.24,29,NORMAL,NONE,NONE,NONE,888.8,2076.54,0,NORMAL
2026-09-09 16:34:26,MAITRI,-27.06,24.53,1007.52,52.9,400.0,73.42,0.2,90.0,24999.62,27.9,4999.97,25,NORMAL,NONE,NONE,NONE,896.11,2409.63,0,NORMAL
2026-09-09 16:34:26,BHARATI,-27.0,37.29,983.71,89.93,400.0,97.25,0.2,90.0,24999.61,36.95,4999.97,23,ANOMALY,ANOMALY_GENERATOR_OVERLOAD,NONE,NONE,676.49,2619.16,55,WARNING
2026-09-09 16:34:30,MAITRI,-24.19,43.07,999.47,74.53,400.0,70.8,0.2,90.0,24975.15,26.9,4998.24,26,NORMAL,NONE,NONE,NONE,928.36,2316.14,0,NORMAL
2026-09-09 16:34:30,BHARATI,-18.45,23.23,998.57,72.48,400.0,67.57,0.19,90.0,24974.79,25.68,4998.24,33,NORMAL,NONE,NONE,NONE,972.61,1824.84,0,NORMAL
2026-09-09 16:34:31,MAITRI,-16.15,39.86,991.64,79.56,400.0,62.76,0.17,90.0,24999.59,23.85,4999.97,27,NORMAL,NONE,NONE,NONE,1048.28,2231.13,0,NORMAL
2026-09-09 16:34:31,BHARATI,-37.43,55.07,976.59,81.19,400.0,97.77,0.24,90.0,24999.56,37.15,4999.97,26,ANOMALY,ANOMALY_GENERATOR_OVERLOAD,NONE,NONE,672.91,2316.95,65,WARNING
2026-09-09 16:34:35,MAITRI,-15.33,37.02,985.7,75.18,400.0,62.7,0.17,90.0,24975.12,23.83,4998.23,29,NORMAL,NONE,NONE,NONE,1048.24,2076.54,0,NORMAL
2026-09-09 16:34:35,BHARATI,-39.84,40.91,994.41,82.58,400.0,98.49,0.23,90.0,24974.73,37.42,4998.24,19,ANOMALY,ANOMALY_GENERATOR_OVERLOAD,NONE,NONE,667.33,3169.46,65,WARNING
2026-09-09 16:34:40,MAITRI,-24.01,29.19,1010.1,69.51,400.0,72.61,0.2,90.0,24975.08,27.59,4998.23,31,NORMAL,NONE,NONE,NONE,905.18,1942.57,0,NORMAL
2026-09-09 16:34:40,BHARATI,-28.85,15.21,1010.76,57.4,400.0,71.69,0.2,90.0,24974.7,27.24,4998.23,16,NORMAL,NONE,NONE,NONE,916.77,3763.73,0,NORMAL
2026-09-09 16:34:45,MAITRI,-27.65,38.37,989.44,88.77,400.0,92.65,0.2,90.0,24975.03,35.21,4998.23,19,ANOMALY,ANOMALY_GENERATOR_OVERLOAD,NONE,NONE,709.41,3169.45,55,WARNING
2026-09-09 16:34:45,BHARATI,-25.1,18.51,1012.06,50.86,400.0,73.35,0.2,90.0,24974.66,27.87,4998.23,30,NORMAL,NONE,NONE,NONE,896.0,2007.32,0,NORMAL
2026-09-09 16:34:50,MAITRI,-15.04,32.77,1006.89,51.27,400.0,59.19,0.16,90.0,24975.0,22.49,4998.23,21,NORMAL,NONE,NONE,NONE,1110.35,2867.6,0,NORMAL
2026-09-09 16:34:50,BHARATI,-36.0,43.87,970.11,85.17,400.0,97.96,0.23,90.0,24974.61,37.22,4998.23,29,ANOMALY,ANOMALY_GENERATOR_OVERLOAD,NONE,NONE,670.93,2076.54,65,WARNING
2026-09-09 16:34:55,MAITRI,-21.66,58.73,993.51,84.98,400.0,98.03,0.2,90.0,24974.95,37.25,4998.22,34,ANOMALY,ANOMALY_GENERATOR_OVERLOAD,NONE,NONE,670.43,1771.16,55,WARNING
2026-09-09 16:34:55,BHARATI,-18.34,26.39,1004.73,56.56,400.0,65.46,0.18,90.0,24974.57,24.87,4998.22,28,NORMAL,NONE,NONE,NONE,1004.01,2150.7,0,NORMAL
2026-09-09 16:35:00,MAITRI,-24.95,15.74,995.56,54.26,400.0,71.6,0.2,90.0,24974.91,27.21,4998.22,26,NORMAL,NONE,NONE,NONE,917.91,2316.13,0,NORMAL
2026-09-09 16:35:00,BHARATI,-33.43,50.33,985.93,73.1,400.0,93.19,0.23,90.0,24974.52,35.41,4998.22,30,ANOMALY,ANOMALY_GENERATOR_OVERLOAD,NONE,NONE,705.22,2007.32,55,WARNING
2026-09-09 16:37:11,MAITRI,-20.14,34.63,1002.36,77.4,400.0,66.54,0.18,90.0,24999.96,25.29,5000.0,26,NORMAL,NONE,NONE,NONE,988.65,2316.96,0,NORMAL
2026-09-09 16:37:11,BHARATI,-25.43,42.36,998.31,68.39,400.0,74.9,0.21,90.0,24999.96,28.46,5000.0,33,NORMAL,NONE,NONE,NONE,878.35,1825.48,0,NORMAL
2026-09-09 16:37:16,MAITRI,-21.92,26.23,1008.87,51.94,400.0,71.62,0.2,90.0,24999.93,27.21,4999.99,34,NORMAL,NONE,NONE,NONE,918.63,1771.79,0,NORMAL
2026-09-09 16:37:16,BHARATI,-36.93,47.51,983.97,76.85,400.0,95.0,0.24,90.0,24999.91,36.1,4999.99,28,ANOMALY,ANOMALY_GENERATOR_OVERLOAD,NONE,NONE,692.52,2151.46,65,WARNING
2026-09-09 16:37:21,MAITRI,-31.64,41.96,992.06,87.04,400.0,96.05,0.23,90.0,24999.88,36.5,4999.99,33,ANOMALY,ANOMALY_GENERATOR_OVERLOAD,NONE,NONE,684.93,1825.48,55,WARNING
2026-09-09 16:37:21,BHARATI,-34.55,15.1,996.89,72.72,400.0,83.68,0.23,90.0,24999.87,31.8,4999.99,31,NORMAL,NONE,NONE,NONE,786.2,1943.25,0,NORMAL
2026-09-09 16:37:27,MAITRI,-20.95,26.42,999.35,50.68,400.0,68.6,0.19,90.0,24999.84,26.07,4999.99,29,NORMAL,NONE,NONE,NONE,959.03,2077.27,0,NORMAL
2026-09-09 16:37:27,BHARATI,-17.53,27.6,1006.67,50.37,400.0,62.61,0.17,90.0,24999.83,23.79,4999.99,23,NORMAL,NONE,NONE,NONE,1050.76,2619.17,0,NORMAL
2026-09-09 16:37:32,MAITRI,-20.92,23.22,988.57,57.57,400.0,66.96,0.19,90.0,24999.8,25.45,4999.98,25,NORMAL,NONE,NONE,NONE,982.44,2409.63,0,NORMAL
2026-09-09 16:37:32,BHARATI,-21.67,31.94,1010.16,69.24,400.0,65.76,0.18,90.0,24999.8,24.99,4999.98,20,NORMAL,NONE,NONE,NONE,1000.47,3012.04,0,NORMAL
2026-09-09 16:37:37,MAITRI,-42.21,66.3,954.11,96.83,0.0,93.53,0.24,56.94,24999.76,35.54,4999.98,16,DISASTER,ANOMALY_GENERATOR_OVERLOAD,NONE,DISASTER_BLIZZARD_EMERGENCY,703.37,3765.05,90,CRITICAL
2026-09-09 16:37:37,BHARATI,-28.34,15.23,987.99,77.13,400.0,75.95,0.21,90.0,24999.76,28.86,4999.98,28,NORMAL,NONE,NONE,NONE,866.17,2151.45,0,NORMAL
2026-09-09 16:37:42,MAITRI,-21.37,41.27,989.89,52.36,400.0,66.63,0.19,90.0,24999.72,25.32,4999.98,23,NORMAL,NONE,NONE,NONE,987.32,2619.16,0,NORMAL
2026-09-09 16:37:42,BHARATI,-31.47,41.49,997.61,52.84,400.0,79.65,0.22,90.0,24999.72,30.27,4999.98,29,NORMAL,NONE,NONE,NONE,826.0,2077.27,0,NORMAL
2026-09-09 16:37:47,MAITRI,-39.06,54.72,983.19,82.06,400.0,93.95,0.23,90.0,24999.67,35.7,4999.98,15,ANOMALY,ANOMALY_GENERATOR_OVERLOAD,NONE,NONE,700.24,4016.05,65,WARNING
2026-09-09 16:37:47,BHARATI,-27.65,37.95,991.18,72.76,400.0,72.43,0.2,90.0,24999.68,27.53,4999.98,21,NORMAL,NONE,NONE,NONE,908.25,2868.6,0,NORMAL
2026-09-09 16:37:52,MAITRI,-29.9,51.03,986.73,79.21,400.0,92.3,0.22,90.0,24999.62,35.07,4999.97,32,ANOMALY,ANOMALY_GENERATOR_OVERLOAD,NONE,NONE,712.75,1882.52,55,WARNING
2026-09-09 16:37:52,BHARATI,-15.58,13.84,1009.31,61.98,400.0,64.15,0.18,90.0,24999.64,24.38,4999.97,32,NORMAL,NONE,NONE,NONE,1025.47,1882.52,0,NORMAL
2026-09-09 16:37:57,MAITRI,-17.22,40.94,1008.88,68.34,400.0,61.89,0.17,90.0,24999.59,23.52,4999.97,22,NORMAL,NONE,NONE,NONE,1063.06,2738.21,0,NORMAL
2026-09-09 16:37:57,BHARATI,-31.41,37.33,999.81,69.49,400.0,81.58,0.23,90.0,24999.6,31.0,4999.97,34,NORMAL,NONE,NONE,NONE,806.43,1771.78,0,NORMAL
2026-09-09 16:38:02,MAITRI,-28.61,17.34,1012.5,57.94,400.0,75.84,0.21,90.0,24999.55,28.82,4999.97,27,NORMAL,NONE,NONE,NONE,867.44,2231.13,0,NORMAL
2026-09-09 16:38:02,BHARATI,-17.24,34.1,1003.04,67.22,400.0,65.5,0.18,90.0,24999.57,24.89,4999.96,31,NORMAL,NONE,NONE,NONE,1004.41,1943.24,0,NORMAL
2026-09-09 16:38:07,MAITRI,-44.72,71.65,953.89,86.82,0.0,88.41,0.25,58.48,24999.5,33.59,4999.96,22,DISASTER,NONE,NONE,DISASTER_BLIZZARD_EMERGENCY,744.16,2738.21,70,CRITICAL
2026-09-09 16:38:07,BHARATI,-32.01,43.75,1011.62,56.9,400.0,79.01,0.22,90.0,24999.52,30.03,4999.96,26,NORMAL,NONE,NONE,NONE,832.61,2316.94,0,NORMAL
2026-09-09 16:38:12,MAITRI,-19.46,21.62,1001.26,79.47,400.0,67.43,0.19,90.0,24999.47,25.62,4999.96,30,NORMAL,NONE,NONE,NONE,975.63,2008.02,0,NORMAL
2026-09-09 16:38:12,BHARATI,-31.24,40.64,1011.33,64.15,400.0,77.0,0.21,90.0,24999.48,29.26,4999.96,23,NORMAL,NONE,NONE,NONE,854.4,2619.15,0,NORMAL
2026-09-09 16:38:17,MAITRI,-38.85,75.6,973.63,93.4,0.0,89.73,0.24,58.08,24999.42,34.1,4999.96,30,DISASTER,NONE,NONE,DISASTER_BLIZZARD_EMERGENCY,733.15,2008.02,70,CRITICAL
2026-09-09 16:38:17,BHARATI,-17.44,23.39,1002.23,62.34,400.0,62.11,0.17,90.0,24999.45,23.6,4999.96,22,NORMAL,NONE,NONE,NONE,1059.25,2738.2,0,NORMAL
2026-09-09 16:38:22,MAITRI,-31.48,30.67,1014.3,76.22,400.0,78.06,0.22,90.0,24999.38,29.66,4999.96,25,NORMAL,NONE,NONE,NONE,842.83,2409.62,0,NORMAL
2026-09-09 16:38:22,BHARATI,-27.06,28.56,989.79,74.57,400.0,70.21,0.2,90.0,24999.41,26.68,4999.95,17,NORMAL,NONE,NONE,NONE,937.0,3543.55,0,NORMAL
2026-09-09 16:38:27,MAITRI,-17.73,28.69,998.11,52.96,400.0,66.42,0.18,90.0,24999.34,25.24,4999.95,32,NORMAL,NONE,NONE,NONE,990.49,1882.51,0,NORMAL
2026-09-09 16:38:27,BHARATI,-22.99,23.79,991.76,68.16,400.0,66.74,0.19,90.0,24999.38,25.36,4999.95,19,NORMAL,NONE,NONE,NONE,985.8,3170.55,0,NORMAL
2026-09-09 16:38:32,MAITRI,-16.41,21.85,991.76,58.93,400.0,60.23,0.17,90.0,24999.31,22.89,4999.95,20,NORMAL,NONE,NONE,NONE,1092.31,3012.02,0,NORMAL
2026-09-09 16:38:32,BHARATI,-31.97,40.16,979.94,73.01,400.0,92.64,0.21,90.0,24999.33,35.2,4999.95,16,ANOMALY,ANOMALY_GENERATOR_OVERLOAD,NONE,NONE,710.16,3765.02,55,WARNING
2026-09-09 16:38:37,MAITRI,-22.42,44.55,982.07,77.26,400.0,96.29,0.18,90.0,24999.26,36.59,4999.95,16,ANOMALY,ANOMALY_GENERATOR_OVERLOAD,NONE,NONE,683.25,3765.02,55,WARNING
2026-09-09 16:38:37,BHARATI,-39.76,47.52,991.22,82.6,400.0,93.33,0.25,90.0,24999.28,35.46,4999.95,31,ANOMALY,ANOMALY_GENERATOR_OVERLOAD,NONE,NONE,704.91,1943.24,65,WARNING
2026-09-09 16:38:42,MAITRI,-21.6,34.95,1000.83,63.87,400.0,69.68,0.19,90.0,24999.22,26.48,4999.94,30,NORMAL,NONE,NONE,NONE,944.14,2008.01,0,NORMAL
2026-09-09 16:38:42,BHARATI,-28.3,29.06,1009.05,52.81,400.0,74.71,0.21,90.0,24999.24,28.39,4999.94,25,NORMAL,NONE,NONE,NONE,880.52,2409.61,0,NORMAL
2026-09-09 16:38:47,MAITRI,-29.39,17.17,1005.37,51.79,400.0,77.86,0.22,90.0,24999.18,29.59,4999.94,30,NORMAL,NONE,NONE,NONE,844.94,2008.01,0,NORMAL
2026-09-09 16:38:47,BHARATI,-16.44,32.2,995.78,56.5,400.0,65.87,0.18,90.0,24999.21,25.03,4999.94,34,NORMAL,NONE,NONE,NONE,998.82,1771.77,0,NORMAL
2026-09-09 16:38:52,MAITRI,-34.77,36.8,986.31,76.27,400.0,81.1,0.23,90.0,24999.14,30.82,4999.94,24,NORMAL,NONE,NONE,NONE,811.15,2510.01,0,NORMAL
2026-09-09 16:38:52,BHARATI,-20.15,19.13,988.73,67.87,400.0,67.36,0.19,90.0,24999.17,25.6,4999.94,28,NORMAL,NONE,NONE,NONE,976.66,2151.44,0,NORMAL
2026-09-09 16:38:57,MAITRI,-22.0,20.84,998.62,61.81,400.0,67.31,0.19,90.0,24999.1,25.58,4999.93,23,NORMAL,NONE,NONE,NONE,977.45,2619.14,0,NORMAL
2026-09-09 16:38:57,BHARATI,-26.86,16.29,989.86,57.73,400.0,76.4,0.21,90.0,24999.13,29.03,4999.93,33,NORMAL,NONE,NONE,NONE,861.05,1825.46,0,NORMAL
2026-09-09 16:39:02,MAITRI,-25.11,38.09,993.8,59.95,400.0,71.37,0.2,90.0,24999.07,27.12,4999.93,25,NORMAL,NONE,NONE,NONE,921.78,2409.61,0,NORMAL
2026-09-09 16:39:02,BHARATI,-27.24,20.11,1000.95,65.35,400.0,75.2,0.21,90.0,24999.09,28.58,4999.93,29,NORMAL,NONE,NONE,NONE,874.82,2077.25,0,NORMAL
2026-09-09 16:39:07,MAITRI,-28.86,14.01,986.3,65.72,400.0,78.51,0.22,90.0,24999.03,29.83,4999.93,33,NORMAL,NONE,NONE,NONE,837.98,1825.46,0,NORMAL
2026-09-09 16:39:07,BHARATI,-34.98,54.75,975.19,76.42,400.0,97.9,0.23,90.0,24999.04,37.2,4999.93,30,ANOMALY,ANOMALY_GENERATOR_OVERLOAD,NONE,NONE,671.97,2008.0,55,WARNING
2026-09-09 16:39:12,MAITRI,-17.05,21.58,990.07,61.62,400.0,64.91,0.18,90.0,24998.99,24.66,4999.92,30,NORMAL,NONE,NONE,NONE,1013.56,2008.0,0,NORMAL
2026-09-09 16:39:12,BHARATI,-31.62,31.73,988.59,69.1,400.0,76.6,0.21,90.0,24999.0,29.11,4999.92,21,NORMAL,NONE,NONE,NONE,858.88,2868.57,0,NORMAL
2026-09-09 16:39:17,MAITRI,-22.24,11.0,1013.49,60.49,400.0,70.35,0.2,90.0,24998.95,26.73,4999.92,30,NORMAL,NONE,NONE,NONE,935.1,2008.0,0,NORMAL
2026-09-09 16:39:17,BHARATI,-21.8,13.79,996.7,57.84,400.0,71.09,0.2,90.0,24998.96,27.01,4999.92,33,NORMAL,NONE,NONE,NONE,925.44,1825.45,0,NORMAL
2026-09-09 16:39:22,MAITRI,-24.96,24.08,992.29,52.15,400.0,68.01,0.19,90.0,24998.92,25.84,4999.92,17,NORMAL,NONE,NONE,NONE,967.34,3543.53,0,NORMAL
2026-09-09 16:39:22,BHARATI,-21.94,36.3,1003.83,53.6,400.0,69.64,0.19,90.0,24998.92,26.46,4999.92,29,NORMAL,NONE,NONE,NONE,944.72,2077.24,0,NORMAL
2026-09-09 16:39:27,MAITRI,-44.12,72.14,966.12,86.29,0.0,95.99,0.26,56.2,24998.87,36.48,4999.92,30,DISASTER,ANOMALY_GENERATOR_OVERLOAD,NONE,DISASTER_BLIZZARD_EMERGENCY,685.31,2008.0,90,CRITICAL
2026-09-09 16:39:27,BHARATI,-16.81,10.74,988.59,54.28,400.0,61.05,0.17,90.0,24998.89,23.2,4999.91,21,NORMAL,NONE,NONE,NONE,1077.5,2868.57,0,NORMAL
2026-09-09 16:39:32,MAITRI,-22.35,28.92,1003.57,79.9,400.0,70.86,0.2,90.0,24998.83,26.93,4999.91,31,NORMAL,NONE,NONE,NONE,928.35,1943.22,0,NORMAL
2026-09-09 16:39:32,BHARATI,-39.77,35.1,989.83,74.58,400.0,98.09,0.24,90.0,24998.84,37.27,4999.91,24,ANOMALY,ANOMALY_GENERATOR_OVERLOAD,NONE,NONE,670.67,2510.0,65,WARNING
2026-09-09 16:39:37,MAITRI,-31.85,12.68,988.6,77.62,400.0,76.85,0.21,90.0,24998.79,29.2,4999.91,21,NORMAL,NONE,NONE,NONE,856.08,2868.57,0,NORMAL
2026-09-09 16:39:37,BHARATI,-22.88,26.87,987.12,51.97,400.0,69.42,0.19,90.0,24998.8,26.38,4999.91,26,NORMAL,NONE,NONE,NONE,947.63,2316.92,0,NORMAL
2026-09-09 16:39:42,MAITRI,-25.01,59.99,975.61,79.17,400.0,96.44,0.2,90.0,24998.74,36.65,4999.91,31,ANOMALY,ANOMALY_GENERATOR_OVERLOAD,NONE,NONE,682.16,1943.22,55,WARNING
2026-09-09 16:39:42,BHARATI,-35.84,35.92,991.88,88.74,400.0,93.29,0.23,90.0,24998.76,35.45,4999.91,23,ANOMALY,ANOMALY_GENERATOR_OVERLOAD,NONE,NONE,705.16,2619.12,65,WARNING
2026-09-09 16:39:47,MAITRI,-25.69,34.16,986.12,73.26,400.0,73.97,0.21,90.0,24998.7,28.11,4999.9,30,NORMAL,NONE,NONE,NONE,889.32,2007.99,0,NORMAL
2026-09-09 16:39:47,BHARATI,-23.85,33.11,999.58,70.12,400.0,72.45,0.2,90.0,24998.72,27.53,4999.9,31,NORMAL,NONE,NONE,NONE,908.06,1943.22,0,NORMAL
2026-09-09 16:39:52,MAITRI,-21.51,15.57,1005.57,73.88,400.0,64.38,0.18,90.0,24998.67,24.47,4999.9,17,NORMAL,NONE,NONE,NONE,1021.8,3543.52,0,NORMAL
2026-09-09 16:39:52,BHARATI,-24.93,33.33,1008.56,64.22,400.0,69.58,0.19,90.0,24998.68,26.44,4999.9,21,NORMAL,NONE,NONE,NONE,945.53,2868.56,0,NORMAL
2026-09-09 16:39:57,MAITRI,-35.56,71.43,961.06,97.23,0.0,91.65,0.22,57.5,24998.62,34.83,4999.9,21,DISASTER,ANOMALY_GENERATOR_OVERLOAD,NONE,DISASTER_BLIZZARD_EMERGENCY,717.78,2868.56,90,CRITICAL
2026-09-09 16:39:57,BHARATI,-20.08,23.74,995.9,77.67,400.0,68.88,0.19,90.0,24998.64,26.17,4999.9,32,NORMAL,NONE,NONE,NONE,955.06,1882.49,0,NORMAL
2026-09-09 16:40:02,MAITRI,-21.06,50.64,987.31,78.73,400.0,92.94,0.18,90.0,24998.57,35.32,4999.9,15,ANOMALY,ANOMALY_GENERATOR_OVERLOAD,NONE,NONE,707.85,4015.98,55,WARNING
2026-09-09 16:40:02,BHARATI,-34.23,23.04,1013.64,79.37,400.0,78.14,0.22,90.0,24998.6,29.69,4999.89,18,NORMAL,NONE,NONE,NONE,841.88,3346.65,0,NORMAL
2026-09-09 16:40:07,MAITRI,-29.88,42.75,1013.34,66.34,400.0,73.97,0.21,90.0,24998.53,28.11,4999.89,19,NORMAL,NONE,NONE,NONE,889.3,3170.51,0,NORMAL
2026-09-09 16:40:07,BHARATI,-16.36,18.57,985.35,57.82,400.0,58.98,0.16,90.0,24998.57,22.41,4999.89,17,NORMAL,NONE,NONE,NONE,1115.45,3543.51,0,NORMAL
2026-09-09 16:40:12,MAITRI,-31.42,46.73,985.32,81.13,400.0,94.12,0.22,90.0,24998.48,35.77,4999.89,25,ANOMALY,ANOMALY_GENERATOR_OVERLOAD,NONE,NONE,698.93,2409.59,55,WARNING
2026-09-09 16:40:12,BHARATI,-31.62,11.92,991.65,67.18,400.0,79.4,0.22,90.0,24998.53,30.17,4999.89,28,NORMAL,NONE,NONE,NONE,828.57,2151.42,0,NORMAL
2026-09-09 16:40:17,MAITRI,-36.25,62.1,973.45,97.91,0.0,95.81,0.23,56.26,24998.43,36.41,4999.89,24,DISASTER,ANOMALY_GENERATOR_OVERLOAD,NONE,DISASTER_BLIZZARD_EMERGENCY,686.62,2509.98,90,CRITICAL
2026-09-09 16:40:17,BHARATI,-33.91,18.05,988.93,73.79,400.0,79.4,0.22,90.0,24998.49,30.17,4999.89,22,NORMAL,NONE,NONE,NONE,828.51,2738.16,0,NORMAL
2026-09-09 16:40:22,MAITRI,-31.68,48.13,984.25,89.73,400.0,96.45,0.22,90.0,24998.38,36.65,4999.89,29,ANOMALY,ANOMALY_GENERATOR_OVERLOAD,NONE,NONE,682.06,2077.23,55,WARNING
2026-09-09 16:40:22,BHARATI,-26.62,29.4,997.5,63.73,400.0,72.15,0.2,90.0,24998.45,27.42,4999.88,23,NORMAL,NONE,NONE,NONE,911.75,2619.11,0,NORMAL
2026-09-09 16:40:27,MAITRI,-29.79,33.29,990.71,53.65,400.0,76.28,0.21,90.0,24998.34,28.98,4999.88,25,NORMAL,NONE,NONE,NONE,862.47,2409.58,0,NORMAL
2026-09-09 16:40:27,BHARATI,-26.41,34.32,1008.87,60.76,400.0,68.73,0.19,90.0,24998.41,26.12,4999.88,15,NORMAL,NONE,NONE,NONE,957.12,4015.97,0,NORMAL
2026-09-09 16:40:32,MAITRI,-34.12,19.38,999.1,57.61,400.0,81.63,0.23,90.0,24998.29,31.02,4999.88,27,NORMAL,NONE,NONE,NONE,805.94,2231.09,0,NORMAL
2026-09-09 16:40:32,BHARATI,-26.75,42.39,1011.49,59.24,400.0,74.69,0.21,90.0,24998.37,28.38,4999.88,29,NORMAL,NONE,NONE,NONE,880.81,2077.22,0,NORMAL
2026-09-09 16:40:37,MAITRI,-17.76,32.13,998.96,65.43,400.0,60.84,0.17,90.0,24998.26,23.12,4999.88,18,NORMAL,NONE,NONE,NONE,1081.22,3346.64,0,NORMAL
2026-09-09 16:40:37,BHARATI,-41.39,57.35,952.96,91.21,0.0,98.87,0.24,55.34,24998.32,37.57,4999.88,22,DISASTER,ANOMALY_GENERATOR_OVERLOAD,NONE,DISASTER_BLIZZARD_EMERGENCY,665.4,2738.16,90,CRITICAL
2026-09-09 16:40:42,MAITRI,-21.23,18.71,986.32,58.66,400.0,67.29,0.19,90.0,24998.23,25.57,4999.87,25,NORMAL,NONE,NONE,NONE,977.6,2409.58,0,NORMAL
2026-09-09 16:40:42,BHARATI,-33.15,18.3,1002.6,50.7,400.0,77.41,0.22,90.0,24998.28,29.41,4999.87,19,NORMAL,NONE,NONE,NONE,849.87,3170.5,0,NORMAL
2026-09-09 16:40:47,MAITRI,-20.32,30.25,1013.9,65.47,400.0,68.73,0.19,90.0,24998.19,26.12,4999.87,31,NORMAL,NONE,NONE,NONE,957.09,1943.21,0,NORMAL
2026-09-09 16:40:47,BHARATI,-22.49,31.78,988.31,57.37,400.0,67.02,0.19,90.0,24998.25,25.47,4999.87,21,NORMAL,NONE,NONE,NONE,981.63,2868.54,0,NORMAL
2026-09-09 16:40:52,MAITRI,-26.54,35.84,997.39,52.66,400.0,74.86,0.21,90.0,24998.15,28.45,4999.87,30,NORMAL,NONE,NONE,NONE,878.71,2007.98,0,NORMAL
2026-09-09 16:40:52,BHARATI,-23.53,41.26,989.26,76.28,400.0,93.88,0.2,90.0,24998.2,35.67,4999.87,28,ANOMALY,ANOMALY_GENERATOR_OVERLOAD,NONE,NONE,700.75,2151.41,55,WARNING
2026-09-09 16:40:57,MAITRI,-35.35,79.0,953.53,86.97,0.0,98.64,0.23,55.41,24998.1,37.48,4999.86,27,DISASTER,ANOMALY_GENERATOR_OVERLOAD,NONE,DISASTER_BLIZZARD_EMERGENCY,666.94,2231.09,90,CRITICAL
2026-09-09 16:40:57,BHARATI,-24.45,13.57,996.99,52.7,400.0,72.67,0.2,90.0,24998.16,27.61,4999.86,30,NORMAL,NONE,NONE,NONE,905.26,2007.98,0,NORMAL
2026-09-09 16:41:02,MAITRI,-26.14,48.22,970.44,73.0,400.0,97.63,0.19,90.0,24998.05,37.1,4999.86,16,ANOMALY,ANOMALY_GENERATOR_OVERLOAD,NONE,NONE,673.83,3764.96,55,WARNING
2026-09-09 16:41:03,BHARATI,-16.11,13.95,1001.64,64.5,400.0,59.12,0.16,90.0,24998.13,22.46,4999.86,18,NORMAL,NONE,NONE,NONE,1112.81,3346.63,0,NORMAL
2026-09-09 16:41:08,MAITRI,-19.66,37.99,1001.13,67.48,400.0,63.25,0.18,90.0,24998.01,24.03,4999.86,19,NORMAL,NONE,NONE,NONE,1040.12,3170.49,0,NORMAL
2026-09-09 16:41:08,BHARATI,-27.97,33.92,1008.8,60.63,400.0,74.37,0.21,90.0,24998.09,28.26,4999.86,25,NORMAL,NONE,NONE,NONE,884.6,2409.57,0,NORMAL
2026-09-09 16:41:13,MAITRI,-20.48,57.42,976.88,88.07,400.0,98.98,0.18,90.0,24997.96,37.61,4999.86,19,ANOMALY,ANOMALY_GENERATOR_OVERLOAD,NONE,NONE,664.59,3170.49,55,WARNING
2026-09-09 16:41:13,BHARATI,-32.9,29.2,995.0,70.49,400.0,77.14,0.21,90.0,24998.05,29.32,4999.86,19,NORMAL,NONE,NONE,NONE,852.74,3170.49,0,NORMAL
2026-09-09 16:41:18,MAITRI,-33.4,20.57,1010.43,76.94,400.0,76.07,0.21,90.0,24997.92,28.91,4999.86,15,NORMAL,NONE,NONE,NONE,864.77,4015.95,0,NORMAL
2026-09-09 16:41:18,BHARATI,-15.58,24.72,996.68,75.23,400.0,61.76,0.17,90.0,24998.01,23.47,4999.85,26,NORMAL,NONE,NONE,NONE,1065.09,2316.89,0,NORMAL
2026-09-09 16:41:47,MAITRI,-29.79,33.6,1014.27,59.35,400.0,73.48,0.2,90.0,24999.96,27.92,5000.0,18,NORMAL,NONE,NONE,NONE,895.35,3346.72,0,NORMAL
2026-09-09 16:41:47,BHARATI,-16.69,21.07,1009.7,67.0,400.0,60.13,0.17,90.0,24999.97,22.85,5000.0,19,NORMAL,NONE,NONE,NONE,1094.2,3170.58,0,NORMAL
2026-09-09 16:41:52,MAITRI,-16.12,17.51,986.37,65.93,400.0,61.53,0.17,90.0,24999.93,23.38,5000.0,24,NORMAL,NONE,NONE,NONE,1069.23,2510.04,0,NORMAL
2026-09-09 16:41:52,BHARATI,-15.59,21.15,1013.67,57.11,400.0,64.97,0.18,90.0,24999.93,24.69,4999.99,34,NORMAL,NONE,NONE,NONE,1012.54,1771.79,0,NORMAL
2026-09-09 16:41:57,MAITRI,-16.13,40.82,988.42,73.31,400.0,63.53,0.18,90.0,24999.9,24.14,4999.99,29,NORMAL,NONE,NONE,NONE,1035.54,2077.27,0,NORMAL
2026-09-09 16:41:57,BHARATI,-33.29,27.23,1003.12,65.33,400.0,83.56,0.23,90.0,24999.89,31.75,4999.99,34,NORMAL,NONE,NONE,NONE,787.38,1771.79,0,NORMAL
2026-09-09 16:42:02,MAITRI,-29.65,34.15,987.04,63.96,400.0,76.13,0.21,90.0,24999.86,28.93,4999.99,25,NORMAL,NONE,NONE,NONE,864.15,2409.63,0,NORMAL
2026-09-09 16:42:02,BHARATI,-16.1,20.72,992.37,73.55,400.0,63.5,0.18,90.0,24999.86,24.13,4999.99,29,NORMAL,NONE,NONE,NONE,1035.98,2077.27,0,NORMAL
2026-09-09 16:42:07,MAITRI,-26.74,52.51,974.81,75.88,400.0,98.02,0.21,90.0,24999.8,37.25,4999.99,28,ANOMALY,ANOMALY_GENERATOR_OVERLOAD,NONE,NONE,671.16,2151.46,55,WARNING
2026-09-09 16:42:07,BHARATI,-18.0,12.66,1010.55,58.46,400.0,61.9,0.17,90.0,24999.82,23.52,4999.98,20,NORMAL,NONE,NONE,NONE,1062.89,3012.04,0,NORMAL
2026-09-09 16:42:12,MAITRI,-16.77,42.97,987.84,58.34,400.0,65.01,0.18,90.0,24999.77,24.7,4999.98,31,NORMAL,NONE,NONE,NONE,1011.94,1943.25,0,NORMAL
2026-09-09 16:42:12,BHARATI,-20.27,55.23,977.12,82.87,400.0,95.3,0.18,90.0,24999.77,36.22,4999.98,18,ANOMALY,ANOMALY_GENERATOR_OVERLOAD,NONE,NONE,690.3,3346.71,55,WARNING
2026-09-09 16:42:17,MAITRI,-15.46,11.63,990.37,66.93,400.0,58.44,0.16,90.0,24999.74,22.21,4999.98,18,NORMAL,NONE,NONE,NONE,1125.84,3346.71,0,NORMAL
2026-09-09 16:42:17,BHARATI,-15.76,41.01,1008.17,70.04,400.0,59.15,0.16,90.0,24999.74,22.48,4999.98,19,NORMAL,NONE,NONE,NONE,1112.24,3170.56,0,NORMAL
2026-09-09 16:42:22,MAITRI,-26.21,30.85,996.44,57.61,400.0,72.92,0.2,90.0,24999.7,27.71,4999.98,26,NORMAL,NONE,NONE,NONE,902.23,2316.95,0,NORMAL
2026-09-09 16:42:22,BHARATI,-16.13,10.3,999.47,62.22,400.0,64.74,0.18,90.0,24999.71,24.6,4999.98,32,NORMAL,NONE,NONE,NONE,1016.2,1882.52,0,NORMAL
2026-09-09 16:42:27,MAITRI,-25.78,26.29,1001.24,62.38,400.0,70.87,0.2,90.0,24999.66,26.93,4999.97,22,NORMAL,NONE,NONE,NONE,928.32,2738.21,0,NORMAL
2026-09-09 16:42:27,BHARATI,-16.58,28.77,1012.28,55.63,400.0,61.6,0.17,90.0,24999.68,23.41,4999.97,23,NORMAL,NONE,NONE,NONE,1067.92,2619.16,0,NORMAL
2026-09-09 16:42:32,MAITRI,-20.25,21.26,991.52,51.94,400.0,62.66,0.17,90.0,24999.63,23.81,4999.97,16,NORMAL,NONE,NONE,NONE,1049.89,3765.04,0,NORMAL
2026-09-09 16:42:32,BHARATI,-22.93,17.34,1014.85,68.69,400.0,65.88,0.18,90.0,24999.64,25.03,4999.97,17,NORMAL,NONE,NONE,NONE,998.6,3543.57,0,NORMAL
2026-09-09 16:42:37,MAITRI,-17.37,43.67,986.59,75.57,400.0,60.04,0.17,90.0,24999.6,22.82,4999.97,17,NORMAL,NONE,NONE,NONE,1095.75,3543.57,0,NORMAL
2026-09-09 16:42:37,BHARATI,-34.69,27.16,992.7,64.88,400.0,79.43,0.22,90.0,24999.6,30.18,4999.97,20,NORMAL,NONE,NONE,NONE,828.3,3012.03,0,NORMAL
2026-09-09 16:42:42,MAITRI,-38.38,44.41,991.69,79.14,400.0,93.1,0.24,90.0,24999.55,35.38,4999.97,31,ANOMALY,ANOMALY_GENERATOR_OVERLOAD,NONE,NONE,706.66,1943.24,65,WARNING
2026-09-09 16:42:42,BHARATI,-37.1,43.67,984.98,77.99,400.0,98.63,0.23,90.0,24999.55,37.48,4999.97,22,ANOMALY,ANOMALY_GENERATOR_OVERLOAD,NONE,NONE,667.04,2738.21,65,WARNING
2026-09-09 16:42:47,MAITRI,-34.29,27.51,1002.71,79.32,400.0,78.61,0.22,90.0,24999.51,29.87,4999.96,19,NORMAL,NONE,NONE,NONE,836.92,3170.55,0,NORMAL
2026-09-09 16:42:47,BHARATI,-27.5,39.0,989.38,58.32,400.0,75.07,0.21,90.0,24999.51,28.53,4999.96,28,NORMAL,NONE,NONE,NONE,876.33,2151.45,0,NORMAL
2026-09-09 16:42:52,MAITRI,-21.8,23.45,996.37,67.22,400.0,67.09,0.19,90.0,24999.47,25.49,4999.96,23,NORMAL,NONE,NONE,NONE,980.57,2619.15,0,NORMAL
2026-09-09 16:42:52,BHARATI,-20.64,18.43,1005.52,57.52,400.0,67.07,0.19,90.0,24999.47,25.49,4999.96,26,NORMAL,NONE,NONE,NONE,980.92,2316.94,0,NORMAL
2026-09-09 16:42:57,MAITRI,-16.73,10.65,988.78,73.25,400.0,62.57,0.17,90.0,24999.44,23.77,4999.96,25,NORMAL,NONE,NONE,NONE,1051.51,2409.62,0,NORMAL
2026-09-09 16:42:57,BHARATI,-26.71,25.67,1013.53,67.74,400.0,71.04,0.2,90.0,24999.43,27.0,4999.96,20,NORMAL,NONE,NONE,NONE,926.02,3012.02,0,NORMAL
2026-09-09 16:43:02,MAITRI,-15.45,24.9,999.13,73.68,400.0,57.23,0.16,90.0,24999.41,21.75,4999.96,15,NORMAL,NONE,NONE,NONE,1149.6,4016.03,0,NORMAL
2026-09-09 16:43:02,BHARATI,-23.01,30.63,985.52,52.12,400.0,69.16,0.19,90.0,24999.4,26.28,4999.96,25,NORMAL,NONE,NONE,NONE,951.29,2409.62,0,NORMAL
2026-09-09 16:43:07,MAITRI,-26.71,43.03,1003.14,74.4,400.0,75.45,0.21,90.0,24999.37,28.67,4999.95,31,NORMAL,NONE,NONE,NONE,871.99,1943.24,0,NORMAL
2026-09-09 16:43:07,BHARATI,-20.14,18.49,992.39,70.52,400.0,62.15,0.17,90.0,24999.36,23.62,4999.95,15,NORMAL,NONE,NONE,NONE,1058.53,4016.03,0,NORMAL
2026-09-09 17:02:02,MAITRI,-30.0,10.52,998.45,68.33,207.06,72.9,0.2,85.18,24999.96,27.7,5000.0,16,0.21,0,NONE,425.88,3499.24,0.12,664.86,37.6,0,NORMAL,5119.39,0.0,CRITICAL,NORMAL
2026-09-09 17:02:02,BHARATI,-33.45,34.59,1001.44,53.12,207.06,81.72,0.23,85.18,24999.96,31.05,5000.0,29,0.24,0,NONE,425.88,3922.47,0.11,745.27,33.54,0,NORMAL,5738.57,0.0,CRITICAL,NORMAL
2026-09-09 17:02:07,MAITRI,-34.7,25.01,998.64,78.57,207.06,78.23,0.22,85.18,24999.92,29.73,5000.0,17,0.23,0,NONE,425.88,3755.08,0.11,713.47,35.04,0,NORMAL,5493.69,0.0,CRITICAL,NORMAL
2026-09-09 17:02:07,BHARATI,-35.99,43.77,983.91,71.7,207.06,95.45,0.23,85.18,24999.91,36.27,4999.99,27,0.24,0,ANOMALY_GENERATOR_OVERLOAD,425.88,4012.29,0.11,870.51,28.72,65,WARNING,6702.95,0.0,CRITICAL,NORMAL
2026-09-09 17:02:12,MAITRI,-24.13,36.04,1003.06,69.42,207.06,73.14,0.2,85.18,24999.88,27.79,4999.99,32,0.21,0,NONE,425.88,3510.8,0.12,667.05,37.48,0,NORMAL,5136.3,0.0,CRITICAL,NORMAL
2026-09-09 17:02:12,BHARATI,-18.65,24.8,990.74,50.12,207.06,66.18,0.18,85.18,24999.87,25.15,4999.99,29,0.19,0,NONE,425.88,3176.57,0.13,603.55,41.42,0,NORMAL,4647.32,0.0,CRITICAL,NORMAL
2026-09-09 17:02:17,MAITRI,-19.6,16.42,986.91,68.07,207.06,67.98,0.19,85.18,24999.85,25.83,4999.99,31,0.2,0,NONE,425.88,3263.2,0.13,620.01,40.32,0,NORMAL,4774.06,0.0,CRITICAL,NORMAL
2026-09-09 17:02:17,BHARATI,-23.14,56.96,972.55,81.96,207.06,97.99,0.19,85.18,24999.82,37.24,4999.99,25,0.2,0,ANOMALY_GENERATOR_OVERLOAD,425.88,3326.39,0.13,893.71,27.97,55,WARNING,6881.58,0.0,CRITICAL,NORMAL
2026-09-09 17:02:22,MAITRI,-22.42,26.74,1012.47,54.07,207.06,66.54,0.18,85.18,24999.81,25.29,4999.99,20,0.19,0,NONE,425.88,3193.91,0.13,606.84,41.2,0,NORMAL,4672.69,0.0,CRITICAL,NORMAL
2026-09-09 17:02:22,BHARATI,-32.0,36.65,995.81,73.92,207.06,81.8,0.23,85.18,24999.78,31.08,4999.98,33,0.24,0,NONE,425.88,3926.29,0.11,745.99,33.51,0,NORMAL,5744.16,0.0,CRITICAL,NORMAL
2026-09-09 17:02:27,MAITRI,-38.03,44.68,991.57,82.08,207.06,93.04,0.23,85.18,24999.76,35.36,4999.98,23,0.25,0,ANOMALY_GENERATOR_OVERLOAD,425.88,4038.39,0.11,848.52,29.46,65,WARNING,6533.62,0.0,CRITICAL,NORMAL
2026-09-09 17:02:27,BHARATI,-32.97,31.17,1013.73,64.64,207.06,80.42,0.22,85.18,24999.73,30.56,4999.98,27,0.23,0,NONE,425.88,3860.21,0.11,733.44,34.09,0,NORMAL,5647.49,0.0,CRITICAL,NORMAL
2026-09-09 17:02:32,MAITRI,-30.06,37.17,1007.01,67.58,207.06,72.57,0.2,85.18,24999.72,27.58,4999.98,15,0.21,0,NONE,425.88,3483.25,0.12,661.82,37.77,0,NORMAL,5096.0,0.0,CRITICAL,NORMAL
2026-09-09 17:02:32,BHARATI,-29.34,20.92,998.06,63.83,207.06,75.01,0.21,85.18,24999.69,28.5,4999.98,23,0.22,0,NONE,425.88,3600.43,0.12,684.08,36.54,0,NORMAL,5267.43,0.0,CRITICAL,NORMAL
2026-09-09 17:02:37,MAITRI,-32.95,44.13,987.37,69.59,207.06,80.0,0.22,85.18,24999.68,30.4,4999.98,26,0.23,0,NONE,425.88,3839.79,0.11,729.56,34.27,0,NORMAL,5617.61,0.0,CRITICAL,NORMAL
2026-09-09 17:02:37,BHARATI,-27.46,21.72,1004.81,57.17,207.06,74.63,0.21,85.18,24999.66,28.36,4999.97,27,0.22,0,NONE,425.88,3582.39,0.12,680.65,36.73,0,NORMAL,5241.03,0.0,CRITICAL,NORMAL
2026-09-09 17:02:42,MAITRI,-24.68,18.05,1012.66,70.72,207.06,68.91,0.19,85.18,24999.64,26.19,4999.98,20,0.2,0,NONE,425.88,3307.85,0.13,628.49,39.78,0,NORMAL,4839.39,0.0,CRITICAL,NORMAL
2026-09-09 17:02:42,BHARATI,-30.45,31.5,1000.45,60.23,207.06,76.18,0.21,85.18,24999.62,28.95,4999.97,23,0.22,0,NONE,425.88,3656.5,0.12,694.73,35.98,0,NORMAL,5349.45,0.0,CRITICAL,NORMAL
2026-09-09 17:02:47,MAITRI,-31.16,17.45,1006.3,59.27,207.06,78.12,0.22,85.18,24999.6,29.69,4999.97,26,0.23,0,NONE,425.88,3749.8,0.11,712.46,35.09,0,NORMAL,5485.96,0.0,CRITICAL,NORMAL
2026-09-09 17:02:47,BHARATI,-25.23,21.36,1003.05,78.35,207.06,71.89,0.2,85.18,24999.58,27.32,4999.97,26,0.21,0,NONE,425.88,3450.74,0.12,655.64,38.13,0,NORMAL,5048.43,0.0,CRITICAL,NORMAL
2026-09-09 17:02:52,MAITRI,-18.29,13.84,1014.5,54.06,207.06,63.0,0.18,85.18,24999.57,23.94,4999.97,22,0.18,0,NONE,425.88,3024.05,0.14,574.57,43.51,0,NORMAL,4424.19,0.0,CRITICAL,NORMAL
2026-09-09 17:02:52,BHARATI,-15.83,17.21,1008.71,61.55,207.06,63.23,0.18,85.18,24999.54,24.03,4999.97,29,0.18,0,NONE,425.88,3034.83,0.14,576.62,43.36,0,NORMAL,4439.96,0.0,CRITICAL,NORMAL
2026-09-09 17:02:57,MAITRI,-35.58,37.98,979.25,70.66,207.06,98.14,0.23,85.18,24999.52,37.29,4999.97,27,0.24,0,ANOMALY_GENERATOR_OVERLOAD,425.88,3991.75,0.11,895.0,27.93,65,WARNING,6891.48,0.0,CRITICAL,NORMAL
2026-09-09 17:02:57,BHARATI,-32.25,32.35,1001.15,53.63,207.06,82.46,0.23,85.18,24999.5,31.33,4999.96,34,0.24,0,NONE,425.88,3958.05,0.11,752.03,33.24,0,NORMAL,5790.62,0.0,CRITICAL,NORMAL
2026-09-09 17:03:02,MAITRI,-27.34,31.71,997.76,58.63,207.06,73.31,0.2,85.18,24999.48,27.86,4999.97,24,0.21,0,NONE,425.88,3518.91,0.12,668.59,37.39,0,NORMAL,5148.16,0.0,CRITICAL,NORMAL
2026-09-09 17:03:02,BHARATI,-24.76,21.91,992.08,62.72,207.06,73.4,0.2,85.18,24999.46,27.89,4999.96,31,0.21,0,NONE,425.88,3523.04,0.12,669.38,37.35,0,NORMAL,5154.21,0.0,CRITICAL,NORMAL
2026-09-09 17:03:07,MAITRI,-32.69,22.36,986.54,63.18,207.06,79.73,0.22,85.18,24999.44,30.3,4999.96,26,0.23,0,NONE,425.88,3826.96,0.11,727.12,34.38,0,NORMAL,5598.84,0.0,CRITICAL,NORMAL
2026-09-09 17:03:07,BHARATI,-34.86,13.2,1011.66,52.65,207.06,77.6,0.22,85.18,24999.42,29.49,4999.96,15,0.23,0,NONE,425.88,3725.02,0.11,707.75,35.32,0,NORMAL,5449.71,0.0,CRITICAL,NORMAL
2026-09-09 17:03:12,MAITRI,-16.32,36.5,1007.35,77.03,207.06,59.74,0.17,85.18,24999.41,22.7,4999.96,19,0.17,0,NONE,425.88,2867.45,0.15,544.82,45.89,0,NORMAL,4195.08,0.0,CRITICAL,NORMAL
2026-09-09 17:03:12,BHARATI,-15.71,23.94,991.43,66.06,207.06,62.7,0.17,85.18,24999.39,23.83,4999.95,28,0.18,0,NONE,425.88,3009.59,0.14,571.82,43.72,0,NORMAL,4403.04,0.0,CRITICAL,NORMAL
2026-09-09 17:03:17,MAITRI,-21.5,39.53,990.63,75.77,207.06,69.98,0.19,85.18,24999.37,26.59,4999.96,31,0.2,0,NONE,425.88,3359.0,0.13,638.21,39.17,0,NORMAL,4914.22,0.0,CRITICAL,NORMAL
2026-09-09 17:03:17,BHARATI,-31.66,16.43,990.78,79.58,207.06,77.04,0.21,85.18,24999.35,29.28,4999.95,22,0.22,0,NONE,425.88,3698.0,0.12,702.62,35.58,0,NORMAL,5410.18,0.0,CRITICAL,NORMAL
2026-09-09 17:03:22,MAITRI,-27.14,42.2,990.05,87.12,207.06,94.47,0.21,85.18,24999.32,35.9,4999.95,26,0.22,0,ANOMALY_GENERATOR_OVERLOAD,425.88,3547.04,0.12,861.6,29.01,55,WARNING,6634.35,0.0,CRITICAL,NORMAL
2026-09-09 17:03:22,BHARATI,-20.12,19.63,1014.36,70.37,207.06,64.13,0.18,85.18,24999.31,24.37,4999.95,20,0.19,0,NONE,425.88,3078.13,0.14,584.85,42.75,0,NORMAL,4503.31,0.0,CRITICAL,NORMAL
2026-09-09 17:03:27,MAITRI,-16.06,14.59,1009.05,54.1,207.06,61.07,0.17,85.18,24999.29,23.21,4999.95,23,0.18,0,NONE,425.88,2931.21,0.15,556.93,44.89,0,NORMAL,4288.35,0.0,CRITICAL,NORMAL
2026-09-09 17:03:27,BHARATI,-18.16,42.38,996.64,51.98,207.06,62.07,0.17,85.18,24999.28,23.59,4999.95,20,0.18,0,NONE,425.88,2979.26,0.14,566.06,44.16,0,NORMAL,4358.65,0.0,CRITICAL,NORMAL
2026-09-09 17:03:32,MAITRI,-24.66,50.97,993.98,89.11,207.06,96.86,0.19,85.18,24999.24,36.81,4999.95,18,0.2,0,ANOMALY_GENERATOR_OVERLOAD,425.88,3268.62,0.13,883.4,28.3,55,WARNING,6802.17,0.0,CRITICAL,NORMAL
2026-09-09 17:03:32,BHARATI,-24.43,49.17,973.08,70.4,207.06,94.57,0.21,85.18,24999.23,35.94,4999.94,33,0.22,0,ANOMALY_GENERATOR_OVERLOAD,425.88,3545.02,0.12,862.5,28.98,55,WARNING,6641.28,0.0,CRITICAL,NORMAL
2026-09-09 17:03:37,MAITRI,-27.42,12.83,1014.94,65.66,207.06,72.19,0.2,85.18,24999.2,27.43,4999.95,21,0.21,0,NONE,425.88,3465.33,0.12,658.41,37.97,0,NORMAL,5069.78,0.0,CRITICAL,NORMAL
2026-09-09 17:03:37,BHARATI,-26.54,11.93,993.35,58.39,207.06,75.66,0.21,85.18,24999.19,28.75,4999.94,32,0.22,0,NONE,425.88,3631.9,0.12,690.06,36.23,0,NORMAL,5313.46,0.0,CRITICAL,NORMAL
2026-09-09 17:03:42,MAITRI,-21.22,17.87,996.42,70.5,207.06,67.28,0.19,85.18,24999.16,25.57,4999.94,25,0.2,0,NONE,425.88,3229.42,0.13,613.59,40.74,0,NORMAL,4724.64,0.0,CRITICAL,NORMAL
2026-09-09 17:03:42,BHARATI,-23.68,36.79,1007.79,65.22,207.06,67.86,0.19,85.18,24999.15,25.79,4999.94,20,0.2,0,NONE,425.88,3257.22,0.13,618.87,40.39,0,NORMAL,4765.32,0.0,CRITICAL,NORMAL
2026-09-09 17:03:47,MAITRI,-27.9,20.47,1010.0,71.85,207.06,73.9,0.21,85.18,24999.12,28.08,4999.94,24,0.22,0,NONE,425.88,3547.14,0.12,673.96,37.09,0,NORMAL,5189.46,0.0,CRITICAL,NORMAL
2026-09-09 17:03:47,BHARATI,-34.46,38.03,977.04,71.79,207.06,93.18,0.23,85.18,24999.11,35.41,4999.93,31,0.24,0,ANOMALY_GENERATOR_OVERLOAD,425.88,4011.84,0.11,849.82,29.42,55,WARNING,6543.62,0.0,CRITICAL,NORMAL
2026-09-09 17:03:52,MAITRI,-41.67,74.52,964.64,90.9,0.0,85.87,0.25,59.24,24999.08,32.63,4999.94,24,0.26,0,NONE,296.2,4241.0,0.07,783.1,31.92,70,CRITICAL,6029.85,0.0,CRITICAL,NORMAL
2026-09-09 17:03:52,BHARATI,-36.39,39.17,986.24,88.69,207.06,92.35,0.23,85.18,24999.06,35.09,4999.93,24,0.24,0,ANOMALY_GENERATOR_OVERLOAD,425.88,3974.97,0.11,842.24,29.68,65,WARNING,6485.28,0.0,CRITICAL,NORMAL
2026-09-09 17:03:57,MAITRI,-18.26,29.68,989.57,54.69,207.06,66.58,0.18,85.18,24999.04,25.3,4999.93,31,0.19,0,NONE,425.88,3195.64,0.13,607.17,41.17,0,NORMAL,4675.22,0.0,CRITICAL,NORMAL
2026-09-09 17:03:57,BHARATI,-29.24,21.45,987.09,67.39,207.06,74.9,0.21,85.18,24999.02,28.46,4999.93,23,0.22,0,NONE,425.88,3595.18,0.12,683.08,36.6,0,NORMAL,5259.74,0.0,CRITICAL,NORMAL
2026-09-09 17:04:02,MAITRI,-15.63,14.33,1001.2,66.01,207.06,59.01,0.16,85.18,24999.01,22.42,4999.93,19,0.17,0,NONE,425.88,2832.3,0.15,538.14,46.45,0,NORMAL,4143.66,0.0,CRITICAL,NORMAL
2026-09-09 17:04:02,BHARATI,-21.62,32.89,994.58,58.27,207.06,66.9,0.19,85.18,24998.98,25.42,4999.92,23,0.2,0,NONE,425.88,3211.1,0.13,610.11,40.97,0,NORMAL,4697.84,0.0,CRITICAL,NORMAL
2026-09-09 17:04:07,MAITRI,-34.53,19.75,1010.47,53.52,207.06,83.25,0.23,85.18,24998.97,31.64,4999.93,30,0.24,0,NONE,425.88,3996.09,0.11,759.26,32.93,0,NORMAL,5846.28,0.0,CRITICAL,NORMAL
2026-09-09 17:04:07,BHARATI,-20.51,42.2,1003.98,69.2,207.06,62.54,0.17,85.18,24998.95,23.76,4999.92,15,0.18,0,NONE,425.88,3001.87,0.14,570.35,43.83,0,NORMAL,4391.73,0.0,CRITICAL,NORMAL
2026-09-09 17:04:12,MAITRI,-32.55,16.02,994.03,66.93,207.06,80.38,0.22,85.18,24998.93,30.54,4999.93,28,0.23,0,NONE,425.88,3858.16,0.11,733.05,34.1,0,NORMAL,5644.48,0.0,CRITICAL,NORMAL
2026-09-09 17:04:12,BHARATI,-22.75,39.29,1006.88,62.23,207.06,72.49,0.2,85.18,24998.91,27.54,4999.92,34,0.21,0,NONE,425.88,3479.3,0.12,661.07,37.82,0,NORMAL,5090.21,0.0,CRITICAL,NORMAL
2026-09-09 17:04:17,MAITRI,-28.02,42.54,994.81,62.28,207.06,70.43,0.2,85.18,24998.89,26.76,4999.92,15,0.21,0,NONE,425.88,3380.42,0.13,642.28,38.92,0,NORMAL,4945.55,0.0,CRITICAL,NORMAL
2026-09-09 17:04:17,BHARATI,-26.85,52.3,985.63,84.79,207.06,97.44,0.21,85.18,24998.86,37.03,4999.92,28,0.22,0,ANOMALY_GENERATOR_OVERLOAD,425.88,3570.82,0.12,888.62,28.13,55,WARNING,6842.35,0.0,CRITICAL,NORMAL
2026-09-09 17:04:22,MAITRI,-23.42,29.16,987.1,72.94,207.06,67.19,0.19,85.18,24998.85,25.53,4999.92,19,0.2,0,NONE,425.88,3225.22,0.13,612.79,40.79,0,NORMAL,4718.5,0.0,CRITICAL,NORMAL
2026-09-09 17:04:22,BHARATI,-19.63,35.09,995.71,60.85,207.06,68.41,0.19,85.18,24998.82,26.0,4999.91,32,0.2,0,NONE,425.88,3283.71,0.13,623.9,40.07,0,NORMAL,4804.07,0.0,CRITICAL,NORMAL
2026-09-09 17:04:27,MAITRI,-31.1,37.53,1001.5,76.95,207.06,81.26,0.23,85.18,24998.81,30.88,4999.92,34,0.24,0,NONE,425.88,3900.43,0.11,741.08,33.73,0,NORMAL,5706.32,0.0,CRITICAL,NORMAL
2026-09-09 17:04:27,BHARATI,-30.5,21.17,1004.84,59.89,207.06,73.83,0.21,85.18,24998.78,28.06,4999.91,17,0.22,0,NONE,425.88,3543.85,0.12,673.33,37.13,0,NORMAL,5184.65,0.0,CRITICAL,NORMAL
2026-09-09 17:04:32,MAITRI,-26.68,30.82,1013.62,75.15,207.06,74.22,0.21,85.18,24998.77,28.2,4999.91,28,0.22,0,NONE,425.88,3562.39,0.12,676.85,36.93,0,NORMAL,5211.78,0.0,CRITICAL,NORMAL
2026-09-09 17:04:32,BHARATI,-20.06,26.0,1009.93,55.81,207.06,69.67,0.19,85.18,24998.75,26.47,4999.91,34,0.2,0,NONE,425.88,3344.0,0.13,635.36,39.35,0,NORMAL,4892.27,0.0,CRITICAL,NORMAL
2026-09-09 17:04:37,MAITRI,-25.16,16.1,990.8,68.31,207.06,71.02,0.2,85.18,24998.73,26.99,4999.91,24,0.21,0,NONE,425.88,3409.07,0.12,647.72,38.59,0,NORMAL,4987.47,0.0,CRITICAL,NORMAL
2026-09-09 17:04:37,BHARATI,-26.51,49.3,979.15,86.08,207.06,95.24,0.2,85.18,24998.7,36.19,4999.9,24,0.21,0,ANOMALY_GENERATOR_OVERLOAD,425.88,3476.67,0.12,868.59,28.78,55,WARNING,6688.17,0.0,CRITICAL,NORMAL
2026-09-09 17:04:42,MAITRI,-25.36,36.47,994.31,53.64,207.06,74.03,0.21,85.18,24998.69,28.13,4999.91,31,0.22,0,NONE,425.88,3553.56,0.12,675.18,37.03,0,NORMAL,5198.85,0.0,CRITICAL,NORMAL
2026-09-09 17:04:42,BHARATI,-29.79,22.36,1013.07,58.31,207.06,78.28,0.22,85.18,24998.66,29.75,4999.9,30,0.23,0,NONE,425.88,3757.36,0.11,713.9,35.02,0,NORMAL,5497.02,0.0,CRITICAL,NORMAL
2026-09-09 17:04:48,MAITRI,-15.88,32.34,1008.16,66.05,207.06,65.27,0.18,85.18,24998.66,24.8,4999.9,34,0.19,0,NONE,425.88,3133.11,0.14,595.29,41.99,0,NORMAL,4583.75,0.0,CRITICAL,NORMAL
2026-09-09 17:04:48,BHARATI,-25.26,35.48,993.96,58.75,207.06,72.33,0.2,85.18,24998.62,27.48,4999.9,27,0.21,0,NONE,425.88,3471.63,0.12,659.61,37.9,0,NORMAL,5079.0,0.0,CRITICAL,NORMAL
2026-09-09 17:04:53,MAITRI,-15.73,27.14,1004.05,78.9,207.06,61.12,0.17,85.18,24998.63,23.22,4999.9,24,0.18,0,NONE,425.88,2933.56,0.15,557.38,44.85,0,NORMAL,4291.79,0.0,CRITICAL,NORMAL
2026-09-09 17:04:53,BHARATI,-31.02,42.7,984.5,80.24,207.06,96.38,0.21,85.18,24998.57,36.62,4999.89,21,0.22,0,ANOMALY_GENERATOR_OVERLOAD,425.88,3646.5,0.12,878.95,28.44,55,WARNING,6767.9,0.0,CRITICAL,NORMAL
2026-09-09 17:04:58,MAITRI,-24.97,20.22,1003.01,79.05,207.06,72.82,0.2,85.18,24998.59,27.67,4999.9,29,0.21,0,NONE,425.88,3495.52,0.12,664.15,37.64,0,NORMAL,5113.94,0.0,CRITICAL,NORMAL
2026-09-09 17:04:58,BHARATI,-26.12,14.89,986.2,79.67,207.06,76.03,0.21,85.18,24998.53,28.89,4999.89,34,0.22,0,NONE,425.88,3649.37,0.12,693.38,36.05,0,NORMAL,5339.03,0.0,CRITICAL,NORMAL
2026-09-09 17:05:03,MAITRI,-29.09,33.79,993.98,54.99,207.06,73.95,0.21,85.18,24998.55,28.1,4999.9,21,0.22,0,NONE,425.88,3549.53,0.12,674.41,37.07,0,NORMAL,5192.96,0.0,CRITICAL,NORMAL
2026-09-09 17:05:03,BHARATI,-17.69,18.01,992.42,64.85,207.06,65.97,0.18,85.18,24998.49,25.07,4999.89,31,0.19,0,NONE,425.88,3166.53,0.13,601.64,41.55,0,NORMAL,4632.64,0.0,CRITICAL,NORMAL
2026-09-09 17:05:08,MAITRI,-27.08,33.96,1001.84,53.89,207.06,73.83,0.21,85.18,24998.51,28.06,4999.89,26,0.22,0,NONE,425.88,3544.0,0.12,673.36,37.12,0,NORMAL,5184.88,0.0,CRITICAL,NORMAL
2026-09-09 17:05:08,BHARATI,-29.57,22.98,1011.37,79.75,207.06,77.25,0.21,85.18,24998.45,29.35,4999.88,28,0.23,0,NONE,425.88,3707.88,0.11,704.5,35.48,0,NORMAL,5424.63,0.0,CRITICAL,NORMAL
2026-09-09 17:05:13,MAITRI,-19.09,33.94,987.5,70.91,207.06,63.44,0.18,85.18,24998.48,24.11,4999.89,21,0.19,0,NONE,425.88,3045.13,0.14,578.57,43.21,0,NORMAL,4455.02,0.0,CRITICAL,NORMAL
2026-09-09 17:05:13,BHARATI,-22.63,58.8,979.36,78.54,207.06,95.13,0.18,85.18,24998.4,36.15,4999.88,19,0.19,0,ANOMALY_GENERATOR_OVERLOAD,425.88,3185.42,0.13,867.63,28.81,55,WARNING,6680.75,0.0,CRITICAL,NORMAL
2026-09-09 17:05:18,MAITRI,-15.04,29.67,1014.09,55.83,207.06,58.79,0.16,85.18,24998.45,22.34,4999.89,20,0.17,0,NONE,425.88,2821.79,0.15,536.14,46.63,0,NORMAL,4128.28,0.0,CRITICAL,NORMAL
2026-09-09 17:05:18,BHARATI,-29.39,38.63,993.47,69.12,207.06,75.86,0.21,85.18,24998.36,28.83,4999.88,25,0.22,0,NONE,425.88,3641.21,0.12,691.83,36.13,0,NORMAL,5327.09,0.0,CRITICAL,NORMAL
2026-09-09 17:05:23,MAITRI,-19.7,19.77,1008.67,61.0,207.06,68.49,0.19,85.18,24998.41,26.02,4999.88,32,0.2,0,NONE,425.88,3287.36,0.13,624.6,40.02,0,NORMAL,4809.41,0.0,CRITICAL,NORMAL
2026-09-09 17:05:23,BHARATI,-38.91,74.06,961.88,85.99,0.0,95.92,0.25,56.22,24998.31,36.45,4999.87,32,0.26,0,ANOMALY_GENERATOR_OVERLOAD,281.11,4255.26,0.07,874.83,28.58,90,CRITICAL,6736.17,0.0,CRITICAL,NORMAL
2026-09-09 17:05:28,MAITRI,-16.03,43.76,998.49,50.31,207.06,65.03,0.18,85.18,24998.38,24.71,4999.88,33,0.19,0,NONE,425.88,3121.38,0.14,593.06,42.15,0,NORMAL,4566.59,0.0,CRITICAL,NORMAL
2026-09-09 17:05:28,BHARATI,-18.33,18.16,998.79,79.83,207.06,67.05,0.19,85.18,24998.27,25.48,4999.87,32,0.2,0,NONE,425.88,3218.44,0.13,611.5,40.88,0,NORMAL,4708.58,0.0,CRITICAL,NORMAL
2026-09-09 17:05:33,MAITRI,-23.32,19.92,1004.56,58.45,207.06,69.08,0.19,85.18,24998.34,26.25,4999.88,24,0.2,0,NONE,425.88,3316.06,0.13,630.05,39.68,0,NORMAL,4851.4,0.0,CRITICAL,NORMAL
2026-09-09 17:05:33,BHARATI,-16.41,10.49,986.76,59.37,207.06,64.23,0.18,85.18,24998.24,24.41,4999.87,30,0.19,0,NONE,425.88,3082.87,0.14,585.75,42.68,0,NORMAL,4510.24,0.0,CRITICAL,NORMAL
2026-09-09 17:05:38,MAITRI,-31.3,22.08,987.98,69.68,207.06,74.66,0.21,85.18,24998.3,28.37,4999.88,17,0.22,0,NONE,425.88,3583.84,0.12,680.93,36.71,0,NORMAL,5243.16,0.0,CRITICAL,NORMAL
2026-09-09 17:05:38,BHARATI,-22.43,39.82,993.6,79.15,207.06,95.14,0.18,85.18,24998.19,36.15,4999.87,20,0.19,0,ANOMALY_GENERATOR_OVERLOAD,425.88,3194.63,0.13,867.66,28.81,55,WARNING,6680.98,0.0,CRITICAL,NORMAL
2026-09-09 17:05:43,MAITRI,-22.97,34.87,985.26,69.9,207.06,67.92,0.19,85.18,24998.26,25.81,4999.87,22,0.2,0,NONE,425.88,3260.15,0.13,619.43,40.36,0,NORMAL,4769.6,0.0,CRITICAL,NORMAL
2026-09-09 17:05:43,BHARATI,-32.39,40.33,1005.23,68.72,207.06,76.21,0.21,85.18,24998.15,28.96,4999.86,18,0.22,0,NONE,425.88,3658.3,0.12,695.08,35.96,0,NORMAL,5352.09,0.0,CRITICAL,NORMAL
2026-09-09 17:05:48,MAITRI,-25.4,28.35,1008.08,77.44,207.06,68.07,0.19,85.18,24998.23,25.87,4999.87,16,0.2,0,NONE,425.88,3267.35,0.13,620.8,40.27,0,NORMAL,4780.13,0.0,CRITICAL,NORMAL
2026-09-09 17:05:48,BHARATI,-20.33,25.81,986.6,56.24,207.06,65.14,0.18,85.18,24998.12,24.75,4999.86,22,0.19,0,NONE,425.88,3126.86,0.14,594.1,42.08,0,NORMAL,4574.6,0.0,CRITICAL,NORMAL
2026-09-09 17:05:53,MAITRI,-26.17,35.55,994.73,79.85,207.06,94.71,0.21,85.18,24998.18,35.99,4999.87,34,0.22,0,ANOMALY_GENERATOR_OVERLOAD,425.88,3651.85,0.12,863.75,28.94,55,WARNING,6650.84,0.0,CRITICAL,NORMAL
2026-09-09 17:05:53,BHARATI,-29.45,19.73,1004.37,57.17,207.06,79.52,0.22,85.18,24998.07,30.22,4999.86,34,0.23,0,NONE,425.88,3816.85,0.11,725.2,34.47,0,NORMAL,5584.05,0.0,CRITICAL,NORMAL
2026-09-09 17:05:58,MAITRI,-27.24,35.26,989.89,63.05,207.06,74.4,0.21,85.18,24998.14,28.27,4999.86,27,0.22,0,NONE,425.88,3571.28,0.12,678.54,36.84,0,NORMAL,5224.79,0.0,CRITICAL,NORMAL
2026-09-09 17:05:58,BHARATI,-39.2,53.93,979.47,79.05,207.06,94.48,0.24,85.18,24998.02,35.9,4999.85,23,0.25,0,ANOMALY_GENERATOR_OVERLOAD,425.88,4097.03,0.1,861.68,29.01,65,WARNING,6634.9,0.0,CRITICAL,NORMAL
2026-09-09 17:06:03,MAITRI,-26.59,39.66,1009.29,69.87,207.06,72.92,0.2,85.18,24998.1,27.71,4999.86,25,0.21,0,NONE,425.88,3499.98,0.12,665.0,37.59,0,NORMAL,5120.47,0.0,CRITICAL,NORMAL
2026-09-09 17:06:03,BHARATI,-25.05,25.12,1014.79,53.43,207.06,72.5,0.2,85.18,24997.99,27.55,4999.85,28,0.21,0,NONE,425.88,3480.21,0.12,661.24,37.8,0,NORMAL,5091.55,0.0,CRITICAL,NORMAL
2026-09-09 17:06:08,MAITRI,-15.37,29.56,992.05,53.53,207.06,62.74,0.17,85.18,24998.07,23.84,4999.86,29,0.18,0,NONE,425.88,3011.55,0.14,572.2,43.69,0,NORMAL,4405.9,0.0,CRITICAL,NORMAL
2026-09-09 17:06:08,BHARATI,-34.92,15.64,997.53,65.78,207.06,80.07,0.22,85.18,24997.94,30.43,4999.85,21,0.23,0,NONE,425.88,3843.35,0.11,730.24,34.23,0,NORMAL,5622.82,0.0,CRITICAL,NORMAL
2026-09-09 17:06:13,MAITRI,-33.86,33.58,1003.94,70.23,207.06,84.15,0.23,85.18,24998.02,31.98,4999.85,34,0.25,0,NONE,425.88,4039.22,0.11,767.45,32.57,0,NORMAL,5909.37,0.0,CRITICAL,NORMAL
2026-09-09 17:06:13,BHARATI,-24.15,25.55,1011.2,77.73,207.06,72.36,0.2,85.18,24997.91,27.5,4999.85,30,0.21,0,NONE,425.88,3473.18,0.12,659.9,37.88,0,NORMAL,5081.26,0.0,CRITICAL,NORMAL
2026-09-09 17:06:18,MAITRI,-29.95,16.72,1012.35,67.6,207.06,80.04,0.22,85.18,24997.98,30.42,4999.85,34,0.23,0,NONE,425.88,3842.08,0.11,729.99,34.24,0,NORMAL,5620.96,0.0,CRITICAL,NORMAL
2026-09-09 17:06:18,BHARATI,-25.87,25.79,1000.25,54.93,207.06,68.57,0.19,85.18,24997.87,26.05,4999.84,16,0.2,0,NONE,425.88,3291.14,0.13,625.32,39.98,0,NORMAL,4814.93,0.0,CRITICAL,NORMAL
2026-09-09 17:06:23,MAITRI,-30.93,44.66,977.78,71.1,207.06,92.89,0.21,85.18,24997.93,35.3,4999.85,22,0.22,0,ANOMALY_GENERATOR_OVERLOAD,425.88,3661.23,0.12,847.15,29.51,55,WARNING,6523.07,0.0,CRITICAL,NORMAL
2026-09-09 17:06:23,BHARATI,-28.33,15.81,1008.86,60.3,207.06,75.95,0.21,85.18,24997.83,28.86,4999.84,28,0.22,0,NONE,425.88,3645.64,0.12,692.67,36.09,0,NORMAL,5333.57,0.0,CRITICAL,NORMAL
2026-09-09 17:06:28,MAITRI,-25.12,19.1,985.65,70.02,207.06,72.18,0.2,85.18,24997.89,27.43,4999.84,27,0.21,0,NONE,425.88,3464.44,0.12,658.24,37.98,0,NORMAL,5068.48,0.0,CRITICAL,NORMAL
2026-09-09 17:06:28,BHARATI,-23.95,36.15,1011.63,64.24,207.06,68.15,0.19,85.18,24997.79,25.9,4999.84,20,0.2,0,NONE,425.88,3271.27,0.13,621.54,40.22,0,NORMAL,4785.87,0.0,CRITICAL,NORMAL
2026-09-09 17:06:33,MAITRI,-40.18,62.73,951.64,89.39,0.0,91.01,0.25,57.7,24997.85,34.58,4999.84,34,0.26,0,ANOMALY_GENERATOR_OVERLOAD,288.49,4357.81,0.07,829.98,30.12,90,CRITICAL,6390.87,0.0,CRITICAL,NORMAL
2026-09-09 17:06:33,BHARATI,-33.18,17.31,1009.92,75.45,207.06,77.84,0.22,85.18,24997.75,29.58,4999.84,20,0.23,0,NONE,425.88,3736.2,0.11,709.88,35.21,0,NORMAL,5466.06,0.0,CRITICAL,NORMAL
2026-09-09 17:06:38,MAITRI,-16.91,23.13,989.26,76.4,207.06,63.56,0.18,85.18,24997.81,24.15,4999.84,27,0.19,0,NONE,425.88,3050.88,0.14,579.67,43.12,0,NORMAL,4463.43,0.0,CRITICAL,NORMAL
2026-09-09 17:06:38,BHARATI,-33.39,38.52,999.22,78.81,207.06,76.46,0.21,85.18,24997.71,29.05,4999.83,16,0.22,0,NONE,425.88,3669.91,0.12,697.28,35.85,0,NORMAL,5369.08,0.0,CRITICAL,NORMAL
2026-09-09 17:06:43,MAITRI,-20.53,54.9,987.43,86.58,207.06,93.45,0.17,85.18,24997.76,35.51,4999.84,15,0.18,0,ANOMALY_GENERATOR_OVERLOAD,425.88,3002.8,0.14,852.28,29.33,55,WARNING,6562.58,0.0,CRITICAL,NORMAL
2026-09-09 17:06:43,BHARATI,-30.48,26.13,1008.58,75.24,207.06,73.0,0.2,85.18,24997.67,27.74,4999.83,15,0.21,0,NONE,425.88,3503.96,0.12,665.75,37.55,0,NORMAL,5126.3,0.0,CRITICAL,NORMAL
2026-09-09 17:06:48,MAITRI,-30.34,43.66,996.01,56.83,207.06,79.26,0.22,85.18,24997.72,30.12,4999.83,31,0.23,0,NONE,425.88,3804.34,0.11,722.83,34.58,0,NORMAL,5565.75,0.0,CRITICAL,NORMAL
2026-09-09 17:06:48,BHARATI,-20.88,43.14,986.28,56.84,207.06,66.92,0.19,85.18,24997.64,25.43,4999.83,25,0.2,0,NONE,425.88,3212.26,0.13,610.33,40.96,0,NORMAL,4699.54,0.0,CRITICAL,NORMAL
2026-09-09 17:06:53,MAITRI,-33.61,39.72,1007.85,52.09,207.06,76.29,0.21,85.18,24997.68,28.99,4999.83,15,0.22,0,NONE,425.88,3662.12,0.12,695.8,35.93,0,NORMAL,5357.68,0.0,CRITICAL,NORMAL
2026-09-09 17:06:53,BHARATI,-27.91,33.23,1011.66,74.39,207.06,71.51,0.2,85.18,24997.6,27.17,4999.83,18,0.21,0,NONE,425.88,3432.35,0.12,652.15,38.33,0,NORMAL,5021.53,0.0,CRITICAL,NORMAL
2026-09-09 17:06:58,MAITRI,-17.55,20.32,1005.38,65.75,207.06,60.23,0.17,85.18,24997.65,22.89,4999.83,17,0.18,0,NONE,425.88,2891.09,0.15,549.31,45.51,0,NORMAL,4229.67,0.0,CRITICAL,NORMAL
2026-09-09 17:06:58,BHARATI,-25.62,47.39,976.01,76.52,207.06,96.22,0.2,85.18,24997.55,36.56,4999.82,22,0.21,0,ANOMALY_GENERATOR_OVERLOAD,425.88,3393.4,0.13,877.55,28.49,55,WARNING,6757.14,0.0,CRITICAL,NORMAL
2026-09-09 17:07:03,MAITRI,-32.39,23.42,990.38,52.27,207.06,75.41,0.21,85.18,24997.61,28.65,4999.83,16,0.22,0,NONE,425.88,3619.5,0.12,687.7,36.35,0,NORMAL,5295.32,0.0,CRITICAL,NORMAL
2026-09-09 17:07:03,BHARATI,-19.41,11.7,989.74,51.57,207.06,68.58,0.19,85.18,24997.51,26.06,4999.82,33,0.2,0,NONE,425.88,3291.97,0.13,625.47,39.97,0,NORMAL,4816.16,0.0,CRITICAL,NORMAL
2026-09-09 17:07:08,MAITRI,-22.47,32.04,994.2,58.2,207.06,70.6,0.2,85.18,24997.57,26.83,4999.82,30,0.21,0,NONE,425.88,3388.68,0.13,643.85,38.83,0,NORMAL,4957.64,0.0,CRITICAL,NORMAL
2026-09-09 17:07:08,BHARATI,-25.37,17.03,1011.77,71.64,207.06,70.04,0.19,85.18,24997.48,26.62,4999.82,21,0.2,0,NONE,425.88,3362.06,0.13,638.79,39.13,0,NORMAL,4918.69,0.0,CRITICAL,NORMAL
2026-09-09 17:07:13,MAITRI,-24.68,42.89,1005.4,58.29,207.06,70.91,0.2,85.18,24997.53,26.95,4999.82,25,0.21,0,NONE,425.88,3403.67,0.13,646.7,38.65,0,NORMAL,4979.57,0.0,CRITICAL,NORMAL
2026-09-09 17:07:13,BHARATI,-22.35,21.54,1008.82,60.41,207.06,64.87,0.18,85.18,24997.44,24.65,4999.82,16,0.19,0,NONE,425.88,3113.77,0.14,591.62,42.25,0,NORMAL,4555.45,0.0,CRITICAL,NORMAL
2026-09-09 17:07:18,MAITRI,-28.11,14.95,1001.84,72.67,207.06,71.32,0.2,85.18,24997.5,27.1,4999.82,17,0.21,0,NONE,425.88,3423.33,0.12,650.43,38.43,0,NORMAL,5008.34,0.0,CRITICAL,NORMAL
2026-09-09 17:07:18,BHARATI,-25.9,39.61,1012.23,73.66,207.06,73.4,0.2,85.18,24997.4,27.89,4999.81,28,0.21,0,NONE,425.88,3523.2,0.12,669.41,37.34,0,NORMAL,5154.45,0.0,CRITICAL,NORMAL
2026-09-09 17:07:23,MAITRI,-21.78,24.3,999.91,68.37,207.06,65.87,0.18,85.18,24997.46,25.03,4999.82,20,0.19,0,NONE,425.88,3161.95,0.13,600.77,41.61,0,NORMAL,4625.93,0.0,CRITICAL,NORMAL
2026-09-09 17:07:23,BHARATI,-42.32,65.8,957.31,94.5,0.0,88.96,0.25,58.31,24997.36,33.8,4999.81,27,0.26,0,NONE,291.57,4331.43,0.07,811.28,30.81,70,CRITICAL,6246.88,0.0,CRITICAL,NORMAL
2026-09-09 17:07:28,MAITRI,-21.5,37.61,1007.52,58.95,207.06,65.98,0.18,85.18,24997.43,25.07,4999.81,21,0.19,0,NONE,425.88,3166.95,0.13,601.72,41.54,0,NORMAL,4633.25,0.0,CRITICAL,NORMAL
2026-09-09 17:07:28,BHARATI,-38.45,40.65,993.28,85.05,207.06,96.57,0.24,85.18,24997.31,36.69,4999.81,29,0.25,0,ANOMALY_GENERATOR_OVERLOAD,425.88,4174.48,0.1,880.68,28.38,65,WARNING,6781.21,0.0,CRITICAL,NORMAL
2026-09-09 17:07:33,MAITRI,-43.46,55.33,967.73,93.57,0.0,98.49,0.24,55.45,24997.38,37.43,4999.81,17,0.26,0,ANOMALY_GENERATOR_OVERLOAD,277.26,4196.93,0.07,898.24,27.83,90,CRITICAL,6916.45,0.0,CRITICAL,NORMAL
2026-09-09 17:07:33,BHARATI,-29.97,35.36,997.2,62.94,207.06,76.87,0.21,85.18,24997.26,29.21,4999.8,26,0.22,0,NONE,425.88,3689.81,0.12,701.06,35.66,0,NORMAL,5398.2,0.0,CRITICAL,NORMAL
2026-09-09 17:07:38,MAITRI,-17.46,27.47,997.36,52.91,207.06,64.94,0.18,85.18,24997.34,24.68,4999.81,29,0.19,0,NONE,425.88,3117.03,0.14,592.24,42.21,0,NORMAL,4560.22,0.0,CRITICAL,NORMAL
2026-09-09 17:07:38,BHARATI,-21.53,24.87,998.83,76.21,207.06,70.81,0.2,85.18,24997.23,26.91,4999.8,33,0.21,0,NONE,425.88,3398.78,0.13,645.77,38.71,0,NORMAL,4972.42,0.0,CRITICAL,NORMAL
2026-09-09 17:07:43,MAITRI,-35.41,58.62,986.13,86.71,207.06,98.68,0.22,85.18,24997.29,37.5,4999.81,18,0.23,0,ANOMALY_GENERATOR_OVERLOAD,425.88,3810.14,0.11,899.97,27.78,65,WARNING,6929.79,0.0,CRITICAL,NORMAL
2026-09-09 17:07:43,BHARATI,-34.14,31.17,996.94,56.76,207.06,80.45,0.22,85.18,24997.18,30.57,4999.8,24,0.23,0,NONE,425.88,3861.53,0.11,733.69,34.07,0,NORMAL,5649.42,0.0,CRITICAL,NORMAL
2026-09-09 17:07:48,MAITRI,-21.12,27.72,991.64,70.05,207.06,69.98,0.19,85.18,24997.25,26.59,4999.8,32,0.2,0,NONE,425.88,3359.07,0.13,638.22,39.17,0,NORMAL,4914.32,0.0,CRITICAL,NORMAL
2026-09-09 17:07:48,BHARATI,-33.11,38.5,1012.63,63.97,207.06,80.17,0.22,85.18,24997.14,30.46,4999.79,26,0.23,0,NONE,425.88,3848.05,0.11,731.13,34.19,0,NORMAL,5629.7,0.0,CRITICAL,NORMAL
2026-09-09 17:07:53,MAITRI,-28.63,18.22,1001.85,56.53,207.06,77.46,0.22,85.18,24997.21,29.44,4999.8,31,0.23,0,NONE,425.88,3718.32,0.11,706.48,35.38,0,NORMAL,5439.9,0.0,CRITICAL,NORMAL
2026-09-09 17:07:53,BHARATI,-23.93,37.64,997.64,68.32,207.06,73.32,0.2,85.18,24997.1,27.86,4999.79,33,0.21,0,NONE,425.88,3519.5,0.12,668.71,37.38,0,NORMAL,5149.03,0.0,CRITICAL,NORMAL
2026-09-09 17:07:58,MAITRI,-34.95,48.65,986.26,77.42,207.06,95.32,0.23,85.18,24997.16,36.22,4999.8,26,0.24,0,ANOMALY_GENERATOR_OVERLOAD,425.88,3940.8,0.11,869.32,28.75,55,WARNING,6693.76,0.0,CRITICAL,NORMAL
2026-09-09 17:07:58,BHARATI,-25.94,39.37,1003.71,59.78,207.06,70.24,0.2,85.18,24997.07,26.69,4999.79,20,0.2,0,NONE,425.88,3371.48,0.13,640.58,39.02,0,NORMAL,4932.48,0.0,CRITICAL,NORMAL
2026-09-09 17:08:03,MAITRI,-20.84,35.43,1000.01,52.74,207.06,69.68,0.19,85.18,24997.12,26.48,4999.79,32,0.2,0,NONE,425.88,3344.58,0.13,635.47,39.34,0,NORMAL,4893.12,0.0,CRITICAL,NORMAL
2026-09-09 17:08:04,BHARATI,-25.34,24.67,1004.02,70.0,207.06,68.41,0.19,85.18,24997.03,25.99,4999.79,17,0.2,0,NONE,425.88,3283.45,0.13,623.86,40.07,0,NORMAL,4803.69,0.0,CRITICAL,NORMAL
2026-09-09 17:08:09,MAITRI,-34.79,30.36,988.94,54.68,207.06,79.53,0.22,85.18,24997.08,30.22,4999.79,20,0.23,0,NONE,425.88,3817.64,0.11,725.35,34.46,0,NORMAL,5585.2,0.0,CRITICAL,NORMAL
2026-09-09 17:08:09,BHARATI,-33.03,14.81,1005.88,59.62,207.06,79.68,0.22,85.18,24996.99,30.28,4999.78,25,0.23,0,NONE,425.88,3824.59,0.11,726.67,34.4,0,NORMAL,5595.38,0.0,CRITICAL,NORMAL
2026-09-09 17:08:14,MAITRI,-33.27,12.47,998.38,70.93,207.06,76.34,0.21,85.18,24997.04,29.01,4999.79,16,0.22,0,NONE,425.88,3664.16,0.12,696.19,35.91,0,NORMAL,5360.66,0.0,CRITICAL,NORMAL
2026-09-09 17:08:14,BHARATI,-27.09,27.02,1007.34,65.52,207.06,75.44,0.21,85.18,24996.95,28.67,4999.78,30,0.22,0,NONE,425.88,3621.24,0.12,688.03,36.33,0,NORMAL,5297.87,0.0,CRITICAL,NORMAL
2026-09-09 17:08:19,MAITRI,-42.34,71.98,957.94,96.71,0.0,87.01,0.26,58.9,24997.0,33.06,4999.78,32,0.27,0,NONE,294.49,4428.38,0.07,793.51,31.5,70,CRITICAL,6110.0,0.0,CRITICAL,NORMAL
2026-09-09 17:08:19,BHARATI,-25.39,39.34,986.24,59.24,207.06,74.86,0.21,85.18,24996.91,28.45,4999.78,33,0.22,0,NONE,425.88,3593.5,0.12,682.76,36.61,0,NORMAL,5257.28,0.0,CRITICAL,NORMAL
2026-09-09 17:08:24,MAITRI,-23.22,53.92,986.88,80.51,207.06,97.24,0.19,85.18,24996.94,36.95,4999.78,27,0.2,0,ANOMALY_GENERATOR_OVERLOAD,425.88,3368.9,0.13,886.87,28.19,55,WARNING,6828.87,0.0,CRITICAL,NORMAL
2026-09-09 17:08:24,BHARATI,-17.75,27.71,994.62,69.46,207.06,60.44,0.17,85.18,24996.88,22.97,4999.77,17,0.18,0,NONE,425.88,2901.0,0.15,551.19,45.35,0,NORMAL,4244.16,0.0,CRITICAL,NORMAL
2026-09-09 17:08:29,MAITRI,-30.67,37.15,996.45,74.5,207.06,73.6,0.2,85.18,24996.91,27.97,4999.78,16,0.21,0,NONE,425.88,3532.9,0.12,671.25,37.24,0,NORMAL,5168.63,0.0,CRITICAL,NORMAL
2026-09-09 17:08:29,BHARATI,-28.16,36.63,1007.51,77.9,207.06,74.17,0.21,85.18,24996.84,28.18,4999.77,24,0.22,0,NONE,425.88,3560.0,0.12,676.4,36.96,0,NORMAL,5208.28,0.0,CRITICAL,NORMAL
2026-09-09 17:08:34,MAITRI,-15.12,32.44,986.09,71.0,207.06,59.68,0.17,85.18,24996.87,22.68,4999.78,22,0.17,0,NONE,425.88,2864.58,0.15,544.27,45.93,0,NORMAL,4190.89,0.0,CRITICAL,NORMAL
2026-09-09 17:08:34,BHARATI,-27.85,19.91,992.88,69.85,207.06,71.85,0.2,85.18,24996.8,27.3,4999.77,19,0.21,0,NONE,425.88,3448.59,0.12,655.23,38.15,0,NORMAL,5045.29,0.0,CRITICAL,NORMAL
2026-09-09 17:08:36,MAITRI,-33.54,28.1,1008.88,72.48,207.06,77.81,0.22,85.18,24999.96,29.57,5000.0,19,0.23,0,NONE,425.88,3735.08,0.11,709.67,35.23,0,NORMAL,5464.42,0.0,CRITICAL,NORMAL
2026-09-09 17:08:36,BHARATI,-32.17,27.79,1003.03,71.37,207.06,79.18,0.22,85.18,24999.96,30.09,5000.0,26,0.23,0,NONE,425.88,3800.71,0.11,722.13,34.62,0,NORMAL,5560.44,0.0,CRITICAL,NORMAL
2026-09-09 17:08:39,MAITRI,-21.71,25.18,1009.86,62.35,207.06,69.4,0.19,85.18,24996.84,26.37,4999.77,29,0.2,0,NONE,425.88,3331.13,0.13,632.91,39.49,0,NORMAL,4873.44,0.0,CRITICAL,NORMAL
2026-09-09 17:08:39,BHARATI,-22.52,42.47,985.75,52.16,207.06,70.24,0.2,85.18,24996.76,26.69,4999.77,29,0.2,0,NONE,425.88,3371.59,0.13,640.6,39.02,0,NORMAL,4932.64,0.0,CRITICAL,NORMAL
2026-09-09 17:08:44,MAITRI,-25.58,10.99,1012.99,68.41,207.06,73.46,0.2,85.18,24996.8,27.91,4999.77,29,0.21,0,NONE,425.88,3525.89,0.12,669.92,37.31,0,NORMAL,5158.37,0.0,CRITICAL,NORMAL
2026-09-09 17:08:44,BHARATI,-23.29,26.25,1007.17,54.77,207.06,71.06,0.2,85.18,24996.73,27.0,4999.76,29,0.21,0,NONE,425.88,3410.75,0.12,648.04,38.57,0,NORMAL,4989.92,0.0,CRITICAL,NORMAL
2026-09-09 17:08:49,MAITRI,-15.54,33.16,1011.39,72.93,207.06,62.12,0.17,85.18,24996.77,23.61,4999.77,27,0.18,0,NONE,425.88,2981.73,0.14,566.53,44.12,0,NORMAL,4362.27,0.0,CRITICAL,NORMAL
2026-09-09 17:08:49,BHARATI,-22.84,28.72,990.61,52.61,207.06,70.98,0.2,85.18,24996.69,26.97,4999.76,30,0.21,0,NONE,425.88,3407.23,0.12,647.37,38.61,0,NORMAL,4984.78,0.0,CRITICAL,NORMAL
2026-09-09 17:08:54,MAITRI,-25.66,43.31,987.72,71.87,207.06,67.95,0.19,85.18,24996.73,25.82,4999.77,15,0.2,0,NONE,425.88,3261.5,0.13,619.68,40.34,0,NORMAL,4771.57,0.0,CRITICAL,NORMAL
2026-09-09 17:08:54,BHARATI,-30.53,30.87,991.5,78.51,207.06,79.46,0.22,85.18,24996.65,30.2,4999.76,31,0.23,0,NONE,425.88,3814.13,0.11,724.68,34.49,0,NORMAL,5580.07,0.0,CRITICAL,NORMAL
2026-09-09 17:08:59,MAITRI,-23.66,17.13,1005.13,68.97,207.06,68.64,0.19,85.18,24996.69,26.08,4999.76,22,0.2,0,NONE,425.88,3294.63,0.13,625.98,39.93,0,NORMAL,4820.05,0.0,CRITICAL,NORMAL
2026-09-09 17:08:59,BHARATI,-30.09,55.92,990.55,81.95,207.06,98.28,0.2,85.18,24996.59,37.35,4999.75,15,0.21,0,ANOMALY_GENERATOR_OVERLOAD,425.88,3484.39,0.12,896.31,27.89,55,WARNING,6901.62,0.0,CRITICAL,NORMAL
2026-09-09 17:09:04,MAITRI,-30.77,28.4,1000.31,63.16,207.06,79.71,0.22,85.18,24996.65,30.29,4999.76,31,0.23,0,NONE,425.88,3826.14,0.11,726.97,34.38,0,NORMAL,5597.65,0.0,CRITICAL,NORMAL
2026-09-09 17:09:04,BHARATI,-32.27,15.9,1011.31,51.75,207.06,78.49,0.22,85.18,24996.55,29.83,4999.75,24,0.23,0,NONE,425.88,3767.38,0.11,715.8,34.92,0,NORMAL,5511.68,0.0,CRITICAL,NORMAL
2026-09-09 17:09:09,MAITRI,-33.16,39.76,1004.1,60.74,207.06,83.02,0.23,85.18,24996.61,31.55,4999.76,33,0.24,0,NONE,425.88,3984.84,0.11,757.12,33.02,0,NORMAL,5829.82,0.0,CRITICAL,NORMAL
2026-09-09 17:09:09,BHARATI,-27.6,16.05,999.73,58.27,207.06,74.78,0.21,85.18,24996.51,28.41,4999.75,27,0.22,0,NONE,425.88,3589.23,0.12,681.95,36.65,0,NORMAL,5251.04,0.0,CRITICAL,NORMAL
2026-09-09 17:09:14,MAITRI,-18.26,35.89,995.21,53.77,207.06,63.37,0.18,85.18,24996.57,24.08,4999.75,23,0.18,0,NONE,425.88,3041.92,0.14,577.97,43.25,0,NORMAL,4450.33,0.0,CRITICAL,NORMAL
2026-09-09 17:09:14,BHARATI,-25.42,36.87,990.09,78.21,207.06,98.4,0.2,85.18,24996.46,37.39,4999.74,25,0.21,0,ANOMALY_GENERATOR_OVERLOAD,425.88,3441.37,0.12,897.37,27.86,55,WARNING,6909.78,0.0,CRITICAL,NORMAL
2026-09-09 17:09:19,MAITRI,-28.53,39.33,982.45,83.67,207.06,94.28,0.21,85.18,24996.52,35.83,4999.75,24,0.22,0,ANOMALY_GENERATOR_OVERLOAD,425.88,3578.53,0.12,859.87,29.07,55,WARNING,6621.0,0.0,CRITICAL,NORMAL
2026-09-09 17:09:19,BHARATI,-15.05,42.33,994.47,78.31,207.06,56.8,0.16,85.18,24996.43,21.58,4999.74,15,0.17,0,NONE,425.88,2726.47,0.16,518.03,48.25,0,NORMAL,3988.82,0.0,CRITICAL,NORMAL
2026-09-09 17:09:24,MAITRI,-25.62,14.36,1006.15,55.83,207.06,74.3,0.21,85.18,24996.49,28.23,4999.75,31,0.22,0,NONE,425.88,3566.44,0.12,677.62,36.89,0,NORMAL,5217.71,0.0,CRITICAL,NORMAL
2026-09-09 17:09:24,BHARATI,-18.48,28.15,996.76,56.84,207.06,60.8,0.17,85.18,24996.4,23.1,4999.74,16,0.18,0,NONE,425.88,2918.44,0.15,554.5,45.08,0,NORMAL,4269.68,0.0,CRITICAL,NORMAL
2026-09-09 17:09:29,MAITRI,-17.78,31.69,991.09,71.66,207.06,67.27,0.19,85.18,24996.45,25.56,4999.74,34,0.2,0,NONE,425.88,3229.15,0.13,613.54,40.74,0,NORMAL,4724.24,0.0,CRITICAL,NORMAL
2026-09-09 17:09:29,BHARATI,-17.58,36.28,989.56,74.11,207.06,61.86,0.17,85.18,24996.37,23.51,4999.74,21,0.18,0,NONE,425.88,2969.34,0.14,564.17,44.31,0,NORMAL,4344.14,0.0,CRITICAL,NORMAL
2026-09-09 17:09:34,MAITRI,-17.69,17.46,985.66,76.52,207.06,59.98,0.17,85.18,24996.42,22.79,4999.74,16,0.17,0,NONE,425.88,2879.01,0.15,547.01,45.7,0,NORMAL,4211.99,0.0,CRITICAL,NORMAL
2026-09-09 17:09:34,BHARATI,-26.75,45.5,994.63,80.13,207.06,98.77,0.19,85.18,24996.31,37.53,4999.74,16,0.2,0,ANOMALY_GENERATOR_OVERLOAD,425.88,3335.16,0.13,900.79,27.75,55,WARNING,6936.07,0.0,CRITICAL,NORMAL
2026-09-09 17:09:39,MAITRI,-23.93,35.26,1003.23,63.8,207.06,72.92,0.2,85.18,24996.38,27.71,4999.74,32,0.21,0,NONE,425.88,3500.23,0.12,665.04,37.59,0,NORMAL,5120.84,0.0,CRITICAL,NORMAL
2026-09-09 17:09:39,BHARATI,-23.47,38.19,995.73,74.18,207.06,66.44,0.18,85.18,24996.28,25.25,4999.73,17,0.19,0,NONE,425.88,3189.3,0.13,605.97,41.25,0,NORMAL,4665.94,0.0,CRITICAL,NORMAL
2026-09-09 17:09:44,MAITRI,-32.49,26.13,1005.4,61.66,207.06,75.11,0.21,85.18,24996.34,28.54,4999.74,15,0.22,0,NONE,425.88,3605.37,0.12,685.02,36.49,0,NORMAL,5274.65,0.0,CRITICAL,NORMAL
2026-09-09 17:09:44,BHARATI,-38.9,44.63,992.34,71.53,207.06,92.18,0.24,85.18,24996.23,35.03,4999.73,25,0.25,0,ANOMALY_GENERATOR_OVERLOAD,425.88,4120.39,0.1,840.7,29.73,65,WARNING,6473.37,0.0,CRITICAL,NORMAL
2026-09-09 17:09:49,MAITRI,-15.89,24.82,990.91,73.67,207.06,60.49,0.17,85.18,24996.31,22.99,4999.73,22,0.18,0,NONE,425.88,2903.38,0.15,551.64,45.31,0,NORMAL,4247.64,0.0,CRITICAL,NORMAL
2026-09-09 17:09:49,BHARATI,-34.42,40.57,1013.96,79.37,207.06,78.34,0.22,85.18,24996.19,29.77,4999.73,18,0.23,0,NONE,425.88,3760.13,0.11,714.42,34.99,0,NORMAL,5501.07,0.0,CRITICAL,NORMAL
2026-09-09 17:09:54,MAITRI,-33.46,44.17,993.89,74.3,207.06,83.34,0.23,85.18,24996.26,31.67,4999.73,33,0.24,0,NONE,425.88,4000.13,0.11,760.03,32.89,0,NORMAL,5852.2,0.0,CRITICAL,NORMAL
2026-09-09 17:09:54,BHARATI,-26.58,39.54,972.53,83.79,207.06,94.31,0.2,85.18,24996.14,35.84,4999.73,22,0.21,0,ANOMALY_GENERATOR_OVERLOAD,425.88,3442.24,0.12,860.09,29.06,55,WARNING,6622.72,0.0,CRITICAL,NORMAL
2026-09-09 17:09:59,MAITRI,-29.87,37.53,995.93,79.51,207.06,77.56,0.22,85.18,24996.22,29.47,4999.73,28,0.23,0,NONE,425.88,3722.8,0.11,707.33,35.34,0,NORMAL,5446.45,0.0,CRITICAL,NORMAL
2026-09-09 17:09:59,BHARATI,-28.37,21.23,1002.96,67.77,207.06,72.38,0.2,85.18,24996.1,27.51,4999.73,19,0.21,0,NONE,425.88,3474.43,0.12,660.14,37.86,0,NORMAL,5083.08,0.0,CRITICAL,NORMAL
2026-09-09 17:10:04,MAITRI,-31.11,59.67,982.69,83.02,207.06,93.75,0.21,85.18,24996.17,35.63,4999.72,23,0.22,0,ANOMALY_GENERATOR_OVERLOAD,425.88,3689.53,0.12,855.03,29.23,55,WARNING,6583.73,0.0,CRITICAL,NORMAL
2026-09-09 17:10:04,BHARATI,-30.06,18.0,993.56,57.41,207.06,75.76,0.21,85.18,24996.06,28.79,4999.72,23,0.22,0,NONE,425.88,3636.6,0.12,690.95,36.18,0,NORMAL,5320.34,0.0,CRITICAL,NORMAL
2026-09-09 17:10:09,MAITRI,-25.13,26.66,988.57,65.78,207.06,68.58,0.19,85.18,24996.14,26.06,4999.72,18,0.2,0,NONE,425.88,3291.94,0.13,625.47,39.96,0,NORMAL,4816.11,0.0,CRITICAL,NORMAL
2026-09-09 17:10:09,BHARATI,-23.75,37.08,987.9,84.78,207.06,93.29,0.19,85.18,24996.01,35.45,4999.72,19,0.2,0,ANOMALY_GENERATOR_OVERLOAD,425.88,3241.87,0.13,850.84,29.38,55,WARNING,6551.45,0.0,CRITICAL,NORMAL
2026-09-09 17:10:14,MAITRI,-37.01,61.91,958.07,92.64,0.0,88.92,0.23,58.32,24996.09,33.79,4999.72,26,0.25,0,NONE,291.61,4044.31,0.07,810.99,30.82,70,CRITICAL,6244.62,0.0,CRITICAL,NORMAL
2026-09-09 17:10:14,BHARATI,-23.21,28.62,1009.0,67.92,207.06,69.37,0.19,85.18,24995.98,26.36,4999.72,25,0.2,0,NONE,425.88,3329.91,0.13,632.68,39.51,0,NORMAL,4871.66,0.0,CRITICAL,NORMAL
2026-09-09 17:10:19,MAITRI,-33.34,36.11,992.33,61.14,207.06,81.21,0.23,85.18,24996.05,30.86,4999.72,28,0.24,0,NONE,425.88,3897.87,0.11,740.6,33.75,0,NORMAL,5702.58,0.0,CRITICAL,NORMAL
2026-09-09 17:10:19,BHARATI,-27.1,33.51,994.19,65.94,207.06,71.06,0.2,85.18,24995.94,27.0,4999.72,19,0.21,0,NONE,425.88,3410.65,0.12,648.02,38.57,0,NORMAL,4989.78,0.0,CRITICAL,NORMAL
2026-09-09 17:10:24,MAITRI,-21.07,47.75,992.2,81.83,207.06,93.79,0.19,85.18,24996.0,35.64,4999.71,25,0.2,0,ANOMALY_GENERATOR_OVERLOAD,425.88,3221.78,0.13,855.34,29.22,55,WARNING,6586.12,0.0,CRITICAL,NORMAL
2026-09-09 17:10:24,BHARATI,-27.53,12.49,1005.0,53.09,207.06,72.3,0.2,85.18,24995.9,27.47,4999.71,21,0.21,0,NONE,425.88,3470.51,0.12,659.4,37.91,0,NORMAL,5077.35,0.0,CRITICAL,NORMAL
2026-09-09 17:10:29,MAITRI,-29.49,14.24,1012.64,56.76,207.06,73.57,0.2,85.18,24995.96,27.96,4999.71,19,0.21,0,NONE,425.88,3531.19,0.12,670.93,37.26,0,NORMAL,5166.13,0.0,CRITICAL,NORMAL
2026-09-09 17:10:29,BHARATI,-33.16,43.09,1004.57,59.58,207.06,81.42,0.23,85.18,24995.86,30.94,4999.71,29,0.24,0,NONE,425.88,3908.0,0.11,742.52,33.66,0,NORMAL,5717.4,0.0,CRITICAL,NORMAL
2026-09-09 17:10:34,MAITRI,-16.33,18.63,999.91,52.34,207.06,60.94,0.17,85.18,24995.93,23.16,4999.71,22,0.18,0,NONE,425.88,2925.31,0.15,555.81,44.97,0,NORMAL,4279.73,0.0,CRITICAL,NORMAL
2026-09-09 17:10:34,BHARATI,-17.75,28.26,994.51,70.73,207.06,59.64,0.17,85.18,24995.83,22.66,4999.71,15,0.17,0,NONE,425.88,2862.77,0.15,543.93,45.95,0,NORMAL,4188.23,0.0,CRITICAL,NORMAL
2026-09-09 17:10:39,MAITRI,-38.49,70.64,950.15,87.39,0.0,94.49,0.25,56.65,24995.88,35.9,4999.7,34,0.26,0,ANOMALY_GENERATOR_OVERLOAD,283.27,4272.45,0.07,861.7,29.01,90,CRITICAL,6635.11,0.0,CRITICAL,NORMAL
2026-09-09 17:10:39,BHARATI,-31.97,38.21,1006.36,53.91,207.06,74.96,0.21,85.18,24995.79,28.49,4999.71,16,0.22,0,NONE,425.88,3598.29,0.12,683.67,36.56,0,NORMAL,5264.3,0.0,CRITICAL,NORMAL
2026-09-09 17:10:44,MAITRI,-33.91,17.58,1013.46,79.56,207.06,83.41,0.23,85.18,24995.83,31.69,4999.7,32,0.24,0,NONE,425.88,4003.48,0.11,760.66,32.86,0,NORMAL,5857.09,0.0,CRITICAL,NORMAL
2026-09-09 17:10:44,BHARATI,-26.92,37.53,991.45,79.48,207.06,95.04,0.2,85.18,24995.74,36.12,4999.7,19,0.21,0,ANOMALY_GENERATOR_OVERLOAD,425.88,3401.54,0.13,866.81,28.84,55,WARNING,6674.42,0.0,CRITICAL,NORMAL
2026-09-09 17:10:49,MAITRI,-22.81,39.26,993.63,77.46,207.06,93.58,0.18,85.18,24995.78,35.56,4999.7,17,0.19,0,ANOMALY_GENERATOR_OVERLOAD,425.88,3156.14,0.13,853.43,29.29,55,WARNING,6571.4,0.0,CRITICAL,NORMAL
2026-09-09 17:10:49,BHARATI,-32.19,46.91,992.72,85.44,207.06,94.58,0.23,85.18,24995.69,35.94,4999.7,31,0.24,0,ANOMALY_GENERATOR_OVERLOAD,425.88,3897.61,0.11,862.53,28.98,55,WARNING,6641.45,0.0,CRITICAL,NORMAL
2026-09-09 17:10:54,MAITRI,-25.29,44.84,992.55,75.49,207.06,95.74,0.2,85.18,24995.73,36.38,4999.69,28,0.21,0,ANOMALY_GENERATOR_OVERLOAD,425.88,3492.28,0.12,873.19,28.63,55,WARNING,6723.53,0.0,CRITICAL,NORMAL
2026-09-09 17:10:54,BHARATI,-21.7,39.17,977.11,88.03,207.06,97.9,0.18,85.18,24995.63,37.2,4999.7,18,0.19,0,ANOMALY_GENERATOR_OVERLOAD,425.88,3119.32,0.14,892.89,27.99,55,WARNING,6875.22,0.0,CRITICAL,NORMAL
2026-09-09 17:10:59,MAITRI,-16.08,30.51,1011.69,51.62,207.06,59.48,0.17,85.18,24995.7,22.6,4999.69,19,0.17,0,NONE,425.88,2855.25,0.15,542.5,46.08,0,NORMAL,4177.24,0.0,CRITICAL,NORMAL
2026-09-09 17:10:59,BHARATI,-20.41,18.91,1011.56,67.65,207.06,66.43,0.18,85.18,24995.6,25.24,4999.7,25,0.19,0,NONE,425.88,3188.55,0.13,605.82,41.26,0,NORMAL,4664.85,0.0,CRITICAL,NORMAL
2026-09-09 17:11:04,MAITRI,-15.8,24.44,1007.41,79.39,207.06,59.59,0.17,85.18,24995.67,22.64,4999.69,20,0.17,0,NONE,425.88,2860.13,0.15,543.43,46.0,0,NORMAL,4184.38,0.0,CRITICAL,NORMAL
2026-09-09 17:11:04,BHARATI,-20.72,54.44,991.24,84.05,207.06,95.87,0.17,85.18,24995.55,36.43,4999.69,15,0.18,0,ANOMALY_GENERATOR_OVERLOAD,425.88,3012.48,0.14,874.32,28.59,55,WARNING,6732.29,0.0,CRITICAL,NORMAL
2026-09-09 17:11:09,MAITRI,-28.49,42.13,997.34,79.27,207.06,74.92,0.21,85.18,24995.63,28.47,4999.69,25,0.22,0,NONE,425.88,3595.99,0.12,683.24,36.58,0,NORMAL,5260.94,0.0,CRITICAL,NORMAL
2026-09-09 17:11:09,BHARATI,-31.69,24.25,987.7,58.27,207.06,79.08,0.22,85.18,24995.51,30.05,4999.69,27,0.23,0,NONE,425.88,3795.69,0.11,721.18,34.66,0,NORMAL,5553.09,0.0,CRITICAL,NORMAL
2026-09-09 17:11:14,MAITRI,-22.68,24.71,1004.6,50.46,207.06,66.01,0.18,85.18,24995.6,25.09,4999.69,18,0.19,0,NONE,425.88,3168.71,0.13,602.05,41.52,0,NORMAL,4635.82,0.0,CRITICAL,NORMAL
2026-09-09 17:11:14,BHARATI,-20.69,35.4,1002.2,52.92,207.06,62.72,0.17,85.18,24995.47,23.83,4999.69,15,0.18,0,NONE,425.88,3010.66,0.14,572.02,43.7,0,NORMAL,4404.59,0.0,CRITICAL,NORMAL
2026-09-09 17:11:19,MAITRI,-33.47,55.37,985.77,84.6,207.06,93.0,0.22,85.18,24995.55,35.34,4999.68,19,0.23,0,ANOMALY_GENERATOR_OVERLOAD,425.88,3731.87,0.11,848.12,29.47,55,WARNING,6530.5,0.0,CRITICAL,NORMAL
2026-09-09 17:11:19,BHARATI,-21.2,25.67,986.66,76.77,207.06,66.06,0.18,85.18,24995.44,25.1,4999.69,22,0.19,0,NONE,425.88,3171.01,0.13,602.49,41.49,0,NORMAL,4639.19,0.0,CRITICAL,NORMAL
2026-09-09 17:11:24,MAITRI,-33.46,51.86,979.48,70.4,207.06,92.99,0.23,85.18,24995.5,35.34,4999.68,34,0.24,0,ANOMALY_GENERATOR_OVERLOAD,425.88,4019.22,0.11,848.05,29.47,55,WARNING,6530.01,0.0,CRITICAL,NORMAL
2026-09-09 17:11:24,BHARATI,-32.33,11.26,996.58,66.48,207.06,80.14,0.22,85.18,24995.4,30.45,4999.68,28,0.23,0,NONE,425.88,3846.9,0.11,730.91,34.2,0,NORMAL,5628.02,0.0,CRITICAL,NORMAL
2026-09-09 17:11:29,MAITRI,-39.33,49.02,982.91,71.99,207.06,98.81,0.23,85.18,24995.45,37.55,4999.68,15,0.24,0,ANOMALY_GENERATOR_OVERLOAD,425.88,3950.4,0.11,901.12,27.74,65,WARNING,6938.61,0.0,CRITICAL,NORMAL
2026-09-09 17:11:30,BHARATI,-20.42,31.42,998.53,65.2,207.06,62.84,0.17,85.18,24995.36,23.88,4999.68,16,0.18,0,NONE,425.88,3016.42,0.14,573.12,43.61,0,NORMAL,4413.02,0.0,CRITICAL,NORMAL
2026-09-09 17:11:35,MAITRI,-26.43,28.09,1011.81,50.36,207.06,75.15,0.21,85.18,24995.41,28.56,4999.67,31,0.22,0,NONE,425.88,3607.35,0.12,685.4,36.47,0,NORMAL,5277.55,0.0,CRITICAL,NORMAL
2026-09-09 17:11:35,BHARATI,-22.05,37.89,987.21,77.23,207.06,70.55,0.2,85.18,24995.33,26.81,4999.68,31,0.21,0,NONE,425.88,3386.63,0.13,643.46,38.85,0,NORMAL,4954.64,0.0,CRITICAL,NORMAL
2026-09-09 17:11:40,MAITRI,-17.32,21.94,995.55,52.47,207.06,59.19,0.16,85.18,24995.38,22.49,4999.67,15,0.17,0,NONE,425.88,2840.92,0.15,539.77,46.31,0,NORMAL,4156.26,0.0,CRITICAL,NORMAL
2026-09-09 17:11:40,BHARATI,-28.79,30.61,987.77,50.21,207.06,77.23,0.21,85.18,24995.29,29.35,4999.67,30,0.23,0,NONE,425.88,3707.12,0.11,704.35,35.49,0,NORMAL,5423.52,0.0,CRITICAL,NORMAL
2026-09-09 17:11:45,MAITRI,-31.07,37.99,994.01,70.51,207.06,74.02,0.21,85.18,24995.34,28.13,4999.67,16,0.22,0,NONE,425.88,3553.15,0.12,675.1,37.02,0,NORMAL,5198.26,0.0,CRITICAL,NORMAL
2026-09-09 17:11:45,BHARATI,-30.31,26.23,1012.95,53.46,207.06,74.83,0.21,85.18,24995.25,28.44,4999.67,20,0.22,0,NONE,425.88,3591.8,0.12,682.44,36.63,0,NORMAL,5254.81,0.0,CRITICAL,NORMAL
2026-09-09 17:11:50,MAITRI,-33.74,10.81,1004.83,52.35,207.06,82.82,0.23,85.18,24995.29,31.47,4999.67,31,0.24,0,NONE,425.88,3975.48,0.11,755.34,33.09,0,NORMAL,5816.13,0.0,CRITICAL,NORMAL
2026-09-09 17:11:50,BHARATI,-32.86,16.27,1013.69,73.84,207.06,76.71,0.21,85.18,24995.21,29.15,4999.67,18,0.22,0,NONE,425.88,3681.87,0.12,699.55,35.73,0,NORMAL,5386.57,0.0,CRITICAL,NORMAL
2026-09-09 17:11:55,MAITRI,-37.09,73.33,973.94,89.79,0.0,98.31,0.23,55.51,24995.24,37.36,4999.66,20,0.24,0,ANOMALY_GENERATOR_OVERLOAD,277.54,3933.14,0.07,896.56,27.88,90,CRITICAL,6903.49,0.0,CRITICAL,NORMAL
2026-09-09 17:11:55,BHARATI,-39.26,76.05,953.07,89.24,0.0,92.24,0.25,57.33,24995.16,35.05,4999.67,30,0.26,0,ANOMALY_GENERATOR_OVERLOAD,286.64,4234.95,0.07,841.23,29.71,90,CRITICAL,6477.43,0.0,CRITICAL,NORMAL
2026-09-09 17:12:00,MAITRI,-27.82,55.83,983.42,77.69,207.06,98.13,0.21,85.18,24995.19,37.29,4999.66,24,0.22,0,ANOMALY_GENERATOR_OVERLOAD,425.88,3542.93,0.12,894.97,27.93,55,WARNING,6891.25,0.0,CRITICAL,NORMAL
2026-09-09 17:12:00,BHARATI,-23.75,36.3,985.47,79.72,207.06,69.94,0.19,85.18,24995.12,26.58,4999.66,25,0.2,0,NONE,425.88,3357.15,0.13,637.86,39.19,0,NORMAL,4911.51,0.0,CRITICAL,NORMAL
2026-09-09 17:12:05,MAITRI,-28.27,23.66,998.13,60.0,207.06,77.89,0.22,85.18,24995.15,29.6,4999.66,33,0.23,0,NONE,425.88,3738.51,0.11,710.32,35.19,0,NORMAL,5469.45,0.0,CRITICAL,NORMAL
2026-09-09 17:12:05,BHARATI,-32.99,23.53,1011.88,50.28,207.06,79.64,0.22,85.18,24995.08,30.26,4999.66,25,0.23,0,NONE,425.88,3822.75,0.11,726.32,34.41,0,NORMAL,5592.68,0.0,CRITICAL,NORMAL
2026-09-09 17:12:10,MAITRI,-33.17,16.66,999.3,70.57,207.06,75.83,0.21,85.18,24995.11,28.82,4999.66,15,0.22,0,NONE,425.88,3639.95,0.12,691.59,36.14,0,NORMAL,5325.24,0.0,CRITICAL,NORMAL
2026-09-09 17:12:10,BHARATI,-25.25,13.43,988.42,69.15,207.06,71.11,0.2,85.18,24995.04,27.02,4999.66,24,0.21,0,NONE,425.88,3413.52,0.12,648.57,38.54,0,NORMAL,4993.98,0.0,CRITICAL,NORMAL
2026-09-09 17:12:15,MAITRI,-34.12,12.7,990.77,67.8,207.06,77.63,0.22,85.18,24995.07,29.5,4999.65,17,0.23,0,NONE,425.88,3726.06,0.11,707.95,35.31,0,NORMAL,5451.23,0.0,CRITICAL,NORMAL
2026-09-09 17:12:15,BHARATI,-17.2,37.17,997.07,73.47,207.06,61.06,0.17,85.18,24995.01,23.2,4999.66,20,0.18,0,NONE,425.88,2931.09,0.15,556.91,44.88,0,NORMAL,4288.19,0.0,CRITICAL,NORMAL
2026-09-09 17:12:20,MAITRI,-33.94,26.64,998.23,58.54,207.06,81.44,0.23,85.18,24995.02,30.95,4999.65,27,0.24,0,NONE,425.88,3908.91,0.11,742.69,33.65,0,NORMAL,5718.73,0.0,CRITICAL,NORMAL
2026-09-09 17:12:20,BHARATI,-16.74,27.82,985.81,73.99,207.06,58.57,0.16,85.18,24994.98,22.26,4999.65,15,0.17,0,NONE,425.88,2811.48,0.15,534.18,46.79,0,NORMAL,4113.19,0.0,CRITICAL,NORMAL
2026-09-09 17:12:25,MAITRI,-29.38,30.41,994.33,61.39,207.06,77.05,0.21,85.18,24994.98,29.28,4999.65,28,0.22,0,NONE,425.88,3698.53,0.12,702.72,35.57,0,NORMAL,5410.95,0.0,CRITICAL,NORMAL
2026-09-09 17:12:25,BHARATI,-24.57,36.02,988.92,56.7,207.06,69.6,0.19,85.18,24994.94,26.45,4999.65,22,0.2,0,NONE,425.88,3340.83,0.13,634.76,39.38,0,NORMAL,4887.63,0.0,CRITICAL,NORMAL
2026-09-09 17:12:30,MAITRI,-18.38,44.86,988.63,51.58,207.06,60.7,0.17,85.18,24994.95,23.06,4999.65,16,0.18,0,NONE,425.88,2913.45,0.15,553.56,45.15,0,NORMAL,4262.38,0.0,CRITICAL,NORMAL
2026-09-09 17:12:30,BHARATI,-17.95,39.15,1006.37,50.78,207.06,65.85,0.18,85.18,24994.91,25.02,4999.65,30,0.19,0,NONE,425.88,3160.76,0.13,600.54,41.62,0,NORMAL,4624.19,0.0,CRITICAL,NORMAL
2026-09-09 17:12:35,MAITRI,-16.68,36.31,997.93,66.37,207.06,64.12,0.18,85.18,24994.92,24.36,4999.64,29,0.19,0,NONE,425.88,3077.54,0.14,584.73,42.75,0,NORMAL,4502.44,0.0,CRITICAL,NORMAL
2026-09-09 17:12:35,BHARATI,-32.12,12.48,1007.49,58.39,207.06,75.12,0.21,85.18,24994.87,28.55,4999.65,16,0.22,0,NONE,425.88,3605.93,0.12,685.13,36.48,0,NORMAL,5275.47,0.0,CRITICAL,NORMAL
2026-09-09 17:12:40,MAITRI,-34.21,30.16,999.12,56.85,207.06,82.52,0.23,85.18,24994.87,31.36,4999.64,29,0.24,0,NONE,425.88,3961.11,0.11,752.61,33.21,0,NORMAL,5795.11,0.0,CRITICAL,NORMAL
2026-09-09 17:12:40,BHARATI,-21.54,44.85,1009.5,53.21,207.06,70.81,0.2,85.18,24994.83,26.91,4999.64,33,0.21,0,NONE,425.88,3398.97,0.13,645.8,38.7,0,NORMAL,4972.69,0.0,CRITICAL,NORMAL
2026-09-09 17:12:45,MAITRI,-33.49,11.46,1008.18,58.15,207.06,80.97,0.22,85.18,24994.83,30.77,4999.64,27,0.24,0,NONE,425.88,3886.49,0.11,738.43,33.85,0,NORMAL,5685.93,0.0,CRITICAL,NORMAL
2026-09-09 17:12:45,BHARATI,-30.65,29.84,1004.5,54.53,207.06,78.38,0.22,85.18,24994.79,29.78,4999.64,28,0.23,0,NONE,425.88,3762.23,0.11,714.82,34.97,0,NORMAL,5504.15,0.0,CRITICAL,NORMAL
2026-09-09 17:12:50,MAITRI,-32.25,37.23,1006.18,62.0,207.06,76.87,0.21,85.18,24994.79,29.21,4999.63,20,0.22,0,NONE,425.88,3689.6,0.12,701.02,35.65,0,NORMAL,5397.89,0.0,CRITICAL,NORMAL
2026-09-09 17:12:50,BHARATI,-19.7,10.22,986.38,51.91,207.06,66.08,0.18,85.18,24994.75,25.11,4999.64,26,0.19,0,NONE,425.88,3171.85,0.13,602.65,41.47,0,NORMAL,4640.42,0.0,CRITICAL,NORMAL
2026-09-09 17:12:55,MAITRI,-31.91,15.91,1010.52,72.97,207.06,82.11,0.23,85.18,24994.75,31.2,4999.63,34,0.24,0,NONE,425.88,3941.22,0.11,748.83,33.38,0,NORMAL,5766.01,0.0,CRITICAL,NORMAL
2026-09-09 17:12:55,BHARATI,-20.58,14.62,1008.51,65.53,207.06,66.21,0.18,85.18,24994.72,25.16,4999.63,24,0.19,0,NONE,425.88,3178.07,0.13,603.83,41.39,0,NORMAL,4649.52,0.0,CRITICAL,NORMAL
2026-09-09 17:13:00,MAITRI,-25.83,13.84,1004.8,55.36,207.06,68.92,0.19,85.18,24994.71,26.19,4999.63,17,0.2,0,NONE,425.88,3308.3,0.13,628.58,39.76,0,NORMAL,4840.04,0.0,CRITICAL,NORMAL
2026-09-09 17:13:00,BHARATI,-21.36,43.09,994.21,67.73,207.06,64.63,0.18,85.18,24994.68,24.56,4999.63,18,0.19,0,NONE,425.88,3102.17,0.14,589.41,42.41,0,NORMAL,4538.47,0.0,CRITICAL,NORMAL
2026-09-09 17:13:05,MAITRI,-20.41,52.23,982.01,71.86,207.06,93.64,0.18,85.18,24994.66,35.58,4999.63,18,0.19,0,ANOMALY_GENERATOR_OVERLOAD,425.88,3054.5,0.14,853.99,29.27,55,WARNING,6575.73,0.0,CRITICAL,NORMAL
2026-09-09 17:13:05,BHARATI,-24.49,26.08,994.99,72.02,207.06,71.91,0.2,85.18,24994.65,27.33,4999.63,28,0.21,0,NONE,425.88,3451.89,0.12,655.86,38.11,0,NORMAL,5050.12,0.0,CRITICAL,NORMAL
2026-09-09 17:13:10,MAITRI,-42.73,60.9,950.14,92.13,0.0,92.43,0.25,57.27,24994.61,35.12,4999.62,27,0.26,0,ANOMALY_GENERATOR_OVERLOAD,286.36,4351.97,0.07,842.94,29.65,90,CRITICAL,6490.67,0.0,CRITICAL,NORMAL
2026-09-09 17:13:10,BHARATI,-30.87,25.04,1013.22,53.03,207.06,73.42,0.2,85.18,24994.61,27.9,4999.63,15,0.21,0,NONE,425.88,3524.0,0.12,669.56,37.33,0,NORMAL,5155.62,0.0,CRITICAL,NORMAL
2026-09-09 17:13:15,MAITRI,-17.96,40.62,1012.94,61.66,207.06,60.26,0.17,85.18,24994.58,22.9,4999.62,16,0.18,0,NONE,425.88,2892.49,0.15,549.57,45.48,0,NORMAL,4231.72,0.0,CRITICAL,NORMAL
2026-09-09 17:13:15,BHARATI,-29.22,31.03,1010.85,57.02,207.06,77.28,0.21,85.18,24994.57,29.37,4999.62,29,0.23,0,NONE,425.88,3709.28,0.11,704.76,35.47,0,NORMAL,5426.68,0.0,CRITICAL,NORMAL
2026-09-09 17:13:20,MAITRI,-27.98,37.24,1005.36,50.82,207.06,74.38,0.21,85.18,24994.54,28.26,4999.62,25,0.22,0,NONE,425.88,3570.14,0.12,678.33,36.85,0,NORMAL,5223.12,0.0,CRITICAL,NORMAL
2026-09-09 17:13:20,BHARATI,-32.1,17.99,990.21,71.98,207.06,82.31,0.23,85.18,24994.52,31.28,4999.62,34,0.24,0,NONE,425.88,3950.71,0.11,750.63,33.3,0,NORMAL,5779.89,0.0,CRITICAL,NORMAL
2026-09-09 17:13:25,MAITRI,-19.44,39.22,994.8,68.51,207.06,62.22,0.17,85.18,24994.51,23.64,4999.62,17,0.18,0,NONE,425.88,2986.32,0.14,567.4,44.05,0,NORMAL,4368.99,0.0,CRITICAL,NORMAL
2026-09-09 17:13:25,BHARATI,-28.77,56.24,978.77,82.38,207.06,94.79,0.2,85.18,24994.47,36.02,4999.62,16,0.21,0,ANOMALY_GENERATOR_OVERLOAD,425.88,3437.35,0.12,864.44,28.91,55,WARNING,6656.23,0.0,CRITICAL,NORMAL
2026-09-09 17:13:30,MAITRI,-32.68,24.03,985.21,79.45,207.06,82.51,0.23,85.18,24994.46,31.36,4999.61,33,0.24,0,NONE,425.88,3960.69,0.11,752.53,33.21,0,NORMAL,5794.49,0.0,CRITICAL,NORMAL
2026-09-09 17:13:30,BHARATI,-15.67,25.56,1007.94,75.47,207.06,57.85,0.16,85.18,24994.44,21.98,4999.62,16,0.17,0,NONE,425.88,2776.8,0.15,527.59,47.37,0,NORMAL,4062.45,0.0,CRITICAL,NORMAL
2026-09-09 17:13:35,MAITRI,-21.8,22.29,1000.06,65.44,207.06,65.49,0.18,85.18,24994.43,24.88,4999.61,19,0.19,0,NONE,425.88,3143.3,0.14,597.23,41.85,0,NORMAL,4598.64,0.0,CRITICAL,NORMAL
2026-09-09 17:13:35,BHARATI,-28.63,37.05,988.4,88.01,207.06,92.78,0.2,85.18,24994.39,35.25,4999.61,18,0.21,0,ANOMALY_GENERATOR_OVERLOAD,425.88,3468.42,0.12,846.11,29.54,55,WARNING,6515.05,0.0,CRITICAL,NORMAL
2026-09-09 17:13:40,MAITRI,-20.08,29.93,1010.51,58.36,207.06,67.28,0.19,85.18,24994.39,25.57,4999.61,28,0.2,0,NONE,425.88,3229.58,0.13,613.62,40.73,0,NORMAL,4724.87,0.0,CRITICAL,NORMAL
2026-09-09 17:13:40,BHARATI,-33.64,40.25,985.95,71.82,207.06,82.32,0.23,85.18,24994.35,31.28,4999.61,30,0.24,0,NONE,425.88,3951.23,0.11,750.73,33.29,0,NORMAL,5780.65,0.0,CRITICAL,NORMAL
2026-09-09 17:13:45,MAITRI,-26.08,32.43,1005.08,66.74,207.06,71.18,0.2,85.18,24994.36,27.05,4999.6,22,0.21,0,NONE,425.88,3416.76,0.12,649.19,38.5,0,NORMAL,4998.73,0.0,CRITICAL,NORMAL
2026-09-09 17:13:45,BHARATI,-28.9,47.27,979.92,82.83,207.06,92.35,0.21,85.18,24994.3,35.09,4999.61,24,0.22,0,ANOMALY_GENERATOR_OVERLOAD,425.88,3597.41,0.12,842.24,29.68,55,WARNING,6485.28,0.0,CRITICAL,NORMAL
2026-09-09 17:13:50,MAITRI,-20.24,33.43,989.26,63.31,207.06,63.45,0.18,85.18,24994.32,24.11,4999.6,18,0.19,0,NONE,425.88,3045.76,0.14,578.69,43.19,0,NORMAL,4455.95,0.0,CRITICAL,NORMAL
2026-09-09 17:13:50,BHARATI,-28.81,34.93,1014.65,57.04,207.06,78.85,0.22,85.18,24994.26,29.96,4999.6,34,0.23,0,NONE,425.88,3784.88,0.11,719.13,34.76,0,NORMAL,5537.28,0.0,CRITICAL,NORMAL
2026-09-09 17:13:55,MAITRI,-28.45,19.06,999.78,53.22,207.06,74.48,0.21,85.18,24994.28,28.3,4999.6,24,0.22,0,NONE,425.88,3574.88,0.12,679.23,36.8,0,NORMAL,5230.05,0.0,CRITICAL,NORMAL
2026-09-09 17:13:55,BHARATI,-25.73,44.3,1012.47,52.2,207.06,73.62,0.2,85.18,24994.22,27.98,4999.6,29,0.21,0,NONE,425.88,3533.78,0.12,671.42,37.23,0,NORMAL,5169.92,0.0,CRITICAL,NORMAL
2026-09-09 17:14:00,MAITRI,-35.18,68.37,951.79,85.75,0.0,93.93,0.24,56.82,24994.23,35.69,4999.6,34,0.25,0,ANOMALY_GENERATOR_OVERLOAD,284.11,4105.8,0.07,856.62,29.18,90,CRITICAL,6595.94,0.0,CRITICAL,NORMAL
2026-09-09 17:14:00,BHARATI,-32.71,18.82,991.94,58.43,207.06,82.54,0.23,85.18,24994.18,31.37,4999.6,33,0.24,0,NONE,425.88,3962.06,0.11,752.79,33.2,0,NORMAL,5796.49,0.0,CRITICAL,NORMAL
2026-09-09 17:14:05,MAITRI,-22.79,11.41,1011.94,66.17,207.06,67.33,0.19,85.18,24994.2,25.58,4999.59,21,0.2,0,NONE,425.88,3231.61,0.13,614.0,40.71,0,NORMAL,4727.84,0.0,CRITICAL,NORMAL
2026-09-09 17:14:05,BHARATI,-32.89,41.79,1011.68,68.53,207.06,78.74,0.22,85.18,24994.14,29.92,4999.59,23,0.23,0,NONE,425.88,3779.47,0.11,718.1,34.81,0,NORMAL,5529.36,0.0,CRITICAL,NORMAL
2026-09-09 17:14:10,MAITRI,-19.68,41.43,997.26,61.05,207.06,63.67,0.18,85.18,24994.17,24.19,4999.59,20,0.19,0,NONE,425.88,3055.95,0.14,580.63,43.05,0,NORMAL,4470.86,0.0,CRITICAL,NORMAL
2026-09-09 17:14:10,BHARATI,-36.67,70.31,956.63,97.36,0.0,93.96,0.24,56.81,24994.09,35.7,4999.59,33,0.25,0,ANOMALY_GENERATOR_OVERLOAD,284.06,4161.59,0.07,856.9,29.17,90,CRITICAL,6598.12,0.0,CRITICAL,NORMAL
2026-09-09 17:14:15,MAITRI,-30.38,22.4,1000.42,72.45,207.06,78.5,0.22,85.18,24994.12,29.83,4999.59,29,0.23,0,NONE,425.88,3767.87,0.11,715.9,34.91,0,NORMAL,5512.39,0.0,CRITICAL,NORMAL
2026-09-09 17:14:15,BHARATI,-28.21,37.63,987.39,85.81,207.06,96.37,0.21,85.18,24994.03,36.62,4999.59,28,0.22,0,ANOMALY_GENERATOR_OVERLOAD,425.88,3639.17,0.12,878.87,28.44,55,WARNING,6767.32,0.0,CRITICAL,NORMAL
2026-09-09 17:14:20,MAITRI,-25.54,35.39,989.33,74.59,207.06,73.02,0.2,85.18,24994.09,27.75,4999.58,28,0.21,0,NONE,425.88,3504.8,0.12,665.91,37.53,0,NORMAL,5127.52,0.0,CRITICAL,NORMAL
2026-09-09 17:14:20,BHARATI,-15.46,32.04,985.42,60.95,207.06,62.04,0.17,85.18,24994.0,23.57,4999.58,27,0.18,0,NONE,425.88,2977.72,0.14,565.77,44.18,0,NORMAL,4356.41,0.0,CRITICAL,NORMAL
2026-09-09 17:14:25,MAITRI,-21.63,22.04,1004.12,67.18,207.06,70.92,0.2,85.18,24994.05,26.95,4999.58,33,0.21,0,NONE,425.88,3404.0,0.13,646.76,38.65,0,NORMAL,4980.04,0.0,CRITICAL,NORMAL
2026-09-09 17:14:25,BHARATI,-40.33,77.7,961.91,89.64,0.0,92.76,0.24,57.17,24993.95,35.25,4999.58,24,0.25,0,ANOMALY_GENERATOR_OVERLOAD,285.86,4173.23,0.07,845.97,29.54,90,CRITICAL,6514.0,0.0,CRITICAL,NORMAL
2026-09-09 17:14:30,MAITRI,-29.09,58.17,972.75,78.67,207.06,94.64,0.21,85.18,24994.0,35.96,4999.58,26,0.22,0,ANOMALY_GENERATOR_OVERLOAD,425.88,3645.21,0.12,863.14,28.96,55,WARNING,6646.22,0.0,CRITICAL,NORMAL
2026-09-09 17:14:30,BHARATI,-30.32,46.46,994.37,81.0,207.06,95.09,0.21,85.18,24993.9,36.14,4999.58,24,0.22,0,ANOMALY_GENERATOR_OVERLOAD,425.88,3669.01,0.12,867.26,28.82,55,WARNING,6677.93,0.0,CRITICAL,NORMAL
2026-09-09 17:14:35,MAITRI,-23.81,44.14,997.61,67.13,207.06,70.8,0.2,85.18,24993.96,26.9,4999.57,27,0.21,0,NONE,425.88,3398.45,0.13,645.7,38.71,0,NORMAL,4971.93,0.0,CRITICAL,NORMAL
2026-09-09 17:14:35,BHARATI,-24.86,59.62,993.16,83.12,207.06,94.28,0.19,85.18,24993.85,35.83,4999.58,20,0.2,0,ANOMALY_GENERATOR_OVERLOAD,425.88,3316.79,0.13,859.84,29.07,55,WARNING,6620.77,0.0,CRITICAL,NORMAL
2026-09-09 17:14:40,MAITRI,-28.69,41.57,992.66,86.47,207.06,93.39,0.2,85.18,24993.91,35.49,4999.57,21,0.21,0,ANOMALY_GENERATOR_OVERLOAD,425.88,3529.08,0.12,851.68,29.35,55,WARNING,6557.93,0.0,CRITICAL,NORMAL
2026-09-09 17:14:40,BHARATI,-25.32,30.43,992.87,58.69,207.06,67.99,0.19,85.18,24993.82,25.83,4999.57,16,0.2,0,NONE,425.88,3263.3,0.13,620.03,40.31,0,NORMAL,4774.21,0.0,CRITICAL,NORMAL
2026-09-09 17:14:45,MAITRI,-43.03,69.89,953.31,96.48,0.0,91.4,0.25,57.58,24993.86,34.73,4999.57,26,0.26,0,ANOMALY_GENERATOR_OVERLOAD,287.9,4348.09,0.07,833.55,29.98,90,CRITICAL,6418.35,0.0,CRITICAL,NORMAL
2026-09-09 17:14:45,BHARATI,-24.68,17.14,1002.1,70.91,207.06,68.11,0.19,85.18,24993.78,25.88,4999.57,18,0.2,0,NONE,425.88,3269.47,0.13,621.2,40.23,0,NORMAL,4783.23,0.0,CRITICAL,NORMAL
2026-09-09 17:14:50,MAITRI,-22.15,10.83,993.68,55.45,207.06,70.25,0.2,85.18,24993.83,26.7,4999.57,30,0.2,0,NONE,425.88,3372.21,0.13,640.72,39.01,0,NORMAL,4933.54,0.0,CRITICAL,NORMAL
2026-09-09 17:14:50,BHARATI,-40.75,75.65,974.91,94.51,0.0,99.12,0.25,55.26,24993.73,37.67,4999.57,34,0.27,0,ANOMALY_GENERATOR_OVERLOAD,276.32,4386.75,0.06,904.0,27.65,90,CRITICAL,6960.83,0.0,CRITICAL,NORMAL
2026-09-09 17:14:55,MAITRI,-28.91,30.73,1001.88,79.69,207.06,76.55,0.21,85.18,24993.79,29.09,4999.56,28,0.22,0,NONE,425.88,3674.54,0.12,698.16,35.8,0,NORMAL,5375.85,0.0,CRITICAL,NORMAL
2026-09-09 17:14:55,BHARATI,-19.17,27.61,998.15,57.98,207.06,64.73,0.18,85.18,24993.69,24.6,4999.56,24,0.19,0,NONE,425.88,3106.83,0.14,590.3,42.34,0,NORMAL,4545.29,0.0,CRITICAL,NORMAL
2026-09-09 17:15:01,MAITRI,-23.47,57.28,986.11,77.48,207.06,98.81,0.18,85.18,24993.73,37.55,4999.56,15,0.19,0,ANOMALY_GENERATOR_OVERLOAD,425.88,3151.0,0.14,901.15,27.74,55,WARNING,6938.88,0.0,CRITICAL,NORMAL
2026-09-09 17:15:01,BHARATI,-32.54,30.9,1009.98,73.59,207.06,77.56,0.22,85.18,24993.65,29.47,4999.56,21,0.23,0,NONE,425.88,3723.11,0.11,707.39,35.33,0,NORMAL,5446.91,0.0,CRITICAL,NORMAL
2026-09-09 17:15:06,MAITRI,-31.45,21.67,985.59,68.38,207.06,79.63,0.22,85.18,24993.69,30.26,4999.56,29,0.23,0,NONE,425.88,3822.09,0.11,726.2,34.42,0,NORMAL,5591.72,0.0,CRITICAL,NORMAL
2026-09-09 17:15:06,BHARATI,-24.7,41.65,981.91,87.77,207.06,96.17,0.19,85.18,24993.6,36.55,4999.56,20,0.2,0,ANOMALY_GENERATOR_OVERLOAD,425.88,3309.11,0.13,877.09,28.5,55,WARNING,6753.57,0.0,CRITICAL,NORMAL
2026-09-09 17:15:11,MAITRI,-42.45,60.11,960.02,93.5,0.0,95.6,0.25,56.32,24993.64,36.33,4999.55,24,0.26,0,ANOMALY_GENERATOR_OVERLOAD,281.6,4280.04,0.07,871.86,28.67,90,CRITICAL,6713.34,0.0,CRITICAL,NORMAL
2026-09-09 17:15:11,BHARATI,-27.69,49.07,975.95,73.42,207.06,93.44,0.2,85.18,24993.55,35.51,4999.56,22,0.21,0,ANOMALY_GENERATOR_OVERLOAD,425.88,3497.82,0.12,852.15,29.33,55,WARNING,6561.52,0.0,CRITICAL,NORMAL
2026-09-09 17:15:16,MAITRI,-27.79,58.42,978.38,83.47,207.06,98.3,0.21,85.18,24993.59,37.35,4999.55,33,0.23,0,ANOMALY_GENERATOR_OVERLOAD,425.88,3714.25,0.11,896.51,27.88,55,WARNING,6903.11,0.0,CRITICAL,NORMAL
2026-09-09 17:15:16,BHARATI,-17.38,43.3,1005.55,77.98,207.06,63.64,0.18,85.18,24993.52,24.18,4999.55,26,0.19,0,NONE,425.88,3054.95,0.14,580.44,43.06,0,NORMAL,4469.39,0.0,CRITICAL,NORMAL
2026-09-09 17:15:21,MAITRI,-26.69,13.16,1004.21,74.59,207.06,69.82,0.19,85.18,24993.55,26.53,4999.55,17,0.2,0,NONE,425.88,3351.46,0.13,636.78,39.25,0,NORMAL,4903.18,0.0,CRITICAL,NORMAL
2026-09-09 17:15:21,BHARATI,-23.89,37.23,1004.05,52.15,207.06,72.48,0.2,85.18,24993.48,27.54,4999.55,31,0.21,0,NONE,425.88,3479.15,0.12,661.04,37.81,0,NORMAL,5090.0,0.0,CRITICAL,NORMAL
2026-09-09 17:15:26,MAITRI,-20.28,54.17,970.45,78.75,207.06,98.28,0.18,85.18,24993.5,37.35,4999.55,18,0.19,0,ANOMALY_GENERATOR_OVERLOAD,425.88,3047.81,0.14,896.3,27.89,55,WARNING,6901.55,0.0,CRITICAL,NORMAL
2026-09-09 17:15:26,BHARATI,-22.02,32.42,996.63,68.67,207.06,65.72,0.18,85.18,24993.45,24.97,4999.55,19,0.19,0,NONE,425.88,3154.73,0.13,599.4,41.7,0,NORMAL,4615.36,0.0,CRITICAL,NORMAL
2026-09-09 17:15:31,MAITRI,-37.47,46.9,973.48,78.46,207.06,92.21,0.23,85.18,24993.45,35.04,4999.54,17,0.24,0,ANOMALY_GENERATOR_OVERLOAD,425.88,3895.1,0.11,840.99,29.72,65,WARNING,6475.62,0.0,CRITICAL,NORMAL
2026-09-09 17:15:31,BHARATI,-31.88,14.08,1013.13,57.79,207.06,74.87,0.21,85.18,24993.41,28.45,4999.55,16,0.22,0,NONE,425.88,3593.99,0.12,682.86,36.6,0,NORMAL,5258.01,0.0,CRITICAL,NORMAL
2026-09-09 17:15:36,MAITRI,-23.15,23.29,1014.64,71.37,207.06,68.11,0.19,85.18,24993.42,25.88,4999.54,22,0.2,0,NONE,425.88,3269.32,0.13,621.17,40.24,0,NORMAL,4783.01,0.0,CRITICAL,NORMAL
2026-09-09 17:15:36,BHARATI,-18.71,12.49,1003.66,54.37,207.06,65.04,0.18,85.18,24993.37,24.72,4999.54,26,0.19,0,NONE,425.88,3122.0,0.14,593.18,42.13,0,NORMAL,4567.48,0.0,CRITICAL,NORMAL
2026-09-09 17:15:41,MAITRI,-30.79,16.41,1011.04,52.04,207.06,76.53,0.21,85.18,24993.38,29.08,4999.54,23,0.22,0,NONE,425.88,3673.37,0.12,697.94,35.81,0,NORMAL,5374.14,0.0,CRITICAL,NORMAL
2026-09-09 17:15:41,BHARATI,-30.87,39.76,1010.2,63.72,207.06,73.41,0.2,85.18,24993.33,27.9,4999.54,15,0.21,0,NONE,425.88,3523.79,0.12,669.52,37.33,0,NORMAL,5155.31,0.0,CRITICAL,NORMAL
2026-09-09 17:15:46,MAITRI,-27.25,35.94,991.92,88.73,207.06,92.47,0.2,85.18,24993.33,35.14,4999.54,25,0.21,0,ANOMALY_GENERATOR_OVERLOAD,425.88,3533.55,0.12,843.3,29.64,55,WARNING,6493.44,0.0,CRITICAL,NORMAL
2026-09-09 17:15:46,BHARATI,-23.02,42.55,987.01,87.6,207.06,94.31,0.18,85.18,24993.29,35.84,4999.54,15,0.19,0,ANOMALY_GENERATOR_OVERLOAD,425.88,3128.23,0.14,860.07,29.06,55,WARNING,6622.53,0.0,CRITICAL,NORMAL
2026-09-09 17:15:51,MAITRI,-27.68,13.6,995.49,50.52,207.06,75.67,0.21,85.18,24993.29,28.75,4999.53,29,0.22,0,NONE,425.88,3632.05,0.12,690.09,36.22,0,NORMAL,5313.69,0.0,CRITICAL,NORMAL
2026-09-09 17:15:51,BHARATI,-33.24,57.95,994.37,78.01,207.06,94.76,0.22,85.18,24993.24,36.01,4999.54,27,0.24,0,ANOMALY_GENERATOR_OVERLOAD,425.88,3873.71,0.11,864.2,28.92,55,WARNING,6654.33,0.0,CRITICAL,NORMAL
2026-09-09 17:15:56,MAITRI,-21.94,19.85,1004.95,66.41,207.06,69.24,0.19,85.18,24993.25,26.31,4999.53,28,0.2,0,NONE,425.88,3323.37,0.13,631.44,39.58,0,NORMAL,4862.1,0.0,CRITICAL,NORMAL
2026-09-09 17:15:56,BHARATI,-21.62,16.02,1003.88,67.67,207.06,63.7,0.18,85.18,24993.2,24.21,4999.54,15,0.19,0,NONE,425.88,3057.65,0.14,580.95,43.02,0,NORMAL,4473.34,0.0,CRITICAL,NORMAL
2026-09-09 17:16:01,MAITRI,-24.47,30.82,1005.06,73.47,207.06,71.09,0.2,85.18,24993.21,27.01,4999.53,26,0.21,0,NONE,425.88,3412.29,0.12,648.33,38.55,0,NORMAL,4992.18,0.0,CRITICAL,NORMAL
2026-09-09 17:16:01,BHARATI,-34.63,13.65,987.32,75.72,207.06,84.16,0.23,85.18,24993.16,31.98,4999.53,32,0.25,0,NONE,425.88,4039.5,0.11,767.51,32.56,0,NORMAL,5909.79,0.0,CRITICAL,NORMAL
2026-09-09 17:16:06,MAITRI,-24.63,16.72,994.36,67.13,207.06,70.06,0.19,85.18,24993.18,26.62,4999.52,23,0.2,0,NONE,425.88,3362.91,0.13,638.95,39.12,0,NORMAL,4919.93,0.0,CRITICAL,NORMAL
2026-09-09 17:16:06,BHARATI,-28.52,36.01,991.99,68.45,207.06,76.55,0.21,85.18,24993.12,29.09,4999.53,29,0.22,0,NONE,425.88,3674.36,0.12,698.13,35.8,0,NORMAL,5375.59,0.0,CRITICAL,NORMAL
2026-09-09 17:16:11,MAITRI,-22.7,31.11,1012.24,70.33,207.06,66.84,0.19,85.18,24993.14,25.4,4999.52,20,0.19,0,NONE,425.88,3208.29,0.13,609.57,41.0,0,NORMAL,4693.72,0.0,CRITICAL,NORMAL
2026-09-09 17:16:11,BHARATI,-16.86,12.6,1008.56,74.58,207.06,66.31,0.18,85.18,24993.08,25.2,4999.52,34,0.19,0,NONE,425.88,3182.77,0.13,604.73,41.33,0,NORMAL,4656.4,0.0,CRITICAL,NORMAL
2026-09-09 17:16:16,MAITRI,-27.98,10.91,987.87,61.56,207.06,73.58,0.2,85.18,24993.1,27.96,4999.52,23,0.21,0,NONE,425.88,3531.78,0.12,671.04,37.25,0,NORMAL,5166.99,0.0,CRITICAL,NORMAL
2026-09-09 17:16:16,BHARATI,-15.01,18.08,994.97,50.67,207.06,61.96,0.17,85.18,24993.05,23.55,4999.52,28,0.18,0,NONE,425.88,2974.2,0.14,565.1,44.23,0,NORMAL,4351.25,0.0,CRITICAL,NORMAL
2026-09-09 17:16:21,MAITRI,-32.19,30.24,1014.07,77.44,207.06,82.0,0.23,85.18,24993.06,31.16,4999.52,33,0.24,0,NONE,425.88,3936.21,0.11,747.88,33.42,0,NORMAL,5758.67,0.0,CRITICAL,NORMAL
2026-09-09 17:16:21,BHARATI,-29.54,37.77,992.71,50.94,207.06,78.02,0.22,85.18,24993.01,29.65,4999.52,30,0.23,0,NONE,425.88,3745.0,0.11,711.55,35.12,0,NORMAL,5478.94,0.0,CRITICAL,NORMAL
2026-09-09 17:16:26,MAITRI,-41.25,73.39,964.72,97.65,0.0,94.47,0.25,56.66,24993.01,35.9,4999.51,29,0.26,0,ANOMALY_GENERATOR_OVERLOAD,283.3,4315.64,0.07,861.54,29.01,90,CRITICAL,6633.89,0.0,CRITICAL,NORMAL
2026-09-09 17:16:26,BHARATI,-29.23,40.05,1001.84,61.22,207.06,74.09,0.21,85.18,24992.97,28.15,4999.52,21,0.22,0,NONE,425.88,3556.15,0.12,675.67,36.99,0,NORMAL,5202.64,0.0,CRITICAL,NORMAL
2026-09-09 17:16:31,MAITRI,-17.78,40.42,990.33,57.99,207.06,66.06,0.18,85.18,24992.97,25.1,4999.51,31,0.19,0,NONE,425.88,3171.12,0.13,602.51,41.48,0,NORMAL,4639.34,0.0,CRITICAL,NORMAL
2026-09-09 17:16:31,BHARATI,-32.27,41.79,996.07,66.55,207.06,77.69,0.22,85.18,24992.93,29.52,4999.51,22,0.23,0,NONE,425.88,3728.89,0.11,708.49,35.28,0,NORMAL,5455.37,0.0,CRITICAL,NORMAL
2026-09-09 17:16:36,MAITRI,-17.92,42.79,1006.68,78.26,207.06,59.82,0.17,85.18,24992.94,22.73,4999.51,15,0.17,0,NONE,425.88,2871.38,0.15,545.56,45.81,0,NORMAL,4200.83,0.0,CRITICAL,NORMAL
2026-09-09 17:16:36,BHARATI,-16.81,44.26,1001.66,63.66,207.06,61.45,0.17,85.18,24992.9,23.35,4999.51,22,0.18,0,NONE,425.88,2949.74,0.14,560.45,44.59,0,NORMAL,4315.47,0.0,CRITICAL,NORMAL
2026-09-09 17:16:41,MAITRI,-23.9,24.34,991.98,79.62,207.06,68.9,0.19,85.18,24992.91,26.18,4999.5,22,0.2,0,NONE,425.88,3307.15,0.13,628.36,39.77,0,NORMAL,4838.36,0.0,CRITICAL,NORMAL
2026-09-09 17:16:41,BHARATI,-24.56,21.81,991.19,66.08,207.06,67.59,0.19,85.18,24992.86,25.68,4999.51,17,0.2,0,NONE,425.88,3244.29,0.13,616.42,40.55,0,NORMAL,4746.4,0.0,CRITICAL,NORMAL
2026-09-09 17:16:46,MAITRI,-15.49,37.96,1010.31,52.0,207.06,64.06,0.18,85.18,24992.87,24.34,4999.5,32,0.19,0,NONE,425.88,3074.99,0.14,584.25,42.78,0,NORMAL,4498.71,0.0,CRITICAL,NORMAL
2026-09-09 17:16:46,BHARATI,-35.18,66.57,964.27,94.99,0.0,94.42,0.22,56.67,24992.81,35.88,4999.51,17,0.23,0,ANOMALY_GENERATOR_OVERLOAD,283.37,3779.63,0.07,861.1,29.02,90,CRITICAL,6630.48,0.0,CRITICAL,NORMAL
2026-09-09 17:16:51,MAITRI,-23.62,52.0,977.19,76.8,207.06,98.54,0.2,85.18,24992.82,37.44,4999.5,30,0.21,0,ANOMALY_GENERATOR_OVERLOAD,425.88,3446.59,0.12,898.66,27.81,55,WARNING,6919.7,0.0,CRITICAL,NORMAL
2026-09-09 17:16:51,BHARATI,-16.4,16.18,1004.03,55.75,207.06,65.42,0.18,85.18,24992.78,24.86,4999.5,33,0.19,0,NONE,425.88,3140.36,0.14,596.67,41.89,0,NORMAL,4594.34,0.0,CRITICAL,NORMAL
2026-09-09 17:16:56,MAITRI,-20.17,48.84,977.63,71.68,207.06,93.84,0.19,85.18,24992.77,35.66,4999.49,33,0.2,0,ANOMALY_GENERATOR_OVERLOAD,425.88,3330.18,0.13,855.82,29.2,55,WARNING,6589.82,0.0,CRITICAL,NORMAL
2026-09-09 17:16:56,BHARATI,-32.88,26.78,1001.56,57.59,207.06,81.92,0.23,85.18,24992.73,31.13,4999.5,31,0.24,0,NONE,425.88,3932.37,0.11,747.15,33.45,0,NORMAL,5753.05,0.0,CRITICAL,NORMAL
2026-09-09 17:17:01,MAITRI,-20.53,39.87,991.65,79.23,207.06,98.87,0.19,85.18,24992.72,37.57,4999.49,34,0.2,0,ANOMALY_GENERATOR_OVERLOAD,425.88,3367.66,0.13,901.67,27.72,55,WARNING,6942.89,0.0,CRITICAL,NORMAL
2026-09-09 17:17:01,BHARATI,-30.78,14.5,1005.5,51.39,207.06,75.31,0.21,85.18,24992.69,28.62,4999.5,20,0.22,0,NONE,425.88,3615.08,0.12,686.87,36.39,0,NORMAL,5288.87,0.0,CRITICAL,NORMAL
2026-09-09 17:17:06,MAITRI,-32.0,41.49,1010.71,75.57,207.06,80.21,0.22,85.18,24992.68,30.48,4999.49,29,0.23,0,NONE,425.88,3849.84,0.11,731.47,34.17,0,NORMAL,5632.32,0.0,CRITICAL,NORMAL
2026-09-09 17:17:06,BHARATI,-22.81,26.41,1010.69,76.62,207.06,66.55,0.18,85.18,24992.66,25.29,4999.49,19,0.19,0,NONE,425.88,3194.34,0.13,606.92,41.18,0,NORMAL,4673.32,0.0,CRITICAL,NORMAL
2026-09-09 17:17:11,MAITRI,-32.58,43.06,997.57,71.32,207.06,76.81,0.21,85.18,24992.64,29.19,4999.48,19,0.22,0,NONE,425.88,3686.67,0.12,700.47,35.68,0,NORMAL,5393.6,0.0,CRITICAL,NORMAL
2026-09-09 17:17:11,BHARATI,-23.01,29.4,994.11,64.09,207.06,66.36,0.18,85.18,24992.62,25.22,4999.49,18,0.19,0,NONE,425.88,3185.33,0.13,605.21,41.3,0,NORMAL,4660.13,0.0,CRITICAL,NORMAL
2026-09-09 17:17:16,MAITRI,-22.65,18.86,994.82,61.78,207.06,65.18,0.18,85.18,24992.6,24.77,4999.48,16,0.19,0,NONE,425.88,3128.7,0.14,594.45,42.04,0,NORMAL,4577.28,0.0,CRITICAL,NORMAL
2026-09-09 17:17:16,BHARATI,-15.64,43.77,1007.28,79.5,207.06,61.02,0.17,85.18,24992.59,23.19,4999.49,24,0.18,0,NONE,425.88,2928.99,0.15,556.51,44.91,0,NORMAL,4285.11,0.0,CRITICAL,NORMAL
2026-09-09 17:17:21,MAITRI,-31.31,30.75,1001.95,74.19,207.06,79.07,0.22,85.18,24992.56,30.05,4999.48,28,0.23,0,NONE,425.88,3795.45,0.11,721.14,34.66,0,NORMAL,5552.75,0.0,CRITICAL,NORMAL
2026-09-09 17:17:21,BHARATI,-29.48,38.75,983.55,70.79,207.06,94.44,0.21,85.18,24992.54,35.89,4999.49,20,0.22,0,ANOMALY_GENERATOR_OVERLOAD,425.88,3549.7,0.12,861.29,29.02,55,WARNING,6631.92,0.0,CRITICAL,NORMAL
2026-09-09 17:17:26,MAITRI,-21.29,20.55,1006.71,78.52,207.06,70.15,0.19,85.18,24992.52,26.66,4999.48,32,0.2,0,NONE,425.88,3367.24,0.13,639.78,39.06,0,NORMAL,4926.27,0.0,CRITICAL,NORMAL
2026-09-09 17:17:26,BHARATI,-28.89,15.63,986.69,52.58,207.06,73.34,0.2,85.18,24992.5,27.87,4999.48,20,0.21,0,NONE,425.88,3520.17,0.12,668.83,37.37,0,NORMAL,5150.01,0.0,CRITICAL,NORMAL
2026-09-09 17:17:31,MAITRI,-28.03,30.21,1012.58,57.64,207.06,74.43,0.21,85.18,24992.48,28.28,4999.47,25,0.22,0,NONE,425.88,3572.61,0.12,678.8,36.82,0,NORMAL,5226.73,0.0,CRITICAL,NORMAL
2026-09-09 17:17:31,BHARATI,-21.39,37.85,1000.0,79.81,207.06,67.46,0.19,85.18,24992.47,25.64,4999.48,25,0.2,0,NONE,425.88,3238.14,0.13,615.25,40.62,0,NORMAL,4737.4,0.0,CRITICAL,NORMAL
2026-09-09 17:17:36,MAITRI,-23.21,36.53,986.52,54.12,207.06,66.57,0.18,85.18,24992.45,25.3,4999.47,18,0.19,0,NONE,425.88,3195.28,0.13,607.1,41.17,0,NORMAL,4674.7,0.0,CRITICAL,NORMAL
2026-09-09 17:17:36,BHARATI,-24.08,11.57,988.85,63.19,207.06,71.89,0.2,85.18,24992.43,27.32,4999.48,29,0.21,0,NONE,425.88,3450.59,0.12,655.61,38.12,0,NORMAL,5048.21,0.0,CRITICAL,NORMAL
2026-09-09 17:17:41,MAITRI,-19.31,23.78,986.59,68.07,207.06,67.27,0.19,85.18,24992.41,25.56,4999.47,30,0.2,0,NONE,425.88,3229.19,0.13,613.55,40.73,0,NORMAL,4724.3,0.0,CRITICAL,NORMAL
2026-09-09 17:17:41,BHARATI,-17.92,40.32,1005.07,64.12,207.06,63.81,0.18,85.18,24992.39,24.25,4999.48,25,0.19,0,NONE,425.88,3063.11,0.14,581.99,42.94,0,NORMAL,4481.33,0.0,CRITICAL,NORMAL
2026-09-09 17:17:46,MAITRI,-18.58,10.67,1001.45,54.09,207.06,61.71,0.17,85.18,24992.38,23.45,4999.46,18,0.18,0,NONE,425.88,2962.02,0.14,562.78,44.41,0,NORMAL,4333.43,0.0,CRITICAL,NORMAL
2026-09-09 17:17:46,BHARATI,-21.32,40.94,990.57,64.95,207.06,69.38,0.19,85.18,24992.36,26.37,4999.47,30,0.2,0,NONE,425.88,3330.43,0.13,632.78,39.5,0,NORMAL,4872.42,0.0,CRITICAL,NORMAL
2026-09-09 17:17:51,MAITRI,-23.78,57.93,986.06,74.43,207.06,98.41,0.2,85.18,24992.33,37.4,4999.46,27,0.21,0,ANOMALY_GENERATOR_OVERLOAD,425.88,3396.81,0.13,897.53,27.85,55,WARNING,6910.95,0.0,CRITICAL,NORMAL
2026-09-09 17:17:51,BHARATI,-17.46,37.0,1009.05,51.9,207.06,64.14,0.18,85.18,24992.32,24.37,4999.47,27,0.19,0,NONE,425.88,3078.54,0.14,584.92,42.73,0,NORMAL,4503.91,0.0,CRITICAL,NORMAL
2026-09-09 17:17:56,MAITRI,-30.53,36.8,996.91,54.1,207.06,77.45,0.22,85.18,24992.29,29.43,4999.46,26,0.23,0,NONE,425.88,3717.69,0.11,706.36,35.38,0,NORMAL,5438.98,0.0,CRITICAL,NORMAL
2026-09-09 17:17:56,BHARATI,-23.42,27.8,1008.12,71.25,207.06,69.59,0.19,85.18,24992.29,26.45,4999.47,25,0.2,0,NONE,425.88,3340.48,0.13,634.69,39.38,0,NORMAL,4887.12,0.0,CRITICAL,NORMAL
2026-09-09 17:18:01,MAITRI,-15.06,31.34,987.17,50.51,207.06,58.81,0.16,85.18,24992.26,22.35,4999.46,20,0.17,0,NONE,425.88,2822.85,0.15,536.34,46.6,0,NORMAL,4129.83,0.0,CRITICAL,NORMAL
2026-09-09 17:18:01,BHARATI,-21.39,28.83,1004.04,51.82,207.06,66.66,0.19,85.18,24992.25,25.33,4999.46,23,0.19,0,NONE,425.88,3199.73,0.13,607.95,41.11,0,NORMAL,4681.2,0.0,CRITICAL,NORMAL
2026-09-09 17:18:06,MAITRI,-21.22,10.9,985.56,52.36,207.06,68.48,0.19,85.18,24992.22,26.02,4999.45,28,0.2,0,NONE,425.88,3287.16,0.13,624.56,40.02,0,NORMAL,4809.12,0.0,CRITICAL,NORMAL
2026-09-09 17:18:06,BHARATI,-32.1,31.89,997.94,70.92,207.06,79.9,0.22,85.18,24992.21,30.36,4999.46,28,0.23,0,NONE,425.88,3835.43,0.11,728.73,34.3,0,NORMAL,5611.24,0.0,CRITICAL,NORMAL
2026-09-09 17:18:11,MAITRI,-21.33,17.19,1008.13,74.84,207.06,63.8,0.18,85.18,24992.19,24.24,4999.45,16,0.19,0,NONE,425.88,3062.47,0.14,581.87,42.95,0,NORMAL,4480.39,0.0,CRITICAL,NORMAL
2026-09-09 17:18:11,BHARATI,-23.48,59.89,974.52,70.85,207.06,94.4,0.2,85.18,24992.16,35.87,4999.46,34,0.21,0,ANOMALY_GENERATOR_OVERLOAD,425.88,3516.15,0.12,860.9,29.03,55,WARNING,6628.91,0.0,CRITICAL,NORMAL
2026-09-09 17:18:16,MAITRI,-23.85,23.09,997.35,65.7,207.06,70.84,0.2,85.18,24992.15,26.92,4999.45,27,0.21,0,NONE,425.88,3400.42,0.13,646.08,38.68,0,NORMAL,4974.82,0.0,CRITICAL,NORMAL
2026-09-09 17:18:16,BHARATI,-26.49,21.12,1004.81,73.06,207.06,73.22,0.2,85.18,24992.12,27.82,4999.45,26,0.21,0,NONE,425.88,3514.49,0.12,667.75,37.43,0,NORMAL,5141.7,0.0,CRITICAL,NORMAL
2026-09-09 17:18:21,MAITRI,-28.6,44.88,1001.07,66.61,207.06,75.43,0.21,85.18,24992.11,28.66,4999.45,26,0.22,0,NONE,425.88,3620.72,0.12,687.94,36.33,0,NORMAL,5297.12,0.0,CRITICAL,NORMAL
2026-09-09 17:18:21,BHARATI,-29.91,16.08,996.54,79.6,207.06,76.0,0.21,85.18,24992.08,28.88,4999.45,24,0.22,0,NONE,425.88,3648.12,0.12,693.14,36.06,0,NORMAL,5337.2,0.0,CRITICAL,NORMAL
2026-09-09 17:18:27,MAITRI,-42.29,71.46,958.59,97.97,0.0,85.82,0.25,59.25,24992.06,32.61,4999.44,26,0.26,0,NONE,296.27,4310.44,0.07,782.69,31.93,70,CRITICAL,6026.68,0.0,CRITICAL,NORMAL
2026-09-09 17:18:27,BHARATI,-36.15,37.21,985.67,87.29,207.06,94.23,0.23,85.18,24992.03,35.81,4999.45,29,0.25,0,ANOMALY_GENERATOR_OVERLOAD,425.88,4058.6,0.1,859.36,29.08,65,WARNING,6617.06,0.0,CRITICAL,NORMAL
2026-09-09 17:18:32,MAITRI,-31.6,25.13,1000.72,77.42,207.06,80.98,0.22,85.18,24992.02,30.77,4999.44,32,0.24,0,NONE,425.88,3887.08,0.11,738.55,33.84,0,NORMAL,5686.8,0.0,CRITICAL,NORMAL
2026-09-09 17:18:32,BHARATI,-29.68,33.92,1009.98,79.68,207.06,75.77,0.21,85.18,24991.99,28.79,4999.44,24,0.22,0,NONE,425.88,3636.73,0.12,690.98,36.17,0,NORMAL,5320.54,0.0,CRITICAL,NORMAL
2026-09-09 17:18:37,MAITRI,-24.97,21.88,986.36,67.92,207.06,72.42,0.2,85.18,24991.98,27.52,4999.44,28,0.21,0,NONE,425.88,3476.03,0.12,660.45,37.84,0,NORMAL,5085.43,0.0,CRITICAL,NORMAL
2026-09-09 17:18:37,BHARATI,-20.16,37.24,993.59,82.32,207.06,92.99,0.19,85.18,24991.94,35.34,4999.44,31,0.2,0,ANOMALY_GENERATOR_OVERLOAD,425.88,3291.01,0.13,848.04,29.47,55,WARNING,6529.93,0.0,CRITICAL,NORMAL
2026-09-09 17:18:42,MAITRI,-21.53,40.55,993.49,60.32,207.06,64.41,0.18,85.18,24991.95,24.48,4999.43,17,0.19,0,NONE,425.88,3091.63,0.14,587.41,42.55,0,NORMAL,4523.05,0.0,CRITICAL,NORMAL
2026-09-09 17:18:42,BHARATI,-34.97,45.94,975.28,76.55,207.06,99.0,0.22,85.18,24991.89,37.62,4999.44,19,0.23,0,ANOMALY_GENERATOR_OVERLOAD,425.88,3807.28,0.11,902.84,27.68,55,WARNING,6951.86,0.0,CRITICAL,NORMAL
2026-09-09 17:18:47,MAITRI,-16.62,31.0,1014.64,69.63,207.06,65.25,0.18,85.18,24991.91,24.8,4999.43,32,0.19,0,NONE,425.88,3132.06,0.14,595.09,42.0,0,NORMAL,4582.21,0.0,CRITICAL,NORMAL
2026-09-09 17:18:47,BHARATI,-25.54,12.78,1013.76,66.71,207.06,69.42,0.19,85.18,24991.85,26.38,4999.44,19,0.2,0,NONE,425.88,3331.97,0.13,633.07,39.48,0,NORMAL,4874.67,0.0,CRITICAL,NORMAL
2026-09-09 17:18:52,MAITRI,-43.02,58.97,968.32,91.59,0.0,97.06,0.25,55.88,24991.86,36.88,4999.43,23,0.26,0,ANOMALY_GENERATOR_OVERLOAD,279.41,4289.86,0.07,885.16,28.23,90,CRITICAL,6815.72,0.0,CRITICAL,NORMAL
2026-09-09 17:18:52,BHARATI,-25.91,20.05,998.99,64.94,207.06,71.41,0.2,85.18,24991.82,27.14,4999.43,23,0.21,0,NONE,425.88,3427.66,0.12,651.26,38.37,0,NORMAL,5014.67,0.0,CRITICAL,NORMAL
2026-09-09 17:18:57,MAITRI,-23.91,14.51,995.13,55.11,207.06,71.71,0.2,85.18,24991.83,27.25,4999.42,29,0.21,0,NONE,425.88,3441.87,0.12,653.96,38.22,0,NORMAL,5035.46,0.0,CRITICAL,NORMAL
2026-09-09 17:18:57,BHARATI,-26.12,49.04,974.87,86.79,207.06,95.28,0.21,85.18,24991.77,36.21,4999.43,33,0.22,0,ANOMALY_GENERATOR_OVERLOAD,425.88,3630.29,0.12,868.95,28.76,55,WARNING,6690.91,0.0,CRITICAL,NORMAL
2026-09-09 17:19:02,MAITRI,-27.98,52.82,986.26,73.03,207.06,94.72,0.2,85.18,24991.78,35.99,4999.42,23,0.21,0,ANOMALY_GENERATOR_OVERLOAD,425.88,3531.97,0.12,863.8,28.93,55,WARNING,6651.27,0.0,CRITICAL,NORMAL
2026-09-09 17:19:02,BHARATI,-18.75,11.68,1002.12,71.86,207.06,63.09,0.18,85.18,24991.73,23.97,4999.43,21,0.18,0,NONE,425.88,3028.12,0.14,575.34,43.44,0,NORMAL,4430.14,0.0,CRITICAL,NORMAL
2026-09-09 17:19:07,MAITRI,-18.6,18.04,1000.55,53.1,207.06,65.33,0.18,85.18,24991.74,24.82,4999.42,27,0.19,0,NONE,425.88,3135.76,0.14,595.79,41.95,0,NORMAL,4587.62,0.0,CRITICAL,NORMAL
2026-09-09 17:19:07,BHARATI,-30.74,20.27,1012.34,69.78,207.06,74.88,0.21,85.18,24991.69,28.45,4999.43,19,0.22,0,NONE,425.88,3594.26,0.12,682.91,36.6,0,NORMAL,5258.4,0.0,CRITICAL,NORMAL
2026-09-09 17:19:12,MAITRI,-30.85,43.19,1000.16,51.28,207.06,78.19,0.22,85.18,24991.7,29.71,4999.41,27,0.23,0,NONE,425.88,3753.23,0.11,713.11,35.05,0,NORMAL,5490.97,0.0,CRITICAL,NORMAL
2026-09-09 17:19:12,BHARATI,-21.6,39.59,1006.11,51.56,207.06,66.48,0.18,85.18,24991.66,25.26,4999.42,22,0.19,0,NONE,425.88,3191.09,0.13,606.31,41.22,0,NORMAL,4668.56,0.0,CRITICAL,NORMAL
2026-09-09 17:19:17,MAITRI,-30.08,19.8,1009.03,57.08,207.06,79.79,0.22,85.18,24991.66,30.32,4999.41,33,0.23,0,NONE,425.88,3829.85,0.11,727.67,34.34,0,NORMAL,5603.07,0.0,CRITICAL,NORMAL
2026-09-09 17:19:17,BHARATI,-36.14,35.01,976.75,79.17,207.06,92.5,0.24,85.18,24991.61,35.15,4999.42,33,0.25,0,ANOMALY_GENERATOR_OVERLOAD,425.88,4134.82,0.1,843.6,29.63,65,WARNING,6495.68,0.0,CRITICAL,NORMAL
2026-09-09 17:19:22,MAITRI,-27.63,19.05,994.65,63.35,207.06,75.22,0.21,85.18,24991.62,28.58,4999.41,28,0.22,0,NONE,425.88,3610.37,0.12,685.97,36.43,0,NORMAL,5281.97,0.0,CRITICAL,NORMAL
2026-09-09 17:19:22,BHARATI,-26.19,35.72,984.91,83.91,207.06,96.27,0.2,85.18,24991.56,36.58,4999.42,25,0.21,0,ANOMALY_GENERATOR_OVERLOAD,425.88,3480.1,0.12,877.97,28.47,55,WARNING,6760.38,0.0,CRITICAL,NORMAL
2026-09-09 17:19:27,MAITRI,-20.19,18.83,1010.73,68.28,207.06,63.0,0.18,85.18,24991.58,23.94,4999.41,17,0.18,0,NONE,425.88,3024.17,0.14,574.59,43.49,0,NORMAL,4424.36,0.0,CRITICAL,NORMAL
2026-09-09 17:19:27,BHARATI,-27.61,52.89,978.98,88.7,207.06,94.05,0.2,85.18,24991.51,35.74,4999.41,18,0.21,0,ANOMALY_GENERATOR_OVERLOAD,425.88,3416.97,0.12,857.77,29.14,55,WARNING,6604.85,0.0,CRITICAL,NORMAL
2026-09-09 17:19:32,MAITRI,-26.33,12.46,989.29,51.59,207.06,76.24,0.21,85.18,24991.54,28.97,4999.4,34,0.22,0,NONE,425.88,3659.68,0.12,695.34,35.94,0,NORMAL,5354.11,0.0,CRITICAL,NORMAL
2026-09-09 17:19:32,BHARATI,-27.71,27.7,1010.22,73.12,207.06,76.89,0.21,85.18,24991.47,29.22,4999.41,32,0.22,0,NONE,425.88,3690.78,0.12,701.25,35.64,0,NORMAL,5399.6,0.0,CRITICAL,NORMAL
2026-09-09 17:19:37,MAITRI,-21.08,23.23,989.22,67.47,207.06,67.13,0.19,85.18,24991.51,25.51,4999.4,25,0.2,0,NONE,425.88,3222.32,0.13,612.24,40.82,0,NORMAL,4714.26,0.0,CRITICAL,NORMAL
2026-09-09 17:19:37,BHARATI,-24.8,31.03,994.28,75.83,207.06,69.44,0.19,85.18,24991.43,26.39,4999.41,21,0.2,0,NONE,425.88,3332.99,0.13,633.27,39.46,0,NORMAL,4876.17,0.0,CRITICAL,NORMAL
2026-09-09 17:19:42,MAITRI,-23.57,22.77,1003.52,76.56,207.06,70.55,0.2,85.18,24991.47,26.81,4999.4,27,0.21,0,NONE,425.88,3386.27,0.13,643.39,38.84,0,NORMAL,4954.11,0.0,CRITICAL,NORMAL
2026-09-09 17:19:42,BHARATI,-16.89,15.24,1004.38,72.3,207.06,59.54,0.17,85.18,24991.4,22.62,4999.41,17,0.17,0,NONE,425.88,2857.8,0.15,542.98,46.03,0,NORMAL,4180.96,0.0,CRITICAL,NORMAL
2026-09-09 17:19:47,MAITRI,-30.73,30.58,1005.99,74.14,207.06,74.47,0.21,85.18,24991.43,28.3,4999.39,18,0.22,0,NONE,425.88,3574.37,0.12,679.13,36.8,0,NORMAL,5229.3,0.0,CRITICAL,NORMAL
2026-09-09 17:19:47,BHARATI,-25.96,30.62,1014.96,55.6,207.06,69.86,0.19,85.18,24991.36,26.55,4999.4,19,0.2,0,NONE,425.88,3353.31,0.13,637.13,39.23,0,NORMAL,4905.89,0.0,CRITICAL,NORMAL
2026-09-09 17:19:52,MAITRI,-27.8,49.68,990.7,70.69,207.06,95.14,0.2,85.18,24991.38,36.15,4999.39,17,0.21,0,ANOMALY_GENERATOR_OVERLOAD,425.88,3407.64,0.12,867.65,28.8,55,WARNING,6680.87,0.0,CRITICAL,NORMAL
2026-09-09 17:19:52,BHARATI,-17.59,37.12,1008.9,57.14,207.06,64.27,0.18,85.18,24991.33,24.42,4999.4,27,0.19,0,NONE,425.88,3085.16,0.14,586.18,42.63,0,NORMAL,4513.59,0.0,CRITICAL,NORMAL
2026-09-09 17:19:57,MAITRI,-18.17,36.94,1008.32,59.81,207.06,61.28,0.17,85.18,24991.35,23.29,4999.39,18,0.18,0,NONE,425.88,2941.42,0.14,558.87,44.72,0,NORMAL,4303.29,0.0,CRITICAL,NORMAL
2026-09-09 17:19:57,BHARATI,-29.82,14.34,1000.46,68.39,207.06,73.51,0.2,85.18,24991.29,27.93,4999.4,18,0.21,0,NONE,425.88,3528.31,0.12,670.38,37.28,0,NORMAL,5161.91,0.0,CRITICAL,NORMAL
2026-09-09 17:20:02,MAITRI,-16.51,25.99,995.34,77.14,207.06,64.34,0.18,85.18,24991.32,24.45,4999.39,30,0.19,0,NONE,425.88,3088.15,0.14,586.75,42.59,0,NORMAL,4517.96,0.0,CRITICAL,NORMAL
2026-09-09 17:20:02,BHARATI,-27.74,24.28,1010.93,56.64,207.06,71.32,0.2,85.18,24991.25,27.1,4999.4,18,0.21,0,NONE,425.88,3423.56,0.12,650.48,38.42,0,NORMAL,5008.66,0.0,CRITICAL,NORMAL
2026-09-09 17:20:07,MAITRI,-22.94,22.73,986.87,56.52,207.06,72.69,0.2,85.18,24991.28,27.62,4999.38,34,0.21,0,NONE,425.88,3489.02,0.12,662.91,37.7,0,NORMAL,5104.43,0.0,CRITICAL,NORMAL
2026-09-09 17:20:07,BHARATI,-24.64,22.77,998.32,63.79,207.06,68.07,0.19,85.18,24991.22,25.87,4999.39,18,0.2,0,NONE,425.88,3267.41,0.13,620.81,40.26,0,NORMAL,4780.22,0.0,CRITICAL,NORMAL
2026-09-09 17:20:12,MAITRI,-18.43,18.99,996.63,59.24,207.06,63.55,0.18,85.18,24991.24,24.15,4999.38,23,0.19,0,NONE,425.88,3050.45,0.14,579.59,43.12,0,NORMAL,4462.82,0.0,CRITICAL,NORMAL
2026-09-09 17:20:12,BHARATI,-34.35,37.43,1014.98,74.67,207.06,81.07,0.23,85.18,24991.17,30.81,4999.39,25,0.24,0,NONE,425.88,3891.33,0.11,739.35,33.8,0,NORMAL,5693.01,0.0,CRITICAL,NORMAL
2026-09-09 17:20:17,MAITRI,-26.69,41.04,1006.34,51.73,207.06,69.42,0.19,85.18,24991.21,26.38,4999.38,16,0.2,0,NONE,425.88,3332.3,0.13,633.14,39.47,0,NORMAL,4875.16,0.0,CRITICAL,NORMAL
2026-09-09 17:20:17,BHARATI,-16.14,31.62,999.5,69.83,207.06,63.94,0.18,85.18,24991.14,24.3,4999.39,30,0.19,0,NONE,425.88,3069.21,0.14,583.15,42.86,0,NORMAL,4490.26,0.0,CRITICAL,NORMAL
2026-09-09 17:20:22,MAITRI,-15.2,18.14,1012.79,52.76,207.06,61.76,0.17,85.18,24991.17,23.47,4999.37,27,0.18,0,NONE,425.88,2964.56,0.14,563.27,44.37,0,NORMAL,4337.16,0.0,CRITICAL,NORMAL
2026-09-09 17:20:22,BHARATI,-33.25,53.55,975.95,72.81,207.06,93.27,0.22,85.18,24991.09,35.44,4999.39,21,0.23,0,ANOMALY_GENERATOR_OVERLOAD,425.88,3758.91,0.11,850.62,29.38,55,WARNING,6549.77,0.0,CRITICAL,NORMAL
2026-09-09 17:20:27,MAITRI,-24.07,50.37,974.06,84.45,207.06,96.86,0.2,85.18,24991.12,36.81,4999.37,28,0.21,0,ANOMALY_GENERATOR_OVERLOAD,425.88,3430.57,0.12,883.35,28.29,55,WARNING,6801.76,0.0,CRITICAL,NORMAL
2026-09-09 17:20:27,BHARATI,-19.83,41.4,992.36,52.63,207.06,65.82,0.18,85.18,24991.06,25.01,4999.38,25,0.19,0,NONE,425.88,3159.34,0.13,600.28,41.63,0,NORMAL,4622.12,0.0,CRITICAL,NORMAL
2026-09-09 17:20:32,MAITRI,-15.06,21.56,996.98,63.13,207.06,56.81,0.16,85.18,24991.09,21.59,4999.37,15,0.17,0,NONE,425.88,2727.03,0.16,518.14,48.23,0,NORMAL,3989.64,0.0,CRITICAL,NORMAL
2026-09-09 17:20:32,BHARATI,-18.72,15.24,1013.64,72.7,207.06,67.05,0.19,85.18,24991.02,25.48,4999.38,31,0.2,0,NONE,425.88,3218.49,0.13,611.51,40.87,0,NORMAL,4708.66,0.0,CRITICAL,NORMAL
2026-09-09 17:20:37,MAITRI,-15.07,25.4,1005.32,75.17,207.06,57.23,0.16,85.18,24991.06,21.75,4999.37,16,0.17,0,NONE,425.88,2746.87,0.16,521.91,47.88,0,NORMAL,4018.68,0.0,CRITICAL,NORMAL
2026-09-09 17:20:37,BHARATI,-32.05,37.68,995.98,55.28,207.06,81.85,0.23,85.18,24990.98,31.1,4999.38,33,0.24,0,NONE,425.88,3928.73,0.11,746.46,33.48,0,NORMAL,5747.73,0.0,CRITICAL,NORMAL
2026-09-09 17:20:42,MAITRI,-23.43,14.57,999.59,64.15,207.06,66.81,0.19,85.18,24991.03,25.39,4999.37,18,0.19,0,NONE,425.88,3206.71,0.13,609.27,41.02,0,NORMAL,4691.41,0.0,CRITICAL,NORMAL
2026-09-09 17:20:42,BHARATI,-27.56,26.44,1011.53,79.64,207.06,76.33,0.21,85.18,24990.94,29.01,4999.37,31,0.22,0,NONE,425.88,3664.02,0.12,696.16,35.9,0,NORMAL,5360.47,0.0,CRITICAL,NORMAL
2026-09-09 17:20:47,MAITRI,-26.18,33.61,1002.83,79.52,207.06,73.29,0.2,85.18,24990.99,27.85,4999.36,27,0.21,0,NONE,425.88,3517.87,0.12,668.4,37.39,0,NORMAL,5146.65,0.0,CRITICAL,NORMAL
2026-09-09 17:20:47,BHARATI,-18.1,13.51,994.86,55.59,207.06,67.61,0.19,85.18,24990.9,25.69,4999.37,34,0.2,0,NONE,425.88,3245.28,0.13,616.6,40.53,0,NORMAL,4747.84,0.0,CRITICAL,NORMAL
2026-09-09 17:20:52,MAITRI,-28.56,41.44,989.45,70.48,207.06,93.61,0.2,85.18,24990.94,35.57,4999.36,21,0.21,0,ANOMALY_GENERATOR_OVERLOAD,425.88,3522.43,0.12,853.76,29.27,55,WARNING,6573.95,0.0,CRITICAL,NORMAL
2026-09-09 17:20:52,BHARATI,-37.53,56.5,955.41,96.15,0.0,90.4,0.24,57.88,24990.85,34.35,4999.37,28,0.25,0,ANOMALY_GENERATOR_OVERLOAD,289.4,4108.91,0.07,824.46,30.31,90,CRITICAL,6348.36,0.0,CRITICAL,NORMAL
2026-09-09 17:20:57,MAITRI,-28.06,13.21,1010.31,56.27,207.06,70.47,0.2,85.18,24990.9,26.78,4999.36,15,0.21,0,NONE,425.88,3382.34,0.13,642.64,38.89,0,NORMAL,4948.36,0.0,CRITICAL,NORMAL
2026-09-09 17:20:57,BHARATI,-32.2,22.81,988.27,65.56,207.06,77.22,0.21,85.18,24990.81,29.34,4999.36,21,0.23,0,NONE,425.88,3706.33,0.11,704.2,35.49,0,NORMAL,5422.36,0.0,CRITICAL,NORMAL
2026-09-09 17:21:02,MAITRI,-32.64,16.8,992.43,52.26,207.06,78.87,0.22,85.18,24990.86,29.97,4999.36,24,0.23,0,NONE,425.88,3785.91,0.11,719.32,34.74,0,NORMAL,5538.78,0.0,CRITICAL,NORMAL
2026-09-09 17:21:02,BHARATI,-29.21,41.92,1002.13,57.46,207.06,75.27,0.21,85.18,24990.77,28.6,4999.36,24,0.22,0,NONE,425.88,3613.09,0.12,686.49,36.4,0,NORMAL,5285.95,0.0,CRITICAL,NORMAL
2026-09-09 17:21:07,MAITRI,-22.88,29.55,1009.25,75.87,207.06,67.02,0.19,85.18,24990.83,25.47,4999.35,20,0.2,0,NONE,425.88,3216.95,0.13,611.22,40.89,0,NORMAL,4706.4,0.0,CRITICAL,NORMAL
2026-09-09 17:21:07,BHARATI,-26.89,41.39,1014.0,76.84,207.06,71.64,0.2,85.18,24990.74,27.22,4999.36,21,0.21,0,NONE,425.88,3438.69,0.12,653.35,38.25,0,NORMAL,5030.8,0.0,CRITICAL,NORMAL
2026-09-09 17:21:12,MAITRI,-23.51,33.55,1011.3,69.8,207.06,71.69,0.2,85.18,24990.79,27.24,4999.35,30,0.21,0,NONE,425.88,3441.13,0.12,653.81,38.22,0,NORMAL,5034.37,0.0,CRITICAL,NORMAL
2026-09-09 17:21:12,BHARATI,-20.11,55.06,970.58,82.79,207.06,98.63,0.17,85.18,24990.68,37.48,4999.36,15,0.18,0,ANOMALY_GENERATOR_OVERLOAD,425.88,2981.63,0.14,899.53,27.78,55,WARNING,6926.37,0.0,CRITICAL,NORMAL
2026-09-09 17:21:17,MAITRI,-32.72,15.79,987.95,79.54,207.06,78.95,0.22,85.18,24990.75,30.0,4999.35,24,0.23,0,NONE,425.88,3789.79,0.11,720.06,34.71,0,NORMAL,5544.46,0.0,CRITICAL,NORMAL
2026-09-09 17:21:17,BHARATI,-30.72,42.52,986.05,60.79,207.06,78.06,0.22,85.18,24990.64,29.66,4999.35,27,0.23,0,NONE,425.88,3746.84,0.11,711.9,35.1,0,NORMAL,5481.63,0.0,CRITICAL,NORMAL
2026-09-09 17:21:22,MAITRI,-28.05,41.18,985.07,67.99,207.06,73.25,0.2,85.18,24990.71,27.84,4999.34,22,0.21,0,NONE,425.88,3516.21,0.12,668.08,37.41,0,NORMAL,5144.21,0.0,CRITICAL,NORMAL
2026-09-09 17:21:22,BHARATI,-22.26,21.19,993.15,71.33,207.06,69.57,0.19,85.18,24990.61,26.44,4999.35,28,0.2,0,NONE,425.88,3339.48,0.13,634.5,39.39,0,NORMAL,4885.65,0.0,CRITICAL,NORMAL
2026-09-09 17:21:27,MAITRI,-34.15,43.0,988.61,68.23,207.06,82.45,0.23,85.18,24990.66,31.33,4999.34,29,0.24,0,NONE,425.88,3957.8,0.11,751.98,33.23,0,NORMAL,5790.26,0.0,CRITICAL,NORMAL
2026-09-09 17:21:27,BHARATI,-26.58,19.93,1005.15,57.87,207.06,70.51,0.2,85.18,24990.57,26.79,4999.35,19,0.21,0,NONE,425.88,3384.6,0.13,643.07,38.86,0,NORMAL,4951.67,0.0,CRITICAL,NORMAL
2026-09-09 17:21:32,MAITRI,-24.97,40.22,989.11,77.86,207.06,96.54,0.19,85.18,24990.61,36.69,4999.34,16,0.2,0,ANOMALY_GENERATOR_OVERLOAD,425.88,3245.62,0.13,880.45,28.38,55,WARNING,6779.5,0.0,CRITICAL,NORMAL
2026-09-09 17:21:32,BHARATI,-34.71,29.08,992.6,63.38,207.06,81.45,0.23,85.18,24990.53,30.95,4999.34,25,0.24,0,NONE,425.88,3909.5,0.11,742.8,33.64,0,NORMAL,5719.59,0.0,CRITICAL,NORMAL
2026-09-09 17:21:37,MAITRI,-16.11,41.11,988.94,70.33,207.06,63.11,0.18,85.18,24990.58,23.98,4999.34,28,0.18,0,NONE,425.88,3029.38,0.14,575.58,43.42,0,NORMAL,4431.98,0.0,CRITICAL,NORMAL
2026-09-09 17:21:37,BHARATI,-15.71,32.56,994.0,68.7,207.06,57.9,0.16,85.18,24990.49,22.0,4999.34,16,0.17,0,NONE,425.88,2779.01,0.15,528.01,47.33,0,NORMAL,4065.7,0.0,CRITICAL,NORMAL
2026-09-09 17:21:42,MAITRI,-33.86,30.63,1009.64,62.97,207.06,79.76,0.22,85.18,24990.54,30.31,4999.33,23,0.23,0,NONE,425.88,3828.39,0.11,727.39,34.36,0,NORMAL,5600.94,0.0,CRITICAL,NORMAL
2026-09-09 17:21:42,BHARATI,-25.88,26.5,1003.04,65.24,207.06,74.97,0.21,85.18,24990.45,28.49,4999.34,32,0.22,0,NONE,425.88,3598.64,0.12,683.74,36.55,0,NORMAL,5264.81,0.0,CRITICAL,NORMAL
2026-09-09 17:21:47,MAITRI,-19.46,39.29,991.01,55.85,207.06,67.03,0.19,85.18,24990.5,25.47,4999.33,29,0.2,0,NONE,425.88,3217.39,0.13,611.3,40.88,0,NORMAL,4707.05,0.0,CRITICAL,NORMAL
2026-09-09 17:21:47,BHARATI,-29.96,33.68,1004.26,66.93,207.06,74.45,0.21,85.18,24990.42,28.29,4999.34,20,0.22,0,NONE,425.88,3573.8,0.12,679.02,36.8,0,NORMAL,5228.47,0.0,CRITICAL,NORMAL
2026-09-09 17:21:52,MAITRI,-20.56,44.95,999.26,70.87,207.06,70.19,0.19,85.18,24990.47,26.67,4999.33,34,0.2,0,NONE,425.88,3368.91,0.13,640.09,39.04,0,NORMAL,4928.72,0.0,CRITICAL,NORMAL
2026-09-09 17:21:52,BHARATI,-44.49,55.68,953.03,93.68,0.0,97.81,0.26,55.66,24990.36,37.17,4999.33,31,0.27,0,ANOMALY_GENERATOR_OVERLOAD,278.28,4517.36,0.06,892.05,28.01,90,CRITICAL,6868.75,0.0,CRITICAL,NORMAL
2026-09-09 17:21:58,MAITRI,-37.46,69.27,969.35,91.44,0.0,98.6,0.23,55.42,24990.41,37.47,4999.32,17,0.24,0,ANOMALY_GENERATOR_OVERLOAD,277.1,3894.53,0.07,899.21,27.79,90,CRITICAL,6923.94,0.0,CRITICAL,NORMAL
2026-09-09 17:21:58,BHARATI,-29.83,32.1,1008.5,65.83,207.06,76.72,0.21,85.18,24990.32,29.15,4999.33,26,0.22,0,NONE,425.88,3682.47,0.12,699.67,35.72,0,NORMAL,5387.46,0.0,CRITICAL,NORMAL
2026-09-09 17:22:03,MAITRI,-28.2,18.64,1002.94,79.96,207.06,71.82,0.2,85.18,24990.38,27.29,4999.32,18,0.21,0,NONE,425.88,3447.13,0.12,654.95,38.16,0,NORMAL,5043.15,0.0,CRITICAL,NORMAL
2026-09-09 17:22:03,BHARATI,-31.34,17.71,990.23,76.69,207.06,73.91,0.21,85.18,24990.28,28.09,4999.33,15,0.22,0,NONE,425.88,3547.78,0.12,674.08,37.07,0,NORMAL,5190.4,0.0,CRITICAL,NORMAL
2026-09-09 17:22:08,MAITRI,-21.43,43.25,976.75,87.63,207.06,96.88,0.19,85.18,24990.32,36.81,4999.32,24,0.2,0,ANOMALY_GENERATOR_OVERLOAD,425.88,3221.06,0.13,883.54,28.28,55,WARNING,6803.24,0.0,CRITICAL,NORMAL
2026-09-09 17:22:08,BHARATI,-23.96,10.1,1005.97,58.63,207.06,68.95,0.19,85.18,24990.25,26.2,4999.33,22,0.2,0,NONE,425.88,3309.83,0.13,628.87,39.74,0,NORMAL,4842.27,0.0,CRITICAL,NORMAL
2026-09-09 17:22:13,MAITRI,-27.99,18.42,986.59,79.58,207.06,77.99,0.22,85.18,24990.28,29.64,4999.32,34,0.23,0,NONE,425.88,3743.5,0.11,711.26,35.14,0,NORMAL,5476.74,0.0,CRITICAL,NORMAL
2026-09-09 17:22:13,BHARATI,-18.86,33.64,989.77,56.75,207.06,66.4,0.18,85.18,24990.21,25.23,4999.32,29,0.19,0,NONE,425.88,3187.22,0.13,605.57,41.27,0,NORMAL,4662.9,0.0,CRITICAL,NORMAL
2026-09-09 17:22:18,MAITRI,-24.02,12.11,988.47,58.46,207.06,70.22,0.2,85.18,24990.25,26.68,4999.31,25,0.2,0,NONE,425.88,3370.59,0.13,640.41,39.02,0,NORMAL,4931.17,0.0,CRITICAL,NORMAL
2026-09-09 17:22:18,BHARATI,-33.0,25.5,987.88,70.21,207.06,83.26,0.23,85.18,24990.17,31.64,4999.32,34,0.24,0,NONE,425.88,3996.25,0.11,759.29,32.91,0,NORMAL,5846.51,0.0,CRITICAL,NORMAL
2026-09-09 17:22:23,MAITRI,-24.05,25.49,986.89,63.75,207.06,71.05,0.2,85.18,24990.21,27.0,4999.31,27,0.21,0,NONE,425.88,3410.29,0.12,647.95,38.57,0,NORMAL,4989.25,0.0,CRITICAL,NORMAL
2026-09-09 17:22:23,BHARATI,-16.53,42.8,992.84,53.93,207.06,60.36,0.17,85.18,24990.14,22.94,4999.32,20,0.18,0,NONE,425.88,2897.21,0.15,550.47,45.4,0,NORMAL,4238.62,0.0,CRITICAL,NORMAL
2026-09-09 17:22:28,MAITRI,-25.63,36.62,1002.97,57.0,207.06,72.72,0.2,85.18,24990.17,27.63,4999.31,27,0.21,0,NONE,425.88,3490.33,0.12,663.16,37.68,0,NORMAL,5106.35,0.0,CRITICAL,NORMAL
2026-09-09 17:22:28,BHARATI,-20.3,22.05,1011.37,58.03,207.06,68.72,0.19,85.18,24990.1,26.11,4999.31,31,0.2,0,NONE,425.88,3298.34,0.13,626.68,39.88,0,NORMAL,4825.47,0.0,CRITICAL,NORMAL
2026-09-09 17:22:33,MAITRI,-27.02,20.9,986.58,62.42,207.06,74.57,0.21,85.18,24990.13,28.34,4999.3,28,0.22,0,NONE,425.88,3579.51,0.12,680.11,36.74,0,NORMAL,5236.82,0.0,CRITICAL,NORMAL
2026-09-09 17:22:33,BHARATI,-28.34,40.87,1002.81,62.92,207.06,75.55,0.21,85.18,24990.06,28.71,4999.31,27,0.22,0,NONE,425.88,3626.56,0.12,689.05,36.27,0,NORMAL,5305.66,0.0,CRITICAL,NORMAL
2026-09-09 17:22:38,MAITRI,-38.02,59.27,966.81,87.5,0.0,99.83,0.23,55.05,24990.08,37.93,4999.3,18,0.24,0,ANOMALY_GENERATOR_OVERLOAD,275.26,3941.83,0.07,910.41,27.45,90,CRITICAL,7010.14,0.0,CRITICAL,NORMAL
2026-09-09 17:22:38,BHARATI,-19.64,24.3,995.77,70.44,207.06,68.42,0.19,85.18,24990.03,26.0,4999.31,32,0.2,0,NONE,425.88,3284.24,0.13,624.01,40.05,0,NORMAL,4804.84,0.0,CRITICAL,NORMAL
2026-09-09 17:22:43,MAITRI,-32.44,15.81,990.92,77.56,207.06,78.66,0.22,85.18,24990.04,29.89,4999.3,24,0.23,0,NONE,425.88,3775.64,0.11,717.37,34.84,0,NORMAL,5523.76,0.0,CRITICAL,NORMAL
2026-09-09 17:22:43,BHARATI,-41.8,78.6,953.41,94.24,0.0,97.51,0.24,55.75,24989.97,37.05,4999.3,18,0.25,0,ANOMALY_GENERATOR_OVERLOAD,278.74,4132.39,0.07,889.29,28.1,90,CRITICAL,6847.51,0.0,CRITICAL,NORMAL
2026-09-09 17:22:48,MAITRI,-31.5,43.69,996.02,64.75,207.06,80.48,0.22,85.18,24989.99,30.58,4999.29,31,0.23,0,NONE,425.88,3862.87,0.11,733.95,34.05,0,NORMAL,5651.38,0.0,CRITICAL,NORMAL
2026-09-09 17:22:48,BHARATI,-24.36,41.52,991.47,89.85,207.06,95.01,0.19,85.18,24989.92,36.1,4999.3,24,0.2,0,ANOMALY_GENERATOR_OVERLOAD,425.88,3368.71,0.13,866.49,28.84,55,WARNING,6672.0,0.0,CRITICAL,NORMAL
2026-09-09 17:22:53,MAITRI,-26.34,33.42,1001.02,51.02,207.06,74.26,0.21,85.18,24989.96,28.22,4999.29,29,0.22,0,NONE,425.88,3564.39,0.12,677.23,36.9,0,NORMAL,5214.71,0.0,CRITICAL,NORMAL
2026-09-09 17:22:53,BHARATI,-34.72,21.63,1011.51,69.27,207.06,78.66,0.22,85.18,24989.88,29.89,4999.3,18,0.23,0,NONE,425.88,3775.49,0.11,717.34,34.84,0,NORMAL,5523.55,0.0,CRITICAL,NORMAL
2026-09-09 17:22:58,MAITRI,-18.22,21.05,1005.16,62.52,207.06,63.33,0.18,85.18,24989.92,24.06,4999.29,23,0.18,0,NONE,425.88,3039.67,0.14,577.54,43.27,0,NORMAL,4447.04,0.0,CRITICAL,NORMAL
2026-09-09 17:22:58,BHARATI,-28.0,41.42,1008.74,58.68,207.06,75.6,0.21,85.18,24989.84,28.73,4999.3,28,0.22,0,NONE,425.88,3628.87,0.12,689.48,36.24,0,NORMAL,5309.03,0.0,CRITICAL,NORMAL
2026-09-09 17:23:03,MAITRI,-20.98,46.43,987.34,78.89,207.06,98.95,0.19,85.18,24989.87,37.6,4999.29,32,0.2,0,ANOMALY_GENERATOR_OVERLOAD,425.88,3351.63,0.13,902.38,27.69,55,WARNING,6948.32,0.0,CRITICAL,NORMAL
2026-09-09 17:23:03,BHARATI,-37.29,56.47,991.41,70.09,207.06,94.72,0.23,85.18,24989.79,35.99,4999.29,22,0.24,0,ANOMALY_GENERATOR_OVERLOAD,425.88,3981.7,0.11,863.82,28.93,65,WARNING,6651.43,0.0,CRITICAL,NORMAL
2026-09-09 17:23:08,MAITRI,-21.79,36.04,984.5,76.84,207.06,96.06,0.19,85.18,24989.82,36.5,4999.28,25,0.2,0,ANOMALY_GENERATOR_OVERLOAD,425.88,3258.46,0.13,876.09,28.52,55,WARNING,6745.87,0.0,CRITICAL,NORMAL
2026-09-09 17:23:08,BHARATI,-38.87,50.31,990.38,73.55,207.06,92.03,0.24,85.18,24989.74,34.97,4999.29,24,0.25,0,ANOMALY_GENERATOR_OVERLOAD,425.88,4099.89,0.1,839.33,29.77,65,WARNING,6462.87,0.0,CRITICAL,NORMAL
2026-09-09 17:23:13,MAITRI,-15.44,19.5,1013.89,79.26,207.06,60.81,0.17,85.18,24989.79,23.11,4999.28,24,0.18,0,NONE,425.88,2918.89,0.15,554.59,45.06,0,NORMAL,4270.34,0.0,CRITICAL,NORMAL
2026-09-09 17:23:13,BHARATI,-24.45,29.18,1007.1,79.83,207.06,69.48,0.19,85.18,24989.71,26.4,4999.29,22,0.2,0,NONE,425.88,3334.91,0.13,633.63,39.44,0,NORMAL,4878.98,0.0,CRITICAL,NORMAL
2026-09-09 17:23:18,MAITRI,-31.24,24.07,993.72,59.4,207.06,75.01,0.21,85.18,24989.75,28.5,4999.28,18,0.22,0,NONE,425.88,3600.33,0.12,684.06,36.53,0,NORMAL,5267.28,0.0,CRITICAL,NORMAL
2026-09-09 17:23:18,BHARATI,-40.26,69.93,965.91,90.62,0.0,93.04,0.24,57.09,24989.66,35.35,4999.28,24,0.25,0,ANOMALY_GENERATOR_OVERLOAD,285.45,4169.91,0.07,848.49,29.45,90,CRITICAL,6533.4,0.0,CRITICAL,NORMAL
2026-09-09 17:23:23,MAITRI,-32.73,31.26,987.21,79.41,207.06,80.16,0.22,85.18,24989.7,30.46,4999.27,27,0.23,0,NONE,425.88,3847.88,0.11,731.1,34.18,0,NORMAL,5629.45,0.0,CRITICAL,NORMAL
2026-09-09 17:23:23,BHARATI,-19.86,17.31,1010.29,75.79,207.06,63.05,0.18,85.18,24989.62,23.96,4999.28,18,0.18,0,NONE,425.88,3026.31,0.14,575.0,43.46,0,NORMAL,4427.49,0.0,CRITICAL,NORMAL
2026-09-09 17:23:28,MAITRI,-18.61,43.23,987.88,73.65,207.06,61.34,0.17,85.18,24989.67,23.31,4999.27,17,0.18,0,NONE,425.88,2944.33,0.14,559.42,44.67,0,NORMAL,4307.56,0.0,CRITICAL,NORMAL
2026-09-09 17:23:28,BHARATI,-33.81,27.89,990.65,51.91,207.06,78.9,0.22,85.18,24989.58,29.98,4999.28,21,0.23,0,NONE,425.88,3787.25,0.11,719.58,34.73,0,NORMAL,5540.75,0.0,CRITICAL,NORMAL
2026-09-09 17:23:33,MAITRI,-33.73,21.09,988.12,64.8,207.06,83.62,0.23,85.18,24989.63,31.77,4999.27,33,0.24,0,NONE,425.88,4013.56,0.11,762.58,32.77,0,NORMAL,5871.84,0.0,CRITICAL,NORMAL
2026-09-09 17:23:33,BHARATI,-27.7,42.24,1001.74,67.33,207.06,70.08,0.19,85.18,24989.55,26.63,4999.28,15,0.2,0,NONE,425.88,3364.06,0.13,639.17,39.1,0,NORMAL,4921.62,0.0,CRITICAL,NORMAL
2026-09-09 17:23:38,MAITRI,-31.74,33.8,1000.72,75.27,207.06,75.93,0.21,85.18,24989.59,28.85,4999.27,19,0.22,0,NONE,425.88,3644.75,0.12,692.5,36.09,0,NORMAL,5332.26,0.0,CRITICAL,NORMAL
2026-09-09 17:23:38,BHARATI,-36.45,44.8,981.51,87.88,207.06,95.72,0.23,85.18,24989.5,36.37,4999.28,21,0.24,0,ANOMALY_GENERATOR_OVERLOAD,425.88,3920.39,0.11,872.93,28.63,65,WARNING,6721.6,0.0,CRITICAL,NORMAL
2026-09-09 17:23:43,MAITRI,-23.94,17.91,1012.28,54.13,207.06,67.74,0.19,85.18,24989.55,25.74,4999.26,19,0.2,0,NONE,425.88,3251.33,0.13,617.75,40.45,0,NORMAL,4756.69,0.0,CRITICAL,NORMAL
2026-09-09 17:23:43,BHARATI,-17.58,29.6,1011.48,68.1,207.06,62.66,0.17,85.18,24989.46,23.81,4999.27,23,0.18,0,NONE,425.88,3007.71,0.14,571.47,43.73,0,NORMAL,4400.28,0.0,CRITICAL,NORMAL
2026-09-09 17:23:48,MAITRI,-25.59,16.51,992.91,70.9,207.06,67.87,0.19,85.18,24989.52,25.79,4999.26,15,0.2,0,NONE,425.88,3257.6,0.13,618.94,40.37,0,NORMAL,4765.87,0.0,CRITICAL,NORMAL
2026-09-09 17:23:48,BHARATI,-25.13,25.55,1004.28,55.78,207.06,71.38,0.2,85.18,24989.42,27.13,4999.27,25,0.21,0,NONE,425.88,3426.39,0.12,651.01,38.39,0,NORMAL,5012.81,0.0,CRITICAL,NORMAL
2026-09-09 17:23:53,MAITRI,-37.61,59.51,977.86,70.62,207.06,97.81,0.23,85.18,24989.46,37.17,4999.26,19,0.24,0,ANOMALY_GENERATOR_OVERLOAD,425.88,3940.4,0.11,892.03,28.01,65,WARNING,6868.67,0.0,CRITICAL,NORMAL
2026-09-09 17:23:53,BHARATI,-26.56,32.12,991.75,70.36,207.06,72.49,0.2,85.18,24989.39,27.54,4999.27,24,0.21,0,NONE,425.88,3479.35,0.12,661.08,37.8,0,NORMAL,5090.3,0.0,CRITICAL,NORMAL
2026-09-09 17:23:58,MAITRI,-26.49,22.78,1001.38,61.95,207.06,72.01,0.2,85.18,24989.43,27.36,4999.26,23,0.21,0,NONE,425.88,3456.52,0.12,656.74,38.05,0,NORMAL,5056.89,0.0,CRITICAL,NORMAL
2026-09-09 17:23:58,BHARATI,-27.44,20.94,986.27,57.1,207.06,73.81,0.21,85.18,24989.35,28.05,4999.27,25,0.22,0,NONE,425.88,3543.11,0.12,673.19,37.12,0,NORMAL,5183.57,0.0,CRITICAL,NORMAL
2026-09-09 17:24:03,MAITRI,-21.34,11.28,995.28,72.2,207.06,69.41,0.19,85.18,24989.39,26.37,4999.25,30,0.2,0,NONE,425.88,3331.46,0.13,632.98,39.48,0,NORMAL,4873.92,0.0,CRITICAL,NORMAL
2026-09-09 17:24:03,BHARATI,-21.05,40.47,988.1,66.03,207.06,65.1,0.18,85.18,24989.31,24.74,4999.26,20,0.19,0,NONE,425.88,3124.85,0.14,593.72,42.09,0,NORMAL,4571.65,0.0,CRITICAL,NORMAL
2026-09-09 17:24:08,MAITRI,-34.07,39.01,988.87,70.64,207.06,93.4,0.22,85.18,24989.34,35.49,4999.25,18,0.23,0,ANOMALY_GENERATOR_OVERLOAD,425.88,3742.81,0.11,851.84,29.34,55,WARNING,6559.15,0.0,CRITICAL,NORMAL
2026-09-09 17:24:08,BHARATI,-24.81,43.33,984.89,74.01,207.06,93.13,0.19,85.18,24989.26,35.39,4999.26,21,0.2,0,ANOMALY_GENERATOR_OVERLOAD,425.88,3333.7,0.13,849.39,29.42,55,WARNING,6540.27,0.0,CRITICAL,NORMAL
2026-09-09 17:24:13,MAITRI,-31.79,47.19,988.27,85.49,207.06,92.9,0.21,85.18,24989.29,35.3,4999.25,17,0.22,0,ANOMALY_GENERATOR_OVERLOAD,425.88,3608.62,0.12,847.28,29.49,55,WARNING,6524.06,0.0,CRITICAL,NORMAL
2026-09-09 17:24:13,BHARATI,-34.21,48.1,989.49,87.1,207.06,98.06,0.23,85.18,24989.21,37.26,4999.26,26,0.24,0,ANOMALY_GENERATOR_OVERLOAD,425.88,3903.49,0.11,894.32,27.94,55,WARNING,6886.26,0.0,CRITICAL,NORMAL
2026-09-09 17:24:18,MAITRI,-19.78,15.89,1001.02,58.05,207.06,62.97,0.17,85.18,24989.26,23.93,4999.25,18,0.18,0,NONE,425.88,3022.47,0.14,574.27,43.51,0,NORMAL,4421.88,0.0,CRITICAL,NORMAL
2026-09-09 17:24:18,BHARATI,-28.05,14.37,1012.02,72.09,207.06,70.86,0.2,85.18,24989.17,26.93,4999.26,16,0.21,0,NONE,425.88,3401.07,0.13,646.2,38.67,0,NORMAL,4975.76,0.0,CRITICAL,NORMAL
2026-09-09 17:24:23,MAITRI,-33.31,39.68,1010.43,73.43,207.06,79.18,0.22,85.18,24989.22,30.09,4999.25,23,0.23,0,NONE,425.88,3800.49,0.11,722.09,34.61,0,NORMAL,5560.11,0.0,CRITICAL,NORMAL
2026-09-09 17:24:23,BHARATI,-32.7,36.4,986.76,71.28,207.06,81.34,0.23,85.18,24989.13,30.91,4999.25,30,0.24,0,NONE,425.88,3904.33,0.11,741.82,33.69,0,NORMAL,5712.03,0.0,CRITICAL,NORMAL
2026-09-09 17:24:28,MAITRI,-32.53,16.48,986.13,65.06,207.06,76.76,0.21,85.18,24989.18,29.17,4999.24,19,0.22,0,NONE,425.88,3684.56,0.12,700.07,35.7,0,NORMAL,5390.51,0.0,CRITICAL,NORMAL
2026-09-09 17:24:28,BHARATI,-28.49,37.32,993.71,59.04,207.06,72.11,0.2,85.18,24989.09,27.4,4999.25,18,0.21,0,NONE,425.88,3461.43,0.12,657.67,38.0,0,NORMAL,5064.08,0.0,CRITICAL,NORMAL
2026-09-09 17:24:33,MAITRI,-29.52,42.63,985.23,54.5,207.06,76.8,0.21,85.18,24989.14,29.18,4999.24,27,0.22,0,NONE,425.88,3686.21,0.12,700.38,35.68,0,NORMAL,5392.93,0.0,CRITICAL,NORMAL
2026-09-09 17:24:33,BHARATI,-33.46,35.58,996.16,72.05,207.06,80.14,0.22,85.18,24989.05,30.45,4999.25,25,0.23,0,NONE,425.88,3846.56,0.11,730.85,34.19,0,NORMAL,5627.51,0.0,CRITICAL,NORMAL
2026-09-09 17:24:38,MAITRI,-33.06,13.88,986.62,53.2,207.06,81.32,0.23,85.18,24989.09,30.9,4999.24,29,0.24,0,NONE,425.88,3903.25,0.11,741.62,33.7,0,NORMAL,5710.46,0.0,CRITICAL,NORMAL
2026-09-09 17:24:38,BHARATI,-36.59,37.91,970.08,85.87,207.06,98.18,0.23,85.18,24989.0,37.31,4999.24,23,0.24,0,ANOMALY_GENERATOR_OVERLOAD,425.88,3965.81,0.11,895.43,27.91,65,WARNING,6894.83,0.0,CRITICAL,NORMAL
2026-09-09 17:24:43,MAITRI,-21.0,50.35,989.21,85.14,207.06,96.73,0.19,85.18,24989.04,36.76,4999.23,28,0.2,0,ANOMALY_GENERATOR_OVERLOAD,425.88,3275.8,0.13,882.18,28.33,55,WARNING,6792.79,0.0,CRITICAL,NORMAL
2026-09-09 17:24:43,BHARATI,-19.49,31.15,992.69,64.5,207.06,64.66,0.18,85.18,24988.97,24.57,4999.24,23,0.19,0,NONE,425.88,3103.79,0.14,589.72,42.37,0,NORMAL,4540.85,0.0,CRITICAL,NORMAL
2026-09-09 17:24:48,MAITRI,-17.72,39.37,985.81,77.56,207.06,62.81,0.17,85.18,24989.01,23.87,4999.23,23,0.18,0,NONE,425.88,3014.77,0.14,572.81,43.63,0,NORMAL,4410.61,0.0,CRITICAL,NORMAL
2026-09-09 17:24:48,BHARATI,-15.96,33.74,1012.6,59.57,207.06,62.15,0.17,85.18,24988.93,23.62,4999.24,26,0.18,0,NONE,425.88,2983.44,0.14,566.85,44.08,0,NORMAL,4364.77,0.0,CRITICAL,NORMAL
2026-09-09 17:24:53,MAITRI,-21.79,15.52,1008.8,63.88,207.06,70.68,0.2,85.18,24988.97,26.86,4999.23,32,0.21,0,NONE,425.88,3392.45,0.13,644.57,38.77,0,NORMAL,4963.15,0.0,CRITICAL,NORMAL
2026-09-09 17:24:53,BHARATI,-26.23,35.63,987.06,73.01,207.06,98.78,0.2,85.18,24988.88,37.54,4999.24,20,0.21,0,ANOMALY_GENERATOR_OVERLOAD,425.88,3385.78,0.13,900.92,27.74,55,WARNING,6937.06,0.0,CRITICAL,NORMAL
2026-09-09 17:24:58,MAITRI,-24.9,38.74,1005.48,58.88,207.06,68.75,0.19,85.18,24988.94,26.12,4999.23,19,0.2,0,NONE,425.88,3299.92,0.13,626.98,39.86,0,NORMAL,4827.78,0.0,CRITICAL,NORMAL
2026-09-09 17:24:58,BHARATI,-29.69,33.15,987.37,51.75,207.06,74.58,0.21,85.18,24988.84,28.34,4999.23,21,0.22,0,NONE,425.88,3579.73,0.12,680.15,36.74,0,NORMAL,5237.14,0.0,CRITICAL,NORMAL
2026-09-09 17:25:03,MAITRI,-22.66,14.89,990.5,79.09,207.06,68.8,0.19,85.18,24988.9,26.14,4999.22,25,0.2,0,NONE,425.88,3302.3,0.13,627.44,39.83,0,NORMAL,4831.26,0.0,CRITICAL,NORMAL
2026-09-09 17:25:03,BHARATI,-25.73,44.33,1011.96,58.98,207.06,69.61,0.19,85.18,24988.8,26.45,4999.23,19,0.2,0,NONE,425.88,3341.34,0.13,634.86,39.36,0,NORMAL,4888.38,0.0,CRITICAL,NORMAL
2026-09-09 17:25:08,MAITRI,-27.64,16.51,991.0,71.51,207.06,74.42,0.21,85.18,24988.86,28.28,4999.22,26,0.22,0,NONE,425.88,3572.23,0.12,678.72,36.82,0,NORMAL,5226.18,0.0,CRITICAL,NORMAL
2026-09-09 17:25:08,BHARATI,-20.07,12.14,988.72,64.21,207.06,68.07,0.19,85.18,24988.77,25.87,4999.23,30,0.2,0,NONE,425.88,3267.32,0.13,620.79,40.25,0,NORMAL,4780.09,0.0,CRITICAL,NORMAL
2026-09-09 17:25:13,MAITRI,-24.34,58.78,985.84,85.66,207.06,93.24,0.19,85.18,24988.81,35.43,4999.22,16,0.2,0,ANOMALY_GENERATOR_OVERLOAD,425.88,3213.98,0.13,850.35,29.39,55,WARNING,6547.68,0.0,CRITICAL,NORMAL
2026-09-09 17:25:13,BHARATI,-18.96,33.09,1008.3,78.82,207.06,63.71,0.18,85.18,24988.73,24.21,4999.23,22,0.19,0,NONE,425.88,3057.89,0.14,581.0,43.01,0,NORMAL,4473.7,0.0,CRITICAL,NORMAL
2026-09-09 17:25:18,MAITRI,-20.7,11.7,1010.34,78.87,207.06,65.93,0.18,85.18,24988.78,25.05,4999.21,23,0.19,0,NONE,425.88,3164.66,0.13,601.29,41.56,0,NORMAL,4629.9,0.0,CRITICAL,NORMAL
2026-09-09 17:25:18,BHARATI,-22.61,43.16,1007.41,54.29,207.06,66.34,0.18,85.18,24988.7,25.21,4999.22,19,0.19,0,NONE,425.88,3184.11,0.13,604.98,41.3,0,NORMAL,4658.35,0.0,CRITICAL,NORMAL
2026-09-09 17:25:23,MAITRI,-29.34,17.52,1004.17,53.52,207.06,72.21,0.2,85.18,24988.74,27.44,4999.21,16,0.21,0,NONE,425.88,3465.98,0.12,658.54,37.95,0,NORMAL,5070.73,0.0,CRITICAL,NORMAL
2026-09-09 17:25:23,BHARATI,-40.0,66.56,955.2,92.76,0.0,86.4,0.24,59.08,24988.65,32.83,4999.22,24,0.25,0,NONE,295.4,4156.69,0.07,787.95,31.71,70,CRITICAL,6067.24,0.0,CRITICAL,NORMAL
2026-09-09 17:25:28,MAITRI,-29.29,36.96,993.81,68.31,207.06,72.56,0.2,85.18,24988.7,27.57,4999.21,17,0.21,0,NONE,425.88,3482.71,0.12,661.71,37.76,0,NORMAL,5095.2,0.0,CRITICAL,NORMAL
2026-09-09 17:25:28,BHARATI,-28.51,39.12,987.34,51.72,207.06,73.73,0.2,85.18,24988.62,28.02,4999.22,22,0.22,0,NONE,425.88,3539.11,0.12,672.43,37.16,0,NORMAL,5177.72,0.0,CRITICAL,NORMAL
2026-09-09 17:25:33,MAITRI,-32.43,44.05,992.85,54.34,207.06,79.85,0.22,85.18,24988.66,30.34,4999.21,27,0.23,0,NONE,425.88,3832.89,0.11,728.25,34.31,0,NORMAL,5607.51,0.0,CRITICAL,NORMAL
2026-09-09 17:25:33,BHARATI,-40.87,65.85,951.98,92.83,0.0,89.1,0.24,58.27,24988.57,33.86,4999.22,21,0.25,0,NONE,291.35,4142.91,0.07,812.58,30.75,70,CRITICAL,6256.88,0.0,CRITICAL,NORMAL
2026-09-09 17:25:39,MAITRI,-32.68,34.9,985.67,58.21,207.06,75.72,0.21,85.18,24988.62,28.77,4999.21,16,0.22,0,NONE,425.88,3634.5,0.12,690.56,36.19,0,NORMAL,5317.28,0.0,CRITICAL,NORMAL
2026-09-09 17:25:39,BHARATI,-33.45,39.76,1012.58,57.42,207.06,82.12,0.23,85.18,24988.52,31.2,4999.21,30,0.24,0,NONE,425.88,3941.63,0.11,748.91,33.37,0,NORMAL,5766.61,0.0,CRITICAL,NORMAL
2026-09-09 17:25:44,MAITRI,-20.3,26.21,1011.18,73.3,207.06,65.91,0.18,85.18,24988.58,25.05,4999.2,24,0.19,0,NONE,425.88,3163.85,0.13,601.13,41.57,0,NORMAL,4628.72,0.0,CRITICAL,NORMAL
2026-09-09 17:25:44,BHARATI,-20.23,28.67,1010.56,56.69,207.06,69.44,0.19,85.18,24988.49,26.39,4999.21,33,0.2,0,NONE,425.88,3333.22,0.13,633.31,39.46,0,NORMAL,4876.5,0.0,CRITICAL,NORMAL
2026-09-09 17:25:49,MAITRI,-33.43,27.98,993.98,62.04,207.06,83.7,0.23,85.18,24988.54,31.8,4999.2,34,0.24,0,NONE,425.88,4017.42,0.11,763.31,32.74,0,NORMAL,5877.49,0.0,CRITICAL,NORMAL
2026-09-09 17:25:49,BHARATI,-32.18,58.06,978.56,87.72,207.06,97.28,0.22,85.18,24988.44,36.97,4999.21,23,0.23,0,ANOMALY_GENERATOR_OVERLOAD,425.88,3743.57,0.11,887.24,28.16,55,WARNING,6831.72,0.0,CRITICAL,NORMAL
2026-09-09 17:25:54,MAITRI,-28.75,27.02,988.03,51.44,207.06,76.39,0.21,85.18,24988.5,29.03,4999.2,28,0.22,0,NONE,425.88,3666.85,0.12,696.7,35.87,0,NORMAL,5364.6,0.0,CRITICAL,NORMAL
2026-09-09 17:25:54,BHARATI,-36.15,51.75,973.71,88.93,207.06,92.73,0.23,85.18,24988.39,35.24,4999.2,27,0.24,0,ANOMALY_GENERATOR_OVERLOAD,425.88,4020.18,0.11,845.67,29.55,65,WARNING,6511.66,0.0,CRITICAL,NORMAL
2026-09-09 17:25:59,MAITRI,-32.51,40.72,999.58,52.72,207.06,78.74,0.22,85.18,24988.46,29.92,4999.19,24,0.23,0,NONE,425.88,3779.4,0.11,718.09,34.8,0,NORMAL,5529.26,0.0,CRITICAL,NORMAL
2026-09-09 17:25:59,BHARATI,-19.8,42.51,1003.26,53.4,207.06,69.39,0.19,85.18,24988.35,26.37,4999.2,34,0.2,0,NONE,425.88,3330.86,0.13,632.86,39.48,0,NORMAL,4873.05,0.0,CRITICAL,NORMAL
2026-09-09 17:26:04,MAITRI,-33.17,25.47,998.02,62.15,207.06,76.23,0.21,85.18,24988.42,28.97,4999.19,16,0.22,0,NONE,425.88,3659.03,0.12,695.22,35.94,0,NORMAL,5353.17,0.0,CRITICAL,NORMAL
2026-09-09 17:26:04,BHARATI,-30.81,59.71,978.94,72.66,207.06,96.53,0.22,85.18,24988.3,36.68,4999.2,27,0.23,0,ANOMALY_GENERATOR_OVERLOAD,425.88,3751.04,0.11,880.34,28.38,55,WARNING,6778.6,0.0,CRITICAL,NORMAL
2026-09-09 17:26:09,MAITRI,-22.96,38.51,988.25,62.77,207.06,71.91,0.2,85.18,24988.38,27.33,4999.19,32,0.21,0,NONE,425.88,3451.58,0.12,655.8,38.1,0,NORMAL,5049.66,0.0,CRITICAL,NORMAL
2026-09-09 17:26:09,BHARATI,-22.26,10.57,991.93,53.61,207.06,67.57,0.19,85.18,24988.26,25.68,4999.19,23,0.2,0,NONE,425.88,3243.34,0.13,616.24,40.55,0,NORMAL,4745.01,0.0,CRITICAL,NORMAL
2026-09-09 17:26:14,MAITRI,-32.16,19.41,1000.09,66.1,207.06,77.97,0.22,85.18,24988.34,29.63,4999.19,23,0.23,0,NONE,425.88,3742.41,0.11,711.06,35.14,0,NORMAL,5475.14,0.0,CRITICAL,NORMAL
2026-09-09 17:26:14,BHARATI,-17.09,27.67,997.74,75.79,207.06,60.14,0.17,85.18,24988.23,22.85,4999.19,18,0.18,0,NONE,425.88,2886.76,0.15,548.48,45.56,0,NORMAL,4223.33,0.0,CRITICAL,NORMAL
2026-09-09 17:26:19,MAITRI,-23.03,37.71,977.19,74.0,207.06,97.43,0.19,85.18,24988.29,37.03,4999.18,19,0.19,0,ANOMALY_GENERATOR_OVERLOAD,425.88,3205.32,0.13,888.6,28.12,55,WARNING,6842.25,0.0,CRITICAL,NORMAL
2026-09-09 17:26:19,BHARATI,-16.11,17.87,985.05,52.06,207.06,60.32,0.17,85.18,24988.2,22.92,4999.19,21,0.18,0,NONE,425.88,2895.13,0.15,550.08,45.43,0,NORMAL,4235.58,0.0,CRITICAL,NORMAL
2026-09-09 17:26:24,MAITRI,-24.31,34.98,997.82,65.83,207.06,69.32,0.19,85.18,24988.25,26.34,4999.18,22,0.2,0,NONE,425.88,3327.59,0.13,632.24,39.52,0,NORMAL,4868.27,0.0,CRITICAL,NORMAL
2026-09-09 17:26:24,BHARATI,-26.56,13.25,988.0,69.25,207.06,74.88,0.21,85.18,24988.16,28.46,4999.19,30,0.22,0,NONE,425.88,3594.47,0.12,682.95,36.59,0,NORMAL,5258.71,0.0,CRITICAL,NORMAL
2026-09-09 17:26:29,MAITRI,-32.09,43.63,991.96,71.39,207.06,97.83,0.21,85.18,24988.2,37.18,4999.18,16,0.22,0,ANOMALY_GENERATOR_OVERLOAD,425.88,3604.42,0.12,892.24,28.01,55,WARNING,6870.22,0.0,CRITICAL,NORMAL
2026-09-09 17:26:29,BHARATI,-29.97,56.58,981.48,79.86,207.06,98.17,0.22,85.18,24988.11,37.31,4999.18,29,0.23,0,ANOMALY_GENERATOR_OVERLOAD,425.88,3747.21,0.11,895.34,27.91,55,WARNING,6894.1,0.0,CRITICAL,NORMAL
2026-09-09 17:26:34,MAITRI,-21.59,24.49,1005.46,67.49,207.06,65.67,0.18,85.18,24988.16,24.95,4999.18,20,0.19,0,NONE,425.88,3151.96,0.14,598.87,41.73,0,NORMAL,4611.32,0.0,CRITICAL,NORMAL
2026-09-09 17:26:34,BHARATI,-41.05,62.18,951.8,87.36,0.0,98.69,0.25,55.39,24988.06,37.5,4999.18,28,0.26,0,ANOMALY_GENERATOR_OVERLOAD,276.97,4286.74,0.06,900.04,27.76,90,CRITICAL,6930.27,0.0,CRITICAL,NORMAL
2026-09-09 17:26:39,MAITRI,-44.12,61.49,953.31,96.95,0.0,97.07,0.26,55.88,24988.11,36.89,4999.17,31,0.27,0,ANOMALY_GENERATOR_OVERLOAD,279.39,4498.86,0.06,885.29,28.23,90,CRITICAL,6816.73,0.0,CRITICAL,NORMAL
2026-09-09 17:26:39,BHARATI,-26.99,18.5,985.12,54.31,207.06,74.54,0.21,85.18,24988.02,28.32,4999.18,28,0.22,0,NONE,425.88,3577.82,0.12,679.79,36.76,0,NORMAL,5234.36,0.0,CRITICAL,NORMAL
2026-09-09 17:26:44,MAITRI,-15.45,36.51,1001.21,57.76,207.06,63.22,0.18,85.18,24988.08,24.02,4999.17,30,0.18,0,NONE,425.88,3034.55,0.14,576.57,43.34,0,NORMAL,4439.55,0.0,CRITICAL,NORMAL
2026-09-09 17:26:44,BHARATI,-31.77,38.86,1011.3,70.35,207.06,79.96,0.22,85.18,24987.98,30.38,4999.17,29,0.23,0,NONE,425.88,3837.93,0.11,729.21,34.27,0,NORMAL,5614.9,0.0,CRITICAL,NORMAL
2026-09-09 17:26:49,MAITRI,-16.79,15.94,996.49,51.13,207.06,59.43,0.17,85.18,24988.05,22.58,4999.17,17,0.17,0,NONE,425.88,2852.4,0.15,541.96,46.11,0,NORMAL,4173.07,0.0,CRITICAL,NORMAL
2026-09-09 17:26:49,BHARATI,-31.31,23.43,1005.28,69.84,207.06,75.07,0.21,85.18,24987.94,28.53,4999.17,18,0.22,0,NONE,425.88,3603.46,0.12,684.66,36.5,0,NORMAL,5271.87,0.0,CRITICAL,NORMAL
2026-09-09 17:26:54,MAITRI,-24.51,30.44,1007.79,62.45,207.06,72.73,0.2,85.18,24988.01,27.64,4999.16,30,0.21,0,NONE,425.88,3491.27,0.12,663.34,37.67,0,NORMAL,5107.73,0.0,CRITICAL,NORMAL
2026-09-09 17:26:54,BHARATI,-21.14,24.27,999.67,67.75,207.06,68.0,0.19,85.18,24987.9,25.84,4999.17,27,0.2,0,NONE,425.88,3263.94,0.13,620.15,40.29,0,NORMAL,4775.14,0.0,CRITICAL,NORMAL
2026-09-09 17:26:59,MAITRI,-23.93,38.71,1010.61,77.81,207.06,72.92,0.2,85.18,24987.97,27.71,4999.16,32,0.21,0,NONE,425.88,3500.25,0.12,665.05,37.57,0,NORMAL,5120.87,0.0,CRITICAL,NORMAL
2026-09-09 17:26:59,BHARATI,-31.14,36.84,1005.54,63.86,207.06,78.49,0.22,85.18,24987.86,29.83,4999.16,27,0.23,0,NONE,425.88,3767.7,0.11,715.86,34.91,0,NORMAL,5512.15,0.0,CRITICAL,NORMAL
2026-09-09 17:27:04,MAITRI,-40.24,60.04,957.35,96.52,0.0,93.02,0.25,57.1,24987.92,35.35,4999.16,31,0.26,0,ANOMALY_GENERATOR_OVERLOAD,285.48,4303.54,0.07,848.31,29.46,90,CRITICAL,6531.95,0.0,CRITICAL,NORMAL
2026-09-09 17:27:04,BHARATI,-26.66,37.23,994.9,75.4,207.06,94.6,0.21,85.18,24987.81,35.95,4999.16,32,0.22,0,ANOMALY_GENERATOR_OVERLOAD,425.88,3638.1,0.12,862.75,28.96,55,WARNING,6643.15,0.0,CRITICAL,NORMAL
2026-09-09 17:27:09,MAITRI,-22.9,38.33,1012.93,68.3,207.06,66.65,0.19,85.18,24987.89,25.33,4999.15,19,0.19,0,NONE,425.88,3199.04,0.13,607.82,41.11,0,NORMAL,4680.19,0.0,CRITICAL,NORMAL
2026-09-09 17:27:09,BHARATI,-18.85,11.38,999.04,78.25,207.06,60.79,0.17,85.18,24987.78,23.1,4999.16,15,0.18,0,NONE,425.88,2918.09,0.15,554.44,45.07,0,NORMAL,4269.16,0.0,CRITICAL,NORMAL
2026-09-09 17:27:14,MAITRI,-31.53,21.46,985.59,54.11,207.06,79.71,0.22,85.18,24987.84,30.29,4999.15,29,0.23,0,NONE,425.88,3825.97,0.11,726.93,34.37,0,NORMAL,5597.39,0.0,CRITICAL,NORMAL
2026-09-09 17:27:14,BHARATI,-27.76,25.95,1001.99,51.87,207.06,72.55,0.2,85.18,24987.74,27.57,4999.16,21,0.21,0,NONE,425.88,3482.4,0.12,661.66,37.77,0,NORMAL,5094.76,0.0,CRITICAL,NORMAL
2026-09-09 17:27:19,MAITRI,-26.04,52.09,990.34,85.55,207.06,92.66,0.19,85.18,24987.79,35.21,4999.15,18,0.2,0,ANOMALY_GENERATOR_OVERLOAD,425.88,3338.13,0.13,845.03,29.57,55,WARNING,6506.7,0.0,CRITICAL,NORMAL
2026-09-09 17:27:19,BHARATI,-25.73,28.46,999.83,63.13,207.06,74.41,0.21,85.18,24987.7,28.28,4999.15,31,0.22,0,NONE,425.88,3571.75,0.12,678.63,36.82,0,NORMAL,5225.47,0.0,CRITICAL,NORMAL
2026-09-09 17:27:24,MAITRI,-28.16,12.52,1007.61,55.3,207.06,72.17,0.2,85.18,24987.76,27.42,4999.15,19,0.21,0,NONE,425.88,3463.94,0.12,658.15,37.97,0,NORMAL,5067.75,0.0,CRITICAL,NORMAL
2026-09-09 17:27:24,BHARATI,-29.18,16.97,1004.23,52.82,207.06,72.43,0.2,85.18,24987.66,27.52,4999.15,17,0.21,0,NONE,425.88,3476.82,0.12,660.6,37.83,0,NORMAL,5086.59,0.0,CRITICAL,NORMAL
2026-09-09 17:27:29,MAITRI,-26.2,11.26,1010.06,72.46,207.06,75.31,0.21,85.18,24987.72,28.62,4999.14,32,0.22,0,NONE,425.88,3614.94,0.12,686.84,36.38,0,NORMAL,5288.66,0.0,CRITICAL,NORMAL
2026-09-09 17:27:29,BHARATI,-36.94,45.35,990.42,72.76,207.06,98.99,0.23,85.18,24987.61,37.62,4999.15,25,0.24,0,ANOMALY_GENERATOR_OVERLOAD,425.88,4021.98,0.11,902.83,27.68,65,WARNING,6951.81,0.0,CRITICAL,NORMAL
2026-09-09 17:27:34,MAITRI,-31.13,42.57,998.04,71.63,207.06,76.88,0.21,85.18,24987.68,29.22,4999.14,23,0.22,0,NONE,425.88,3690.39,0.12,701.17,35.64,0,NORMAL,5399.04,0.0,CRITICAL,NORMAL
2026-09-09 17:27:34,BHARATI,-34.65,26.29,1005.65,61.12,207.06,83.78,0.23,85.18,24987.57,31.84,4999.14,31,0.24,0,NONE,425.88,4021.65,0.11,764.11,32.7,0,NORMAL,5883.67,0.0,CRITICAL,NORMAL
2026-09-09 17:27:39,MAITRI,-38.5,66.2,950.0,85.03,0.0,88.57,0.24,58.43,24987.63,33.66,4999.14,27,0.25,0,NONE,292.14,4138.75,0.07,807.8,30.93,70,CRITICAL,6220.07,0.0,CRITICAL,NORMAL
2026-09-09 17:27:39,BHARATI,-24.92,37.71,977.96,74.68,207.06,93.5,0.2,85.18,24987.52,35.53,4999.14,30,0.21,0,ANOMALY_GENERATOR_OVERLOAD,425.88,3511.74,0.12,852.68,29.3,55,WARNING,6565.63,0.0,CRITICAL,NORMAL
2026-09-09 17:27:44,MAITRI,-32.03,20.0,999.94,65.25,207.06,74.63,0.21,85.18,24987.59,28.36,4999.14,15,0.22,0,NONE,425.88,3582.15,0.12,680.61,36.71,0,NORMAL,5240.68,0.0,CRITICAL,NORMAL
2026-09-09 17:27:44,BHARATI,-34.85,14.96,1005.53,56.45,207.06,81.2,0.23,85.18,24987.47,30.85,4999.14,24,0.24,0,NONE,425.88,3897.43,0.11,740.51,33.74,0,NORMAL,5701.95,0.0,CRITICAL,NORMAL
2026-09-09 17:27:49,MAITRI,-20.87,36.29,1001.82,71.42,207.06,68.51,0.19,85.18,24987.55,26.04,4999.13,29,0.2,0,NONE,425.88,3288.7,0.13,624.85,39.99,0,NORMAL,4811.37,0.0,CRITICAL,NORMAL
2026-09-09 17:27:49,BHARATI,-31.95,36.86,992.29,66.11,207.06,81.35,0.23,85.18,24987.43,30.91,4999.13,32,0.24,0,NONE,425.88,3904.6,0.11,741.87,33.68,0,NORMAL,5712.43,0.0,CRITICAL,NORMAL
2026-09-09 17:27:54,MAITRI,-30.86,19.01,1007.86,63.29,207.06,80.6,0.22,85.18,24987.51,30.63,4999.13,33,0.24,0,NONE,425.88,3868.8,0.11,735.07,33.99,0,NORMAL,5660.05,0.0,CRITICAL,NORMAL
2026-09-09 17:27:54,BHARATI,-39.56,52.54,978.12,71.83,207.06,93.75,0.25,85.18,24987.38,35.62,4999.13,33,0.26,0,ANOMALY_GENERATOR_OVERLOAD,425.88,4307.58,0.1,854.96,29.23,65,WARNING,6583.21,0.0,CRITICAL,NORMAL
2026-09-09 17:27:59,MAITRI,-32.77,44.89,986.68,84.07,207.06,97.3,0.21,85.18,24987.46,36.97,4999.13,16,0.22,0,ANOMALY_GENERATOR_OVERLOAD,425.88,3638.7,0.12,887.37,28.16,55,WARNING,6832.73,0.0,CRITICAL,NORMAL
2026-09-09 17:27:59,BHARATI,-15.11,16.84,997.26,74.21,207.06,60.47,0.17,85.18,24987.35,22.98,4999.13,24,0.18,0,NONE,425.88,2902.34,0.15,551.44,45.31,0,NORMAL,4246.12,0.0,CRITICAL,NORMAL
2026-09-09 17:28:04,MAITRI,-30.32,13.65,1010.97,53.25,207.06,80.43,0.22,85.18,24987.42,30.56,4999.12,34,0.23,0,NONE,425.88,3860.73,0.11,733.54,34.06,0,NORMAL,5648.25,0.0,CRITICAL,NORMAL
2026-09-09 17:28:04,BHARATI,-34.44,37.06,985.1,85.1,207.06,96.84,0.23,85.18,24987.3,36.8,4999.12,26,0.24,0,ANOMALY_GENERATOR_OVERLOAD,425.88,3915.16,0.11,883.18,28.29,55,WARNING,6800.49,0.0,CRITICAL,NORMAL
2026-09-09 17:28:09,MAITRI,-30.27,17.14,1000.76,54.24,207.06,79.99,0.22,85.18,24987.38,30.39,4999.12,33,0.23,0,NONE,425.88,3839.36,0.11,729.48,34.25,0,NORMAL,5616.99,0.0,CRITICAL,NORMAL
2026-09-09 17:28:09,BHARATI,-26.73,15.06,999.39,79.23,207.06,76.67,0.21,85.18,24987.26,29.13,4999.12,34,0.22,0,NONE,425.88,3680.03,0.12,699.21,35.74,0,NORMAL,5383.88,0.0,CRITICAL,NORMAL
2026-09-09 17:28:14,MAITRI,-33.94,26.56,1001.16,78.02,207.06,79.44,0.22,85.18,24987.33,30.19,4999.12,22,0.23,0,NONE,425.88,3813.21,0.11,724.51,34.49,0,NORMAL,5578.72,0.0,CRITICAL,NORMAL
2026-09-09 17:28:14,BHARATI,-16.61,20.73,986.39,70.11,207.06,59.64,0.17,85.18,24987.23,22.66,4999.12,18,0.17,0,NONE,425.88,2862.81,0.15,543.93,45.94,0,NORMAL,4188.29,0.0,CRITICAL,NORMAL
2026-09-09 17:28:19,MAITRI,-26.88,40.58,1001.53,62.41,207.06,74.42,0.21,85.18,24987.29,28.28,4999.11,28,0.22,0,NONE,425.88,3572.26,0.12,678.73,36.81,0,NORMAL,5226.22,0.0,CRITICAL,NORMAL
2026-09-09 17:28:19,BHARATI,-27.02,18.07,1001.01,68.18,207.06,76.18,0.21,85.18,24987.19,28.95,4999.11,32,0.22,0,NONE,425.88,3656.45,0.12,694.72,35.97,0,NORMAL,5349.38,0.0,CRITICAL,NORMAL
2026-09-09 17:28:24,MAITRI,-30.88,13.39,1013.26,52.46,207.06,79.43,0.22,85.18,24987.25,30.18,4999.11,30,0.23,0,NONE,425.88,3812.44,0.11,724.36,34.5,0,NORMAL,5577.59,0.0,CRITICAL,NORMAL
2026-09-09 17:28:24,BHARATI,-19.23,25.82,1009.28,52.86,207.06,64.0,0.18,85.18,24987.15,24.32,4999.11,22,0.19,0,NONE,425.88,3071.83,0.14,583.65,42.81,0,NORMAL,4494.08,0.0,CRITICAL,NORMAL
2026-09-09 17:28:29,MAITRI,-23.31,16.6,1006.7,50.74,207.06,66.28,0.18,85.18,24987.22,25.19,4999.11,17,0.19,0,NONE,425.88,3181.38,0.13,604.46,41.34,0,NORMAL,4654.36,0.0,CRITICAL,NORMAL
2026-09-09 17:28:29,BHARATI,-20.5,14.55,986.35,69.79,207.06,64.92,0.18,85.18,24987.12,24.67,4999.11,21,0.19,0,NONE,425.88,3116.36,0.14,592.11,42.2,0,NORMAL,4559.24,0.0,CRITICAL,NORMAL
2026-09-09 17:28:34,MAITRI,-21.17,14.08,994.45,60.57,207.06,64.43,0.18,85.18,24987.18,24.48,4999.11,18,0.19,0,NONE,425.88,3092.6,0.14,587.59,42.52,0,NORMAL,4524.47,0.0,CRITICAL,NORMAL
2026-09-09 17:28:34,BHARATI,-26.62,11.12,1004.96,50.31,207.06,75.75,0.21,85.18,24987.08,28.78,4999.11,32,0.22,0,NONE,425.88,3635.83,0.12,690.81,36.17,0,NORMAL,5319.22,0.0,CRITICAL,NORMAL
2026-09-09 17:28:39,MAITRI,-20.38,23.67,1001.12,69.54,207.06,62.8,0.17,85.18,24987.15,23.86,4999.1,16,0.18,0,NONE,425.88,3014.19,0.14,572.7,43.63,0,NORMAL,4409.77,0.0,CRITICAL,NORMAL
2026-09-09 17:28:39,BHARATI,-34.4,42.0,989.11,66.75,207.06,84.72,0.24,85.18,24987.03,32.19,4999.1,34,0.25,0,NONE,425.88,4066.69,0.1,772.67,32.34,0,NORMAL,5949.57,0.0,CRITICAL,NORMAL
2026-09-09 17:28:44,MAITRI,-19.85,36.29,1007.72,52.74,207.06,65.45,0.18,85.18,24987.12,24.87,4999.1,24,0.19,0,NONE,425.88,3141.38,0.14,596.86,41.86,0,NORMAL,4595.84,0.0,CRITICAL,NORMAL
2026-09-09 17:28:44,BHARATI,-23.66,20.02,1002.74,76.79,207.06,69.44,0.19,85.18,24987.0,26.39,4999.1,24,0.2,0,NONE,425.88,3333.17,0.13,633.3,39.46,0,NORMAL,4876.42,0.0,CRITICAL,NORMAL
2026-09-09 17:28:49,MAITRI,-19.16,40.86,1005.36,62.68,207.06,67.11,0.19,85.18,24987.08,25.5,4999.1,30,0.2,0,NONE,425.88,3221.5,0.13,612.09,40.82,0,NORMAL,4713.05,0.0,CRITICAL,NORMAL
2026-09-09 17:28:49,BHARATI,-15.84,23.94,999.86,56.35,207.06,65.23,0.18,85.18,24986.96,24.79,4999.1,34,0.19,0,NONE,425.88,3131.13,0.14,594.92,42.0,0,NORMAL,4580.85,0.0,CRITICAL,NORMAL
2026-09-09 17:28:54,MAITRI,-24.12,44.34,1010.23,55.13,207.06,67.92,0.19,85.18,24987.04,25.81,4999.1,19,0.2,0,NONE,425.88,3260.31,0.13,619.46,40.34,0,NORMAL,4769.83,0.0,CRITICAL,NORMAL
2026-09-09 17:28:54,BHARATI,-30.18,24.43,994.31,72.34,207.06,79.89,0.22,85.18,24986.92,30.36,4999.09,33,0.23,0,NONE,425.88,3834.51,0.11,728.56,34.3,0,NORMAL,5609.89,0.0,CRITICAL,NORMAL
2026-09-09 17:28:59,MAITRI,-29.98,31.35,996.65,78.35,207.06,73.68,0.2,85.18,24987.01,28.0,4999.09,18,0.21,0,NONE,425.88,3536.65,0.12,671.96,37.19,0,NORMAL,5174.12,0.0,CRITICAL,NORMAL
2026-09-09 17:28:59,BHARATI,-15.77,35.6,988.42,70.2,207.06,62.76,0.17,85.18,24986.89,23.85,4999.09,28,0.18,0,NONE,425.88,3012.43,0.14,572.36,43.66,0,NORMAL,4407.18,0.0,CRITICAL,NORMAL
2026-09-09 17:29:05,MAITRI,-26.54,41.0,1002.85,52.76,207.06,71.26,0.2,85.18,24986.97,27.08,4999.09,21,0.21,0,NONE,425.88,3420.72,0.12,649.94,38.45,0,NORMAL,5004.51,0.0,CRITICAL,NORMAL
2026-09-09 17:29:05,BHARATI,-29.36,19.62,993.49,67.79,207.06,73.03,0.2,85.18,24986.85,27.75,4999.09,18,0.21,0,NONE,425.88,3505.52,0.12,666.05,37.52,0,NORMAL,5128.57,0.0,CRITICAL,NORMAL
2026-09-09 17:29:10,MAITRI,-31.67,13.25,990.42,73.63,207.06,79.06,0.22,85.18,24986.93,30.04,4999.09,27,0.23,0,NONE,425.88,3794.7,0.11,720.99,34.66,0,NORMAL,5551.65,0.0,CRITICAL,NORMAL
2026-09-09 17:29:10,BHARATI,-34.81,39.55,1008.15,55.12,207.06,77.55,0.22,85.18,24986.81,29.47,4999.08,15,0.23,0,NONE,425.88,3722.52,0.11,707.28,35.33,0,NORMAL,5446.05,0.0,CRITICAL,NORMAL
2026-09-09 17:29:15,MAITRI,-34.01,10.19,1008.74,71.87,207.06,82.31,0.23,85.18,24986.88,31.28,4999.08,29,0.24,0,NONE,425.88,3950.88,0.11,750.67,33.29,0,NORMAL,5780.14,0.0,CRITICAL,NORMAL
2026-09-09 17:29:15,BHARATI,-28.21,31.97,990.64,63.61,207.06,74.22,0.21,85.18,24986.77,28.2,4999.08,24,0.22,0,NONE,425.88,3562.6,0.12,676.89,36.91,0,NORMAL,5212.08,0.0,CRITICAL,NORMAL
2026-09-09 17:29:20,MAITRI,-30.35,21.66,998.92,72.06,207.06,74.87,0.21,85.18,24986.84,28.45,4999.08,20,0.22,0,NONE,425.88,3593.57,0.12,682.78,36.6,0,NORMAL,5257.39,0.0,CRITICAL,NORMAL
2026-09-09 17:29:20,BHARATI,-33.95,43.14,971.55,72.57,207.06,93.07,0.23,85.18,24986.72,35.37,4999.08,31,0.24,0,ANOMALY_GENERATOR_OVERLOAD,425.88,3986.3,0.11,848.77,29.44,55,WARNING,6535.5,0.0,CRITICAL,NORMAL
2026-09-09 17:29:25,MAITRI,-26.38,23.18,998.08,63.62,207.06,71.1,0.2,85.18,24986.81,27.02,4999.08,21,0.21,0,NONE,425.88,3412.64,0.12,648.4,38.54,0,NORMAL,4992.69,0.0,CRITICAL,NORMAL
2026-09-09 17:29:25,BHARATI,-24.18,24.17,995.18,75.73,207.06,70.79,0.2,85.18,24986.68,26.9,4999.08,26,0.21,0,NONE,425.88,3397.88,0.13,645.6,38.7,0,NORMAL,4971.1,0.0,CRITICAL,NORMAL
2026-09-09 17:29:30,MAITRI,-27.85,27.25,993.04,57.1,207.06,72.64,0.2,85.18,24986.77,27.6,4999.08,21,0.21,0,NONE,425.88,3486.67,0.12,662.47,37.72,0,NORMAL,5101.0,0.0,CRITICAL,NORMAL
2026-09-09 17:29:30,BHARATI,-21.97,21.95,993.85,54.92,207.06,64.07,0.18,85.18,24986.65,24.35,4999.07,15,0.19,0,NONE,425.88,3075.25,0.14,584.3,42.76,0,NORMAL,4499.09,0.0,CRITICAL,NORMAL
2026-09-09 17:29:35,MAITRI,-34.06,38.89,1011.79,76.1,207.06,78.36,0.22,85.18,24986.73,29.78,4999.08,19,0.23,0,NONE,425.88,3761.44,0.11,714.67,34.96,0,NORMAL,5502.98,0.0,CRITICAL,NORMAL
2026-09-09 17:29:35,BHARATI,-32.33,29.16,985.82,64.97,207.06,74.95,0.21,85.18,24986.61,28.48,4999.07,15,0.22,0,NONE,425.88,3597.38,0.12,683.5,36.56,0,NORMAL,5262.97,0.0,CRITICAL,NORMAL
2026-09-09 17:29:40,MAITRI,-15.52,33.02,1003.99,68.56,207.06,63.69,0.18,85.18,24986.69,24.2,4999.07,31,0.19,0,NONE,425.88,3057.17,0.14,580.86,43.02,0,NORMAL,4472.65,0.0,CRITICAL,NORMAL
2026-09-09 17:29:40,BHARATI,-29.93,33.1,988.63,55.73,207.06,79.22,0.22,85.18,24986.57,30.11,4999.07,32,0.23,0,NONE,425.88,3802.77,0.11,722.53,34.58,0,NORMAL,5563.46,0.0,CRITICAL,NORMAL
2026-09-09 17:29:45,MAITRI,-28.33,18.29,1012.07,50.4,207.06,73.94,0.21,85.18,24986.65,28.1,4999.07,23,0.22,0,NONE,425.88,3549.25,0.12,674.36,37.05,0,NORMAL,5192.55,0.0,CRITICAL,NORMAL
2026-09-09 17:29:45,BHARATI,-32.22,36.33,1005.6,63.44,207.06,74.83,0.21,85.18,24986.53,28.44,4999.07,15,0.22,0,NONE,425.88,3592.04,0.12,682.49,36.61,0,NORMAL,5255.15,0.0,CRITICAL,NORMAL
2026-09-09 17:29:50,MAITRI,-37.42,35.76,983.42,81.54,207.06,94.81,0.23,85.18,24986.6,36.03,4999.07,19,0.24,0,ANOMALY_GENERATOR_OVERLOAD,425.88,3930.59,0.11,864.67,28.9,65,WARNING,6657.96,0.0,CRITICAL,NORMAL
2026-09-09 17:29:50,BHARATI,-38.83,50.13,975.82,82.27,207.06,95.78,0.24,85.18,24986.48,36.4,4999.06,31,0.26,0,ANOMALY_GENERATOR_OVERLOAD,425.88,4232.08,0.1,873.49,28.61,65,WARNING,6725.89,0.0,CRITICAL,NORMAL
2026-09-09 17:29:55,MAITRI,-25.17,38.74,979.22,81.04,207.06,97.99,0.19,85.18,24986.55,37.24,4999.06,16,0.2,0,ANOMALY_GENERATOR_OVERLOAD,425.88,3255.82,0.13,893.7,27.96,55,WARNING,6881.5,0.0,CRITICAL,NORMAL
2026-09-09 17:29:55,BHARATI,-22.78,31.58,1010.81,57.72,207.06,71.71,0.2,85.18,24986.44,27.25,4999.06,32,0.21,0,NONE,425.88,3442.29,0.12,654.04,38.2,0,NORMAL,5036.07,0.0,CRITICAL,NORMAL
2026-09-09 17:30:00,MAITRI,-19.21,44.74,989.27,77.96,207.06,63.97,0.18,85.18,24986.52,24.31,4999.06,22,0.19,0,NONE,425.88,3070.45,0.14,583.38,42.83,0,NORMAL,4492.06,0.0,CRITICAL,NORMAL
2026-09-09 17:30:00,BHARATI,-28.66,16.07,999.11,79.82,207.06,78.69,0.22,85.18,24986.4,29.9,4999.06,34,0.23,0,NONE,425.88,3777.06,0.11,717.64,34.82,0,NORMAL,5525.84,0.0,CRITICAL,NORMAL
2026-09-09 17:30:05,MAITRI,-28.64,36.15,976.03,73.81,207.06,96.96,0.21,85.18,24986.47,36.85,4999.06,29,0.22,0,ANOMALY_GENERATOR_OVERLOAD,425.88,3680.05,0.12,884.3,28.26,55,WARNING,6809.1,0.0,CRITICAL,NORMAL
2026-09-09 17:30:05,BHARATI,-18.77,14.09,987.93,57.91,207.06,67.11,0.19,85.18,24986.36,25.5,4999.05,31,0.2,0,NONE,425.88,3221.26,0.13,612.04,40.82,0,NORMAL,4712.7,0.0,CRITICAL,NORMAL
2026-09-09 17:30:10,MAITRI,-28.73,20.01,993.05,51.3,207.06,77.17,0.21,85.18,24986.43,29.32,4999.06,30,0.23,0,NONE,425.88,3704.09,0.11,703.78,35.5,0,NORMAL,5419.09,0.0,CRITICAL,NORMAL
2026-09-09 17:30:10,BHARATI,-16.7,29.18,1004.29,67.69,207.06,62.53,0.17,85.18,24986.33,23.76,4999.05,25,0.18,0,NONE,425.88,3001.63,0.14,570.31,43.81,0,NORMAL,4391.38,0.0,CRITICAL,NORMAL
2026-09-09 17:30:15,MAITRI,-30.21,41.42,975.14,79.67,207.06,92.65,0.22,85.18,24986.38,35.21,4999.05,31,0.23,0,ANOMALY_GENERATOR_OVERLOAD,425.88,3797.67,0.11,845.0,29.57,55,WARNING,6506.52,0.0,CRITICAL,NORMAL
2026-09-09 17:30:15,BHARATI,-28.5,44.19,1011.02,76.12,207.06,73.33,0.2,85.18,24986.29,27.86,4999.05,21,0.21,0,NONE,425.88,3519.76,0.12,668.76,37.36,0,NORMAL,5149.42,0.0,CRITICAL,NORMAL
2026-09-09 17:30:20,MAITRI,-21.01,25.55,986.62,65.25,207.06,66.26,0.18,85.18,24986.34,25.18,4999.05,23,0.19,0,NONE,425.88,3180.71,0.13,604.33,41.35,0,NORMAL,4653.37,0.0,CRITICAL,NORMAL
2026-09-09 17:30:20,BHARATI,-35.28,73.06,953.56,90.91,0.0,88.77,0.22,58.37,24986.24,33.73,4999.04,18,0.23,0,NONE,291.85,3803.8,0.08,809.57,30.86,70,CRITICAL,6233.67,0.0,CRITICAL,NORMAL
2026-09-09 17:30:25,MAITRI,-24.68,14.05,987.67,58.34,207.06,71.31,0.2,85.18,24986.3,27.1,4999.05,26,0.21,0,NONE,425.88,3423.03,0.12,650.38,38.42,0,NORMAL,5007.9,0.0,CRITICAL,NORMAL
2026-09-09 17:30:25,BHARATI,-27.39,44.81,1011.55,63.78,207.06,71.76,0.2,85.18,24986.2,27.27,4999.04,20,0.21,0,NONE,425.88,3444.52,0.12,654.46,38.18,0,NORMAL,5039.33,0.0,CRITICAL,NORMAL
2026-09-09 17:30:30,MAITRI,-34.01,17.66,989.07,62.69,207.06,77.91,0.22,85.18,24986.26,29.61,4999.04,18,0.23,0,NONE,425.88,3739.82,0.11,710.57,35.16,0,NORMAL,5471.36,0.0,CRITICAL,NORMAL
2026-09-09 17:30:30,BHARATI,-28.0,10.21,1010.68,74.3,207.06,75.2,0.21,85.18,24986.16,28.58,4999.04,27,0.22,0,NONE,425.88,3609.52,0.12,685.81,36.43,0,NORMAL,5280.73,0.0,CRITICAL,NORMAL
2026-09-09 17:30:35,MAITRI,-35.24,55.45,952.37,95.14,0.0,89.28,0.24,58.22,24986.22,33.93,4999.04,34,0.25,0,NONE,291.08,4109.01,0.07,814.24,30.69,70,CRITICAL,6269.68,0.0,CRITICAL,NORMAL
2026-09-09 17:30:35,BHARATI,-33.75,33.29,1006.37,73.51,207.06,77.24,0.21,85.18,24986.12,29.35,4999.04,17,0.23,0,NONE,425.88,3707.29,0.11,704.38,35.47,0,NORMAL,5423.76,0.0,CRITICAL,NORMAL
2026-09-09 17:30:40,MAITRI,-29.7,31.17,1014.26,53.17,207.06,72.18,0.2,85.18,24986.18,27.43,4999.04,15,0.21,0,NONE,425.88,3464.75,0.12,658.3,37.96,0,NORMAL,5068.92,0.0,CRITICAL,NORMAL
2026-09-09 17:30:40,BHARATI,-24.65,54.77,977.69,77.77,207.06,96.79,0.19,85.18,24986.07,36.78,4999.04,18,0.2,0,ANOMALY_GENERATOR_OVERLOAD,425.88,3267.94,0.13,882.75,28.3,55,WARNING,6797.19,0.0,CRITICAL,NORMAL
2026-09-09 17:30:45,MAITRI,-39.47,66.33,957.01,93.47,0.0,97.92,0.23,55.62,24986.13,37.21,4999.04,18,0.24,0,ANOMALY_GENERATOR_OVERLOAD,278.12,4014.84,0.07,893.05,27.98,90,CRITICAL,6876.49,0.0,CRITICAL,NORMAL
2026-09-09 17:30:45,BHARATI,-29.81,15.31,992.37,62.83,207.06,78.7,0.22,85.18,24986.03,29.91,4999.03,31,0.23,0,NONE,425.88,3777.53,0.11,717.73,34.81,0,NORMAL,5526.53,0.0,CRITICAL,NORMAL
2026-09-09 17:30:50,MAITRI,-34.43,22.73,1006.04,71.33,207.06,77.55,0.22,85.18,24986.09,29.47,4999.03,16,0.23,0,NONE,425.88,3722.53,0.11,707.28,35.33,0,NORMAL,5446.06,0.0,CRITICAL,NORMAL
2026-09-09 17:30:50,BHARATI,-24.9,17.2,1006.64,50.25,207.06,67.15,0.19,85.18,24986.0,25.52,4999.03,15,0.2,0,NONE,425.88,3223.1,0.13,612.39,40.8,0,NORMAL,4715.4,0.0,CRITICAL,NORMAL
2026-09-09 17:30:55,MAITRI,-19.29,21.96,993.27,55.83,207.06,64.06,0.18,85.18,24986.05,24.34,4999.03,22,0.19,0,NONE,425.88,3074.78,0.14,584.21,42.77,0,NORMAL,4498.41,0.0,CRITICAL,NORMAL
2026-09-09 17:30:55,BHARATI,-31.41,20.85,996.44,52.97,207.06,74.78,0.21,85.18,24985.96,28.42,4999.03,17,0.22,0,NONE,425.88,3589.5,0.12,682.0,36.64,0,NORMAL,5251.43,0.0,CRITICAL,NORMAL
2026-09-09 17:31:00,MAITRI,-17.4,30.34,1007.7,78.8,207.06,64.47,0.18,85.18,24986.02,24.5,4999.03,28,0.19,0,NONE,425.88,3094.37,0.14,587.93,42.5,0,NORMAL,4527.07,0.0,CRITICAL,NORMAL
2026-09-09 17:31:00,BHARATI,-29.02,27.11,1008.72,51.24,207.06,73.87,0.21,85.18,24985.92,28.07,4999.03,21,0.22,0,NONE,425.88,3545.7,0.12,673.68,37.09,0,NORMAL,5187.35,0.0,CRITICAL,NORMAL
2026-09-09 17:31:05,MAITRI,-32.33,12.43,1002.21,60.39,207.06,81.75,0.23,85.18,24985.97,31.06,4999.03,32,0.24,0,NONE,425.88,3923.88,0.11,745.54,33.51,0,NORMAL,5740.63,0.0,CRITICAL,NORMAL
2026-09-09 17:31:05,BHARATI,-17.27,17.7,996.89,56.31,207.06,59.13,0.16,85.18,24985.89,22.47,4999.02,15,0.17,0,NONE,425.88,2838.2,0.15,539.26,46.33,0,NORMAL,4152.28,0.0,CRITICAL,NORMAL
2026-09-09 17:31:10,MAITRI,-40.91,55.67,968.16,87.78,0.0,86.93,0.25,58.92,24985.93,33.03,4999.02,30,0.26,0,NONE,294.6,4317.64,0.07,792.81,31.52,70,CRITICAL,6104.64,0.0,CRITICAL,NORMAL
2026-09-09 17:31:10,BHARATI,-31.96,15.73,1008.63,79.94,207.06,81.76,0.23,85.18,24985.84,31.07,4999.02,33,0.24,0,NONE,425.88,3924.59,0.11,745.67,33.51,0,NORMAL,5741.67,0.0,CRITICAL,NORMAL
2026-09-09 17:31:15,MAITRI,-23.01,31.75,1013.77,53.79,207.06,65.56,0.18,85.18,24985.89,24.91,4999.02,16,0.19,0,NONE,425.88,3146.94,0.14,597.92,41.79,0,NORMAL,4603.98,0.0,CRITICAL,NORMAL
2026-09-09 17:31:15,BHARATI,-18.42,25.42,1004.31,56.18,207.06,60.74,0.17,85.18,24985.81,23.08,4999.02,16,0.18,0,NONE,425.88,2915.47,0.15,553.94,45.11,0,NORMAL,4265.33,0.0,CRITICAL,NORMAL
2026-09-09 17:31:20,MAITRI,-23.72,44.36,996.41,76.66,207.06,70.31,0.2,85.18,24985.86,26.72,4999.02,26,0.21,0,NONE,425.88,3374.68,0.13,641.19,38.97,0,NORMAL,4937.15,0.0,CRITICAL,NORMAL
2026-09-09 17:31:20,BHARATI,-30.8,12.99,987.3,55.3,207.06,74.94,0.21,85.18,24985.77,28.48,4999.02,19,0.22,0,NONE,425.88,3597.09,0.12,683.45,36.56,0,NORMAL,5262.54,0.0,CRITICAL,NORMAL
2026-09-09 17:31:25,MAITRI,-27.92,13.46,999.11,75.62,207.06,75.91,0.21,85.18,24985.82,28.85,4999.01,29,0.22,0,NONE,425.88,3643.9,0.12,692.34,36.09,0,NORMAL,5331.03,0.0,CRITICAL,NORMAL
2026-09-09 17:31:25,BHARATI,-29.99,36.08,1010.31,61.89,207.06,74.89,0.21,85.18,24985.73,28.46,4999.01,21,0.22,0,NONE,425.88,3594.77,0.12,683.01,36.58,0,NORMAL,5259.15,0.0,CRITICAL,NORMAL
2026-09-09 17:31:30,MAITRI,-17.47,19.59,998.7,67.07,207.06,66.54,0.18,85.18,24985.78,25.29,4999.01,33,0.19,0,NONE,425.88,3193.98,0.13,606.86,41.17,0,NORMAL,4672.79,0.0,CRITICAL,NORMAL
2026-09-09 17:31:30,BHARATI,-38.51,56.04,980.11,77.18,207.06,96.44,0.24,85.18,24985.68,36.65,4999.01,27,0.25,0,ANOMALY_GENERATOR_OVERLOAD,425.88,4139.51,0.1,879.57,28.41,65,WARNING,6772.69,0.0,CRITICAL,NORMAL
2026-09-09 17:31:35,MAITRI,-32.2,32.49,996.74,75.76,207.06,74.81,0.21,85.18,24985.74,28.43,4999.01,15,0.22,0,NONE,425.88,3590.68,0.12,682.23,36.62,0,NORMAL,5253.16,0.0,CRITICAL,NORMAL
2026-09-09 17:31:35,BHARATI,-25.94,44.75,991.63,65.23,207.06,72.63,0.2,85.18,24985.64,27.6,4999.01,26,0.21,0,NONE,425.88,3486.34,0.12,662.41,37.72,0,NORMAL,5100.52,0.0,CRITICAL,NORMAL
2026-09-09 17:31:40,MAITRI,-17.96,30.03,1013.01,66.98,207.06,65.45,0.18,85.18,24985.71,24.87,4999.0,29,0.19,0,NONE,425.88,3141.79,0.14,596.94,41.86,0,NORMAL,4596.44,0.0,CRITICAL,NORMAL
2026-09-09 17:31:40,BHARATI,-20.14,31.45,995.56,57.38,207.06,66.15,0.18,85.18,24985.61,25.14,4999.0,25,0.19,0,NONE,425.88,3175.21,0.13,603.29,41.42,0,NORMAL,4645.33,0.0,CRITICAL,NORMAL
2026-09-09 17:31:45,MAITRI,-21.59,40.18,1003.22,58.63,207.06,65.27,0.18,85.18,24985.67,24.8,4999.0,19,0.19,0,NONE,425.88,3133.12,0.14,595.29,41.97,0,NORMAL,4583.76,0.0,CRITICAL,NORMAL
2026-09-09 17:31:45,BHARATI,-15.76,28.89,1013.91,53.51,207.06,60.35,0.17,85.18,24985.58,22.93,4999.0,22,0.18,0,NONE,425.88,2896.88,0.15,550.41,45.39,0,NORMAL,4238.14,0.0,CRITICAL,NORMAL
2026-09-09 17:31:50,MAITRI,-18.09,34.67,985.5,77.95,207.06,63.19,0.18,85.18,24985.64,24.01,4999.0,23,0.18,0,NONE,425.88,3033.15,0.14,576.3,43.36,0,NORMAL,4437.5,0.0,CRITICAL,NORMAL
2026-09-09 17:31:50,BHARATI,-28.08,18.89,985.27,61.53,207.06,73.69,0.2,85.18,24985.54,28.0,4999.0,23,0.21,0,NONE,425.88,3536.98,0.12,672.03,37.18,0,NORMAL,5174.61,0.0,CRITICAL,NORMAL
2026-09-09 17:31:55,MAITRI,-24.06,35.89,1013.77,67.65,207.06,73.47,0.2,85.18,24985.6,27.92,4999.0,33,0.21,0,NONE,425.88,3526.36,0.12,670.01,37.29,0,NORMAL,5159.07,0.0,CRITICAL,NORMAL
2026-09-09 17:31:55,BHARATI,-19.16,32.89,999.87,56.45,207.06,68.71,0.19,85.18,24985.5,26.11,4999.0,34,0.2,0,NONE,425.88,3298.27,0.13,626.67,39.87,0,NORMAL,4825.37,0.0,CRITICAL,NORMAL
2026-09-09 17:32:00,MAITRI,-17.59,12.37,1013.34,69.06,207.06,64.27,0.18,85.18,24985.57,24.42,4998.99,27,0.19,0,NONE,425.88,3085.18,0.14,586.18,42.62,0,NORMAL,4513.61,0.0,CRITICAL,NORMAL
2026-09-09 17:32:00,BHARATI,-22.27,20.19,999.6,66.35,207.06,69.19,0.19,85.18,24985.46,26.29,4998.99,27,0.2,0,NONE,425.88,3320.93,0.13,630.98,39.6,0,NORMAL,4858.52,0.0,CRITICAL,NORMAL
2026-09-09 17:32:05,MAITRI,-34.07,14.87,1003.73,53.29,207.06,83.57,0.23,85.18,24985.52,31.76,4998.99,32,0.24,0,NONE,425.88,4011.51,0.11,762.19,32.78,0,NORMAL,5868.83,0.0,CRITICAL,NORMAL
2026-09-09 17:32:05,BHARATI,-18.07,31.25,1004.82,56.49,207.06,61.98,0.17,85.18,24985.43,23.55,4998.99,20,0.18,0,NONE,425.88,2974.94,0.14,565.24,44.2,0,NORMAL,4352.34,0.0,CRITICAL,NORMAL
2026-09-09 17:32:10,MAITRI,-24.15,30.44,993.71,71.56,207.06,66.36,0.18,85.18,24985.49,25.22,4998.99,15,0.19,0,NONE,425.88,3185.06,0.13,605.16,41.29,0,NORMAL,4659.74,0.0,CRITICAL,NORMAL
2026-09-09 17:32:10,BHARATI,-26.49,29.95,986.58,69.79,207.06,71.62,0.2,85.18,24985.39,27.22,4998.99,22,0.21,0,NONE,425.88,3437.71,0.12,653.17,38.25,0,NORMAL,5029.38,0.0,CRITICAL,NORMAL
2026-09-09 17:32:15,MAITRI,-28.71,31.87,997.21,67.5,207.06,73.54,0.2,85.18,24985.45,27.95,4998.98,21,0.21,0,NONE,425.88,3529.98,0.12,670.7,37.25,0,NORMAL,5164.36,0.0,CRITICAL,NORMAL
2026-09-09 17:32:15,BHARATI,-31.07,30.1,1007.0,53.92,207.06,78.43,0.22,85.18,24985.35,29.8,4998.98,27,0.23,0,NONE,425.88,3764.4,0.11,715.24,34.93,0,NORMAL,5507.32,0.0,CRITICAL,NORMAL
2026-09-09 17:32:20,MAITRI,-16.96,15.01,1000.34,74.09,207.06,59.21,0.16,85.18,24985.42,22.5,4998.98,16,0.17,0,NONE,425.88,2842.22,0.15,540.02,46.27,0,NORMAL,4158.17,0.0,CRITICAL,NORMAL
2026-09-09 17:32:20,BHARATI,-24.42,58.25,988.19,81.87,207.06,98.9,0.2,85.18,24985.3,37.58,4998.98,26,0.21,0,ANOMALY_GENERATOR_OVERLOAD,425.88,3409.84,0.12,901.95,27.7,55,WARNING,6945.03,0.0,CRITICAL,NORMAL
2026-09-09 17:32:25,MAITRI,-27.26,31.58,996.88,52.42,207.06,70.42,0.2,85.18,24985.38,26.76,4998.98,17,0.21,0,NONE,425.88,3380.19,0.13,642.24,38.9,0,NORMAL,4945.21,0.0,CRITICAL,NORMAL
2026-09-09 17:32:25,BHARATI,-28.86,20.93,1002.89,68.11,207.06,75.71,0.21,85.18,24985.26,28.77,4998.98,26,0.22,0,NONE,425.88,3633.96,0.12,690.45,36.19,0,NORMAL,5316.49,0.0,CRITICAL,NORMAL
2026-09-09 17:32:30,MAITRI,-17.67,38.13,1013.36,68.12,207.06,59.55,0.17,85.18,24985.35,22.63,4998.98,15,0.17,0,NONE,425.88,2858.47,0.15,543.11,46.0,0,NORMAL,4181.95,0.0,CRITICAL,NORMAL
2026-09-09 17:32:31,BHARATI,-19.87,11.92,986.49,51.4,207.06,64.26,0.18,85.18,24985.23,24.42,4998.98,21,0.19,0,NONE,425.88,3084.71,0.14,586.1,42.63,0,NORMAL,4512.93,0.0,CRITICAL,NORMAL
2026-09-09 17:32:36,MAITRI,-32.25,15.27,989.85,77.7,207.06,77.66,0.22,85.18,24985.31,29.51,4998.98,22,0.23,0,NONE,425.88,3727.67,0.11,708.26,35.28,0,NORMAL,5453.58,0.0,CRITICAL,NORMAL
2026-09-09 17:32:36,BHARATI,-28.7,12.0,987.97,74.9,207.06,72.34,0.2,85.18,24985.19,27.49,4998.97,18,0.21,0,NONE,425.88,3472.24,0.12,659.73,37.87,0,NORMAL,5079.89,0.0,CRITICAL,NORMAL
2026-09-09 17:32:41,MAITRI,-24.18,12.35,987.53,57.55,207.06,69.99,0.19,85.18,24985.27,26.6,4998.97,24,0.2,0,NONE,425.88,3359.72,0.13,638.35,39.14,0,NORMAL,4915.27,0.0,CRITICAL,NORMAL
2026-09-09 17:32:41,BHARATI,-18.4,35.95,999.52,73.03,207.06,62.72,0.17,85.18,24985.16,23.83,4998.97,21,0.18,0,NONE,425.88,3010.47,0.14,571.99,43.68,0,NORMAL,4404.32,0.0,CRITICAL,NORMAL
2026-09-09 17:32:46,MAITRI,-29.5,11.59,1007.15,76.02,207.06,77.57,0.22,85.18,24985.23,29.48,4998.97,29,0.23,0,NONE,425.88,3723.39,0.11,707.44,35.32,0,NORMAL,5447.32,0.0,CRITICAL,NORMAL
2026-09-09 17:32:46,BHARATI,-22.58,29.0,998.95,57.44,207.06,68.71,0.19,85.18,24985.12,26.11,4998.97,25,0.2,0,NONE,425.88,3297.9,0.13,626.6,39.87,0,NORMAL,4824.83,0.0,CRITICAL,NORMAL
2026-09-09 17:32:51,MAITRI,-20.38,40.3,999.48,70.89,207.06,62.4,0.17,85.18,24985.2,23.71,4998.97,15,0.18,0,NONE,425.88,2995.26,0.14,569.1,43.9,0,NORMAL,4382.06,0.0,CRITICAL,NORMAL
2026-09-09 17:32:51,BHARATI,-30.62,29.67,989.7,64.03,207.06,77.95,0.22,85.18,24985.08,29.62,4998.97,27,0.23,0,NONE,425.88,3741.5,0.11,710.89,35.15,0,NORMAL,5473.81,0.0,CRITICAL,NORMAL
2026-09-09 17:32:56,MAITRI,-35.23,52.3,982.44,84.88,207.06,93.05,0.23,85.18,24985.15,35.36,4998.97,30,0.24,0,ANOMALY_GENERATOR_OVERLOAD,425.88,4031.68,0.11,848.6,29.44,65,WARNING,6534.22,0.0,CRITICAL,NORMAL
2026-09-09 17:32:56,BHARATI,-27.48,16.82,989.56,79.7,207.06,77.06,0.21,85.18,24985.04,29.28,4998.96,33,0.22,0,NONE,425.88,3698.73,0.12,702.76,35.55,0,NORMAL,5411.24,0.0,CRITICAL,NORMAL
2026-09-09 17:33:01,MAITRI,-29.14,26.75,1007.56,72.36,207.06,75.2,0.21,85.18,24985.11,28.57,4998.96,24,0.22,0,NONE,425.88,3609.42,0.12,685.79,36.43,0,NORMAL,5280.58,0.0,CRITICAL,NORMAL
2026-09-09 17:33:01,BHARATI,-21.32,24.49,996.51,68.93,207.06,66.99,0.19,85.18,24985.0,25.46,4998.96,24,0.2,0,NONE,425.88,3215.4,0.13,610.93,40.9,0,NORMAL,4704.13,0.0,CRITICAL,NORMAL
2026-09-09 17:33:06,MAITRI,-42.19,60.46,956.99,97.16,0.0,92.33,0.25,57.3,24985.06,35.09,4998.96,28,0.26,0,ANOMALY_GENERATOR_OVERLOAD,286.5,4343.97,0.07,842.06,29.67,90,CRITICAL,6483.87,0.0,CRITICAL,NORMAL
2026-09-09 17:33:06,BHARATI,-30.59,48.86,975.94,86.8,207.06,92.89,0.22,85.18,24984.95,35.3,4998.96,29,0.23,0,ANOMALY_GENERATOR_OVERLOAD,425.88,3778.63,0.11,847.18,29.49,55,WARNING,6523.31,0.0,CRITICAL,NORMAL
2026-09-09 17:33:11,MAITRI,-16.36,33.61,1011.81,64.03,207.06,65.38,0.18,85.18,24985.03,24.84,4998.96,33,0.19,0,NONE,425.88,3138.21,0.14,596.26,41.9,0,NORMAL,4591.2,0.0,CRITICAL,NORMAL
2026-09-09 17:33:11,BHARATI,-23.74,21.97,987.73,75.34,207.06,69.53,0.19,85.18,24984.92,26.42,4998.95,24,0.2,0,NONE,425.88,3337.25,0.13,634.08,39.4,0,NORMAL,4882.4,0.0,CRITICAL,NORMAL
2026-09-09 17:33:16,MAITRI,-18.77,35.27,1005.79,63.19,207.06,62.71,0.17,85.18,24984.99,23.83,4998.95,20,0.18,0,NONE,425.88,3010.22,0.14,571.94,43.68,0,NORMAL,4403.95,0.0,CRITICAL,NORMAL
2026-09-09 17:33:16,BHARATI,-21.04,34.77,993.38,71.33,207.06,63.5,0.18,85.18,24984.88,24.13,4998.95,16,0.19,0,NONE,425.88,3047.81,0.14,579.08,43.15,0,NORMAL,4458.94,0.0,CRITICAL,NORMAL
2026-09-09 17:33:21,MAITRI,-17.75,31.84,997.16,54.68,207.06,64.83,0.18,85.18,24984.96,24.64,4998.95,28,0.19,0,NONE,425.88,3111.98,0.14,591.28,42.26,0,NORMAL,4552.83,0.0,CRITICAL,NORMAL
2026-09-09 17:33:21,BHARATI,-17.37,17.92,999.62,69.81,207.06,65.64,0.18,85.18,24984.85,24.94,4998.95,31,0.19,0,NONE,425.88,3150.65,0.14,598.62,41.74,0,NORMAL,4609.4,0.0,CRITICAL,NORMAL
2026-09-09 17:33:26,MAITRI,-22.43,10.95,1012.3,69.72,207.06,70.15,0.19,85.18,24984.92,26.66,4998.95,29,0.2,0,NONE,425.88,3367.2,0.13,639.77,39.05,0,NORMAL,4926.22,0.0,CRITICAL,NORMAL
2026-09-09 17:33:26,BHARATI,-33.99,26.95,1004.49,54.89,207.06,81.09,0.23,85.18,24984.81,30.82,4998.94,26,0.24,0,NONE,425.88,3892.49,0.11,739.57,33.78,0,NORMAL,5694.71,0.0,CRITICAL,NORMAL
2026-09-09 17:33:31,MAITRI,-29.05,26.09,995.82,78.37,207.06,75.51,0.21,85.18,24984.88,28.69,4998.94,25,0.22,0,NONE,425.88,3624.24,0.12,688.61,36.28,0,NORMAL,5302.27,0.0,CRITICAL,NORMAL
2026-09-09 17:33:31,BHARATI,-25.56,52.51,983.54,78.98,207.06,92.7,0.21,85.18,24984.76,35.23,4998.94,34,0.22,0,ANOMALY_GENERATOR_OVERLOAD,425.88,3620.87,0.12,845.42,29.55,55,WARNING,6509.76,0.0,CRITICAL,NORMAL
2026-09-09 17:33:36,MAITRI,-15.55,27.67,999.65,59.83,207.06,58.53,0.16,85.18,24984.85,22.24,4998.94,18,0.17,0,NONE,425.88,2809.51,0.15,533.81,46.8,0,NORMAL,4110.32,0.0,CRITICAL,NORMAL
2026-09-09 17:33:36,BHARATI,-25.33,40.59,1007.72,79.39,207.06,72.0,0.2,85.18,24984.72,27.36,4998.94,26,0.21,0,NONE,425.88,3455.95,0.12,656.63,38.05,0,NORMAL,5056.06,0.0,CRITICAL,NORMAL
2026-09-09 17:33:41,MAITRI,-23.98,22.91,1010.2,71.02,207.06,71.78,0.2,85.18,24984.81,27.28,4998.94,29,0.21,0,NONE,425.88,3445.35,0.12,654.62,38.17,0,NORMAL,5040.55,0.0,CRITICAL,NORMAL
2026-09-09 17:33:41,BHARATI,-26.83,28.01,993.0,60.82,207.06,75.97,0.21,85.18,24984.68,28.87,4998.93,32,0.22,0,NONE,425.88,3646.64,0.12,692.86,36.06,0,NORMAL,5335.03,0.0,CRITICAL,NORMAL
2026-09-09 17:33:46,MAITRI,-33.2,37.14,1003.18,78.92,207.06,76.26,0.21,85.18,24984.77,28.98,4998.94,16,0.22,0,NONE,425.88,3660.5,0.12,695.49,35.92,0,NORMAL,5355.31,0.0,CRITICAL,NORMAL
2026-09-09 17:33:46,BHARATI,-28.39,40.34,1009.8,61.92,207.06,77.21,0.21,85.18,24984.64,29.34,4998.93,31,0.23,0,NONE,425.88,3706.11,0.11,704.16,35.48,0,NORMAL,5422.03,0.0,CRITICAL,NORMAL
2026-09-09 17:33:51,MAITRI,-29.01,12.56,995.6,79.48,207.06,74.27,0.21,85.18,24984.73,28.22,4998.93,22,0.22,0,NONE,425.88,3564.73,0.12,677.3,36.89,0,NORMAL,5215.2,0.0,CRITICAL,NORMAL
2026-09-09 17:33:51,BHARATI,-27.9,37.71,991.9,79.07,207.06,76.7,0.21,85.18,24984.6,29.15,4998.93,31,0.22,0,NONE,425.88,3681.49,0.12,699.48,35.72,0,NORMAL,5386.02,0.0,CRITICAL,NORMAL
2026-09-09 17:33:56,MAITRI,-34.93,32.52,1003.55,79.04,207.06,79.28,0.22,85.18,24984.69,30.13,4998.93,19,0.23,0,NONE,425.88,3805.5,0.11,723.05,34.55,0,NORMAL,5567.45,0.0,CRITICAL,NORMAL
2026-09-09 17:33:56,BHARATI,-28.95,24.83,1014.59,77.66,207.06,73.8,0.2,85.18,24984.56,28.04,4998.92,21,0.22,0,NONE,425.88,3542.21,0.12,673.02,37.12,0,NORMAL,5182.26,0.0,CRITICAL,NORMAL
2026-09-09 17:34:01,MAITRI,-15.96,20.83,1012.25,50.79,207.06,64.16,0.18,85.18,24984.66,24.38,4998.93,31,0.19,0,NONE,425.88,3079.67,0.14,585.14,42.7,0,NORMAL,4505.55,0.0,CRITICAL,NORMAL
2026-09-09 17:34:01,BHARATI,-16.94,14.04,999.46,78.25,207.06,59.58,0.17,85.18,24984.53,22.64,4998.92,17,0.17,0,NONE,425.88,2859.97,0.15,543.4,45.98,0,NORMAL,4184.14,0.0,CRITICAL,NORMAL
2026-09-09 17:34:06,MAITRI,-25.07,18.97,985.08,61.98,207.06,70.93,0.2,85.18,24984.62,26.95,4998.93,24,0.21,0,NONE,425.88,3404.51,0.13,646.86,38.62,0,NORMAL,4980.8,0.0,CRITICAL,NORMAL
2026-09-09 17:34:06,BHARATI,-31.42,23.56,1002.24,75.01,207.06,78.39,0.22,85.18,24984.49,29.79,4998.92,26,0.23,0,NONE,425.88,3762.88,0.11,714.95,34.95,0,NORMAL,5505.09,0.0,CRITICAL,NORMAL
2026-09-09 17:34:11,MAITRI,-23.58,40.22,1003.01,76.13,207.06,69.76,0.19,85.18,24984.58,26.51,4998.92,25,0.2,0,NONE,425.88,3348.42,0.13,636.2,39.27,0,NORMAL,4898.74,0.0,CRITICAL,NORMAL
2026-09-09 17:34:11,BHARATI,-25.87,41.16,991.32,85.36,207.06,98.09,0.21,85.18,24984.43,37.27,4998.92,32,0.22,0,ANOMALY_GENERATOR_OVERLOAD,425.88,3598.0,0.12,894.56,27.93,55,WARNING,6888.13,0.0,CRITICAL,NORMAL
2026-09-09 17:34:16,MAITRI,-22.76,21.31,1009.36,61.14,207.06,72.5,0.2,85.18,24984.54,27.55,4998.92,34,0.21,0,NONE,425.88,3480.13,0.12,661.22,37.79,0,NORMAL,5091.43,0.0,CRITICAL,NORMAL
2026-09-09 17:34:16,BHARATI,-28.7,22.47,992.18,69.14,207.06,75.14,0.21,85.18,24984.39,28.55,4998.91,25,0.22,0,NONE,425.88,3606.72,0.12,685.28,36.46,0,NORMAL,5276.63,0.0,CRITICAL,NORMAL
2026-09-09 17:34:21,MAITRI,-17.97,19.97,997.61,74.14,207.06,63.87,0.18,85.18,24984.51,24.27,4998.92,25,0.19,0,NONE,425.88,3065.6,0.14,582.46,42.89,0,NORMAL,4484.97,0.0,CRITICAL,NORMAL
2026-09-09 17:34:21,BHARATI,-32.75,44.8,1013.32,68.69,207.06,81.38,0.23,85.18,24984.35,30.93,4998.91,30,0.24,0,NONE,425.88,3906.35,0.11,742.21,33.66,0,NORMAL,5715.0,0.0,CRITICAL,NORMAL
2026-09-09 17:34:26,MAITRI,-34.86,33.69,995.58,78.22,207.06,84.8,0.24,85.18,24984.47,32.22,4998.91,33,0.25,0,NONE,425.88,4070.4,0.1,773.38,32.31,0,NORMAL,5954.99,0.0,CRITICAL,NORMAL
2026-09-09 17:34:26,BHARATI,-15.01,14.49,1010.7,76.14,207.06,59.56,0.17,85.18,24984.32,22.63,4998.91,22,0.17,0,NONE,425.88,2858.9,0.15,543.19,46.0,0,NORMAL,4182.57,0.0,CRITICAL,NORMAL
2026-09-09 17:34:31,MAITRI,-29.09,18.79,998.23,64.83,207.06,75.14,0.21,85.18,24984.43,28.55,4998.91,24,0.22,0,NONE,425.88,3606.75,0.12,685.28,36.46,0,NORMAL,5276.67,0.0,CRITICAL,NORMAL
2026-09-09 17:34:31,BHARATI,-18.63,15.49,999.07,51.44,207.06,61.76,0.17,85.18,24984.29,23.47,4998.9,18,0.18,0,NONE,425.88,2964.63,0.14,563.28,44.36,0,NORMAL,4337.26,0.0,CRITICAL,NORMAL
2026-09-09 17:34:36,MAITRI,-26.62,42.88,1002.59,50.56,207.06,68.95,0.19,85.18,24984.39,26.2,4998.91,15,0.2,0,NONE,425.88,3309.67,0.13,628.84,39.73,0,NORMAL,4842.05,0.0,CRITICAL,NORMAL
2026-09-09 17:34:36,BHARATI,-30.42,10.66,1009.11,56.11,207.06,72.94,0.2,85.18,24984.25,27.72,4998.9,15,0.21,0,NONE,425.88,3501.25,0.12,665.24,37.56,0,NORMAL,5122.33,0.0,CRITICAL,NORMAL
2026-09-09 17:34:41,MAITRI,-36.33,79.43,958.04,97.74,0.0,98.36,0.23,55.49,24984.34,37.38,4998.9,24,0.24,0,ANOMALY_GENERATOR_OVERLOAD,277.46,3972.06,0.07,897.05,27.85,90,CRITICAL,6907.28,0.0,CRITICAL,NORMAL
2026-09-09 17:34:41,BHARATI,-29.86,43.43,993.85,79.01,207.06,75.95,0.21,85.18,24984.21,28.86,4998.9,24,0.22,0,NONE,425.88,3645.62,0.12,692.67,36.07,0,NORMAL,5333.55,0.0,CRITICAL,NORMAL
2026-09-09 17:34:46,MAITRI,-20.59,31.94,995.25,67.37,207.06,68.22,0.19,85.18,24984.3,25.92,4998.9,29,0.2,0,NONE,425.88,3274.53,0.13,622.16,40.16,0,NORMAL,4790.64,0.0,CRITICAL,NORMAL
2026-09-09 17:34:46,BHARATI,-19.48,17.25,995.21,51.44,207.06,64.65,0.18,85.18,24984.17,24.57,4998.9,23,0.19,0,NONE,425.88,3103.33,0.14,589.63,42.37,0,NORMAL,4540.17,0.0,CRITICAL,NORMAL
2026-09-09 17:34:51,MAITRI,-33.32,40.77,973.92,74.32,207.06,95.98,0.23,85.18,24984.25,36.47,4998.9,29,0.24,0,ANOMALY_GENERATOR_OVERLOAD,425.88,3916.31,0.11,875.36,28.54,55,WARNING,6740.3,0.0,CRITICAL,NORMAL
2026-09-09 17:34:51,BHARATI,-15.31,24.77,1011.11,59.46,207.06,63.07,0.18,85.18,24984.14,23.97,4998.89,30,0.18,0,NONE,425.88,3027.54,0.14,575.23,43.43,0,NORMAL,4429.29,0.0,CRITICAL,NORMAL
2026-09-09 17:34:56,MAITRI,-29.06,43.61,975.83,72.47,207.06,97.28,0.2,85.18,24984.2,36.97,4998.9,20,0.21,0,ANOMALY_GENERATOR_OVERLOAD,425.88,3528.75,0.12,887.22,28.16,55,WARNING,6831.57,0.0,CRITICAL,NORMAL
2026-09-09 17:34:56,BHARATI,-27.27,41.23,1013.35,68.6,207.06,70.43,0.2,85.18,24984.1,26.76,4998.89,17,0.21,0,NONE,425.88,3380.56,0.13,642.31,38.9,0,NORMAL,4945.76,0.0,CRITICAL,NORMAL
2026-09-09 17:35:01,MAITRI,-44.38,58.95,971.04,92.8,0.0,91.83,0.26,57.45,24984.15,34.9,4998.89,29,0.27,0,ANOMALY_GENERATOR_OVERLOAD,287.25,4473.36,0.06,837.53,29.83,90,CRITICAL,6448.97,0.0,CRITICAL,NORMAL
2026-09-09 17:35:01,BHARATI,-18.81,17.62,993.6,74.92,207.06,67.55,0.19,85.18,24984.07,25.67,4998.89,32,0.2,0,NONE,425.88,3242.64,0.13,616.1,40.55,0,NORMAL,4743.98,0.0,CRITICAL,NORMAL
2026-09-09 17:35:06,MAITRI,-29.23,50.84,986.53,82.59,207.06,93.06,0.22,85.18,24984.1,35.36,4998.89,31,0.23,0,ANOMALY_GENERATOR_OVERLOAD,425.88,3748.54,0.11,848.72,29.44,55,WARNING,6535.16,0.0,CRITICAL,NORMAL
2026-09-09 17:35:06,BHARATI,-29.35,28.4,988.52,59.53,207.06,72.61,0.2,85.18,24984.03,27.59,4998.89,17,0.21,0,NONE,425.88,3485.5,0.12,662.24,37.73,0,NORMAL,5099.29,0.0,CRITICAL,NORMAL
2026-09-09 17:35:11,MAITRI,-24.19,15.77,999.69,60.97,207.06,69.2,0.19,85.18,24984.07,26.3,4998.89,22,0.2,0,NONE,425.88,3321.73,0.13,631.13,39.59,0,NORMAL,4859.7,0.0,CRITICAL,NORMAL
2026-09-09 17:35:11,BHARATI,-30.6,26.88,995.73,69.01,207.06,77.93,0.22,85.18,24983.99,29.61,4998.88,27,0.23,0,NONE,425.88,3740.54,0.11,710.7,35.15,0,NORMAL,5472.41,0.0,CRITICAL,NORMAL
2026-09-09 17:35:16,MAITRI,-22.98,21.65,987.36,62.23,207.06,68.33,0.19,85.18,24984.03,25.97,4998.88,23,0.2,0,NONE,425.88,3279.97,0.13,623.19,40.09,0,NORMAL,4798.6,0.0,CRITICAL,NORMAL
2026-09-09 17:35:16,BHARATI,-21.02,21.93,996.15,61.89,207.06,63.07,0.18,85.18,24983.96,23.97,4998.88,15,0.18,0,NONE,425.88,3027.28,0.14,575.18,43.44,0,NORMAL,4428.91,0.0,CRITICAL,NORMAL
2026-09-09 17:35:21,MAITRI,-15.25,22.71,1013.55,74.78,207.06,60.61,0.17,85.18,24984.0,23.03,4998.88,24,0.18,0,NONE,425.88,2909.38,0.15,552.78,45.2,0,NORMAL,4256.42,0.0,CRITICAL,NORMAL
2026-09-09 17:35:21,BHARATI,-28.92,20.99,996.01,57.89,207.06,76.96,0.21,85.18,24983.91,29.25,4998.88,29,0.22,0,NONE,425.88,3694.21,0.12,701.9,35.59,0,NORMAL,5404.63,0.0,CRITICAL,NORMAL
2026-09-09 17:35:26,MAITRI,-19.72,44.89,1000.66,71.0,207.06,63.71,0.18,85.18,24983.96,24.21,4998.88,20,0.19,0,NONE,425.88,3058.11,0.14,581.04,43.0,0,NORMAL,4474.01,0.0,CRITICAL,NORMAL
2026-09-09 17:35:26,BHARATI,-28.66,21.26,1013.86,75.87,207.06,77.09,0.21,85.18,24983.87,29.3,4998.87,30,0.22,0,NONE,425.88,3700.54,0.12,703.1,35.53,0,NORMAL,5413.89,0.0,CRITICAL,NORMAL
2026-09-09 17:35:31,MAITRI,-21.01,12.75,1011.45,64.72,207.06,64.66,0.18,85.18,24983.93,24.57,4998.88,19,0.19,0,NONE,425.88,3103.55,0.14,589.68,42.37,0,NORMAL,4540.5,0.0,CRITICAL,NORMAL
2026-09-09 17:35:31,BHARATI,-21.41,24.09,986.95,72.14,207.06,67.88,0.19,85.18,24983.84,25.8,4998.87,26,0.2,0,NONE,425.88,3258.46,0.13,619.11,40.35,0,NORMAL,4767.12,0.0,CRITICAL,NORMAL
2026-09-09 17:35:37,MAITRI,-32.83,29.87,985.34,51.89,207.06,77.07,0.21,85.18,24983.89,29.29,4998.87,19,0.22,0,NONE,425.88,3699.35,0.12,702.88,35.55,0,NORMAL,5412.15,0.0,CRITICAL,NORMAL
2026-09-09 17:35:37,BHARATI,-21.58,25.72,1013.21,69.11,207.06,64.05,0.18,85.18,24983.8,24.34,4998.87,16,0.19,0,NONE,425.88,3074.58,0.14,584.17,42.77,0,NORMAL,4498.11,0.0,CRITICAL,NORMAL
2026-09-09 17:35:42,MAITRI,-27.14,42.36,1010.61,64.11,207.06,76.3,0.21,85.18,24983.85,28.99,4998.87,32,0.22,0,NONE,425.88,3662.35,0.12,695.85,35.9,0,NORMAL,5358.03,0.0,CRITICAL,NORMAL
2026-09-09 17:35:42,BHARATI,-29.14,40.26,981.93,85.75,207.06,92.24,0.21,85.18,24983.76,35.05,4998.87,21,0.22,0,ANOMALY_GENERATOR_OVERLOAD,425.88,3551.6,0.12,841.22,29.7,55,WARNING,6477.41,0.0,CRITICAL,NORMAL
2026-09-09 17:35:47,MAITRI,-29.21,36.22,999.05,70.24,207.06,76.87,0.21,85.18,24983.81,29.21,4998.87,28,0.22,0,NONE,425.88,3689.82,0.12,701.07,35.64,0,NORMAL,5398.2,0.0,CRITICAL,NORMAL
2026-09-09 17:35:47,BHARATI,-31.25,36.81,987.58,85.33,207.06,95.32,0.22,85.18,24983.71,36.22,4998.86,27,0.23,0,ANOMALY_GENERATOR_OVERLOAD,425.88,3773.58,0.11,869.31,28.74,55,WARNING,6693.67,0.0,CRITICAL,NORMAL
2026-09-09 17:35:52,MAITRI,-31.17,21.75,993.51,77.4,207.06,75.32,0.21,85.18,24983.77,28.62,4998.87,19,0.22,0,NONE,425.88,3615.54,0.12,686.95,36.37,0,NORMAL,5289.53,0.0,CRITICAL,NORMAL
2026-09-09 17:35:52,BHARATI,-17.43,29.18,1003.86,53.0,207.06,60.5,0.17,85.18,24983.67,22.99,4998.86,18,0.18,0,NONE,425.88,2904.07,0.15,551.77,45.28,0,NORMAL,4248.66,0.0,CRITICAL,NORMAL
2026-09-09 17:35:57,MAITRI,-18.45,21.54,991.41,60.66,207.06,61.57,0.17,85.18,24983.74,23.4,4998.86,18,0.18,0,NONE,425.88,2955.49,0.14,561.54,44.49,0,NORMAL,4323.88,0.0,CRITICAL,NORMAL
2026-09-09 17:35:57,BHARATI,-30.06,27.75,1014.99,74.9,207.06,79.37,0.22,85.18,24983.63,30.16,4998.86,32,0.23,0,NONE,425.88,3809.54,0.11,723.81,34.52,0,NORMAL,5573.35,0.0,CRITICAL,NORMAL
2026-09-09 17:36:02,MAITRI,-27.22,52.25,974.8,75.34,207.06,93.88,0.2,85.18,24983.69,35.68,4998.86,25,0.21,0,ANOMALY_GENERATOR_OVERLOAD,425.88,3531.92,0.12,856.23,29.18,55,WARNING,6592.95,0.0,CRITICAL,NORMAL
2026-09-09 17:36:02,BHARATI,-17.75,20.14,995.6,61.05,207.06,63.23,0.18,85.18,24983.6,24.03,4998.86,24,0.18,0,NONE,425.88,3035.27,0.14,576.7,43.32,0,NORMAL,4440.59,0.0,CRITICAL,NORMAL
2026-09-09 17:36:07,MAITRI,-16.78,41.13,999.81,71.54,207.06,62.22,0.17,85.18,24983.65,23.64,4998.86,24,0.18,0,NONE,425.88,2986.44,0.14,567.42,44.03,0,NORMAL,4369.17,0.0,CRITICAL,NORMAL
2026-09-09 17:36:07,BHARATI,-33.54,18.06,1007.98,52.67,207.06,83.02,0.23,85.18,24983.55,31.55,4998.85,32,0.24,0,NONE,425.88,3984.87,0.11,757.12,33.0,0,NORMAL,5829.86,0.0,CRITICAL,NORMAL
2026-09-09 17:36:12,MAITRI,-21.27,50.5,970.21,88.29,207.06,94.81,0.19,85.18,24983.6,36.03,4998.85,24,0.2,0,ANOMALY_GENERATOR_OVERLOAD,425.88,3212.6,0.13,864.69,28.89,55,WARNING,6658.13,0.0,CRITICAL,NORMAL
2026-09-09 17:36:12,BHARATI,-21.25,16.7,995.32,76.83,207.06,67.31,0.19,85.18,24983.52,25.58,4998.85,25,0.2,0,NONE,425.88,3230.84,0.13,613.86,40.7,0,NORMAL,4726.72,0.0,CRITICAL,NORMAL
2026-09-09 17:36:17,MAITRI,-35.14,54.21,973.09,82.47,207.06,96.31,0.23,85.18,24983.55,36.6,4998.85,26,0.24,0,ANOMALY_GENERATOR_OVERLOAD,425.88,3950.04,0.11,878.35,28.44,65,WARNING,6763.28,0.0,CRITICAL,NORMAL
2026-09-09 17:36:17,BHARATI,-32.31,33.53,987.1,61.19,207.06,80.53,0.22,85.18,24983.48,30.6,4998.85,29,0.23,0,NONE,425.88,3865.24,0.11,734.4,34.02,0,NORMAL,5654.85,0.0,CRITICAL,NORMAL
2026-09-09 17:36:22,MAITRI,-33.17,12.95,992.5,61.84,207.06,80.23,0.22,85.18,24983.51,30.49,4998.85,26,0.23,0,NONE,425.88,3850.95,0.11,731.68,34.15,0,NORMAL,5633.94,0.0,CRITICAL,NORMAL
2026-09-09 17:36:22,BHARATI,-25.14,22.68,992.02,57.54,207.06,72.2,0.2,85.18,24983.44,27.44,4998.84,27,0.21,0,NONE,425.88,3465.51,0.12,658.45,37.94,0,NORMAL,5070.04,0.0,CRITICAL,NORMAL
2026-09-09 17:36:27,MAITRI,-32.46,34.16,988.54,57.67,207.06,77.48,0.22,85.18,24983.47,29.44,4998.85,21,0.23,0,NONE,425.88,3718.96,0.11,706.6,35.36,0,NORMAL,5440.85,0.0,CRITICAL,NORMAL
2026-09-09 17:36:27,BHARATI,-39.96,52.37,971.86,71.71,207.06,92.79,0.24,85.18,24983.39,35.26,4998.84,20,0.25,0,ANOMALY_GENERATOR_OVERLOAD,425.88,4078.23,0.1,846.26,29.52,65,WARNING,6516.22,0.0,CRITICAL,NORMAL
2026-09-09 17:36:32,MAITRI,-24.95,35.17,974.53,85.26,207.06,94.4,0.19,85.18,24983.42,35.87,4998.84,19,0.2,0,ANOMALY_GENERATOR_OVERLOAD,425.88,3302.3,0.13,860.88,29.02,55,WARNING,6628.81,0.0,CRITICAL,NORMAL
2026-09-09 17:36:32,BHARATI,-30.71,44.8,996.39,71.97,207.06,77.64,0.22,85.18,24983.35,29.51,4998.84,26,0.23,0,NONE,425.88,3726.95,0.11,708.12,35.28,0,NORMAL,5452.53,0.0,CRITICAL,NORMAL
2026-09-09 17:36:37,MAITRI,-18.28,27.92,1011.83,77.55,207.06,67.39,0.19,85.18,24983.38,25.61,4998.84,33,0.2,0,NONE,425.88,3234.74,0.13,614.6,40.65,0,NORMAL,4732.43,0.0,CRITICAL,NORMAL
2026-09-09 17:36:37,BHARATI,-31.91,14.64,989.39,63.25,207.06,75.3,0.21,85.18,24983.31,28.61,4998.84,17,0.22,0,NONE,425.88,3614.46,0.12,686.75,36.38,0,NORMAL,5287.95,0.0,CRITICAL,NORMAL
2026-09-09 17:36:42,MAITRI,-31.11,21.23,999.25,69.85,207.06,77.66,0.22,85.18,24983.34,29.51,4998.84,25,0.23,0,NONE,425.88,3727.81,0.11,708.28,35.27,0,NORMAL,5453.78,0.0,CRITICAL,NORMAL
2026-09-09 17:36:42,BHARATI,-28.52,20.99,994.54,52.4,207.06,74.55,0.21,85.18,24983.27,28.33,4998.83,24,0.22,0,NONE,425.88,3578.34,0.12,679.89,36.75,0,NORMAL,5235.12,0.0,CRITICAL,NORMAL
2026-09-09 17:36:47,MAITRI,-30.2,45.43,983.28,88.6,207.06,96.43,0.21,85.18,24983.29,36.65,4998.84,18,0.22,0,ANOMALY_GENERATOR_OVERLOAD,425.88,3547.72,0.12,879.49,28.41,55,WARNING,6772.04,0.0,CRITICAL,NORMAL
2026-09-09 17:36:47,BHARATI,-16.65,40.76,1011.45,70.34,207.06,59.69,0.17,85.18,24983.24,22.68,4998.83,18,0.17,0,NONE,425.88,2864.9,0.15,544.33,45.9,0,NORMAL,4191.36,0.0,CRITICAL,NORMAL
2026-09-09 17:36:52,MAITRI,-29.23,32.85,1010.24,65.67,207.06,78.49,0.22,85.18,24983.25,29.83,4998.83,32,0.23,0,NONE,425.88,3767.48,0.11,715.82,34.9,0,NORMAL,5511.83,0.0,CRITICAL,NORMAL
2026-09-09 17:36:52,BHARATI,-28.99,29.85,995.96,51.91,207.06,73.04,0.2,85.18,24983.2,27.76,4998.83,19,0.21,0,NONE,425.88,3506.1,0.12,666.16,37.5,0,NORMAL,5129.42,0.0,CRITICAL,NORMAL
2026-09-09 17:36:57,MAITRI,-27.03,11.86,998.07,71.45,207.06,75.79,0.21,85.18,24983.21,28.8,4998.83,31,0.22,0,NONE,425.88,3637.74,0.12,691.17,36.15,0,NORMAL,5322.02,0.0,CRITICAL,NORMAL
2026-09-09 17:36:57,BHARATI,-25.79,26.3,986.98,59.66,207.06,72.88,0.2,85.18,24983.16,27.7,4998.83,27,0.21,0,NONE,425.88,3498.44,0.12,664.7,37.59,0,NORMAL,5118.22,0.0,CRITICAL,NORMAL
2026-09-09 17:37:02,MAITRI,-33.51,18.66,1009.57,74.83,207.06,78.99,0.22,85.18,24983.17,30.02,4998.83,22,0.23,0,NONE,425.88,3791.5,0.11,720.39,34.68,0,NORMAL,5546.97,0.0,CRITICAL,NORMAL
2026-09-09 17:37:02,BHARATI,-23.63,20.72,990.03,77.18,207.06,69.42,0.19,85.18,24983.12,26.38,4998.82,24,0.2,0,NONE,425.88,3331.96,0.13,633.07,39.46,0,NORMAL,4874.66,0.0,CRITICAL,NORMAL
2026-09-09 17:37:07,MAITRI,-24.77,45.74,974.44,85.6,207.06,98.42,0.2,85.18,24983.12,37.4,4998.82,30,0.21,0,ANOMALY_GENERATOR_OVERLOAD,425.88,3504.43,0.12,897.63,27.83,55,WARNING,6911.72,0.0,CRITICAL,NORMAL
2026-09-09 17:37:07,BHARATI,-34.82,37.06,1012.42,54.22,207.06,79.96,0.22,85.18,24983.08,30.38,4998.82,21,0.23,0,NONE,425.88,3838.01,0.11,729.22,34.26,0,NORMAL,5615.0,0.0,CRITICAL,NORMAL
2026-09-09 17:37:12,MAITRI,-15.11,14.98,992.99,73.08,207.06,62.46,0.17,85.18,24983.08,23.74,4998.82,29,0.18,0,NONE,425.88,2998.31,0.14,569.68,43.85,0,NORMAL,4386.53,0.0,CRITICAL,NORMAL
2026-09-09 17:37:12,BHARATI,-23.38,17.42,993.51,65.28,207.06,68.35,0.19,85.18,24983.05,25.97,4998.82,22,0.2,0,NONE,425.88,3280.99,0.13,623.39,40.08,0,NORMAL,4800.09,0.0,CRITICAL,NORMAL
2026-09-09 17:37:17,MAITRI,-39.07,69.0,955.73,92.27,0.0,85.83,0.23,59.25,24983.04,32.62,4998.82,21,0.25,0,NONE,296.25,4052.27,0.07,782.8,31.92,70,CRITICAL,6027.55,0.0,CRITICAL,NORMAL
2026-09-09 17:37:17,BHARATI,-33.49,29.28,998.97,65.81,207.06,77.36,0.21,85.18,24983.0,29.4,4998.82,18,0.23,0,NONE,425.88,3713.49,0.11,705.56,35.41,0,NORMAL,5432.83,0.0,CRITICAL,NORMAL
2026-09-09 17:37:22,MAITRI,-17.01,29.93,998.76,65.13,207.06,59.66,0.17,85.18,24983.01,22.67,4998.81,17,0.17,0,NONE,425.88,2863.6,0.15,544.08,45.92,0,NORMAL,4189.44,0.0,CRITICAL,NORMAL
2026-09-09 17:37:22,BHARATI,-20.92,24.49,993.38,64.49,207.06,66.97,0.19,85.18,24982.97,25.45,4998.81,25,0.2,0,NONE,425.88,3214.43,0.13,610.74,40.91,0,NORMAL,4702.71,0.0,CRITICAL,NORMAL
2026-09-09 17:37:27,MAITRI,-24.69,38.95,1012.06,78.88,207.06,72.92,0.2,85.18,24982.97,27.71,4998.81,30,0.21,0,NONE,425.88,3500.34,0.12,665.06,37.56,0,NORMAL,5121.0,0.0,CRITICAL,NORMAL
2026-09-09 17:37:27,BHARATI,-27.04,32.93,990.56,60.24,207.06,76.99,0.21,85.18,24982.93,29.26,4998.81,34,0.22,0,NONE,425.88,3695.45,0.12,702.13,35.58,0,NORMAL,5406.44,0.0,CRITICAL,NORMAL
2026-09-09 17:37:32,MAITRI,-27.85,29.15,1002.35,56.47,207.06,70.64,0.2,85.18,24982.93,26.84,4998.81,16,0.21,0,NONE,425.88,3390.76,0.13,644.24,38.78,0,NORMAL,4960.68,0.0,CRITICAL,NORMAL
2026-09-09 17:37:32,BHARATI,-16.45,14.62,1007.72,76.27,207.06,61.47,0.17,85.18,24982.9,23.36,4998.81,23,0.18,0,NONE,425.88,2950.44,0.14,560.58,44.57,0,NORMAL,4316.5,0.0,CRITICAL,NORMAL
2026-09-09 17:37:37,MAITRI,-29.76,29.11,987.53,61.49,207.06,73.05,0.2,85.18,24982.89,27.76,4998.81,17,0.21,0,NONE,425.88,3506.21,0.12,666.18,37.5,0,NORMAL,5129.59,0.0,CRITICAL,NORMAL
2026-09-09 17:37:37,BHARATI,-32.11,16.56,1014.1,70.6,207.06,75.92,0.21,85.18,24982.86,28.85,4998.8,18,0.22,0,NONE,425.88,3644.19,0.12,692.4,36.08,0,NORMAL,5331.45,0.0,CRITICAL,NORMAL
2026-09-09 17:37:42,MAITRI,-31.93,43.01,1013.31,55.66,207.06,76.53,0.21,85.18,24982.85,29.08,4998.8,20,0.22,0,NONE,425.88,3673.46,0.12,697.96,35.79,0,NORMAL,5374.27,0.0,CRITICAL,NORMAL
2026-09-09 17:37:42,BHARATI,-36.64,76.0,962.31,94.41,0.0,97.29,0.24,55.81,24982.8,36.97,4998.8,34,0.25,0,ANOMALY_GENERATOR_OVERLOAD,279.07,4179.67,0.07,887.25,28.16,90,CRITICAL,6831.81,0.0,CRITICAL,NORMAL
2026-09-09 17:37:47,MAITRI,-17.71,15.65,1009.84,63.03,207.06,66.79,0.19,85.18,24982.82,25.38,4998.8,33,0.19,0,NONE,425.88,3206.04,0.13,609.15,41.01,0,NORMAL,4690.43,0.0,CRITICAL,NORMAL
2026-09-09 17:37:47,BHARATI,-33.79,18.6,1011.37,79.46,207.06,82.48,0.23,85.18,24982.76,31.34,4998.8,30,0.24,0,NONE,425.88,3959.11,0.11,752.23,33.21,0,NORMAL,5792.18,0.0,CRITICAL,NORMAL
2026-09-09 17:37:52,MAITRI,-37.42,39.51,987.86,87.42,207.06,96.97,0.23,85.18,24982.77,36.85,4998.8,23,0.24,0,ANOMALY_GENERATOR_OVERLOAD,425.88,4007.53,0.11,884.39,28.25,65,WARNING,6809.81,0.0,CRITICAL,NORMAL
2026-09-09 17:37:52,BHARATI,-38.68,53.85,987.08,82.51,207.06,94.47,0.24,85.18,24982.71,35.9,4998.79,23,0.25,0,ANOMALY_GENERATOR_OVERLOAD,425.88,4071.28,0.1,861.61,29.0,65,WARNING,6634.37,0.0,CRITICAL,NORMAL
2026-09-09 17:37:57,MAITRI,-24.54,19.78,996.55,57.71,207.06,69.97,0.19,85.18,24982.73,26.59,4998.8,23,0.2,0,NONE,425.88,3358.52,0.13,638.12,39.15,0,NORMAL,4913.51,0.0,CRITICAL,NORMAL
2026-09-09 17:37:57,BHARATI,-25.46,34.86,990.42,60.67,207.06,74.93,0.21,85.18,24982.67,28.47,4998.79,33,0.22,0,NONE,425.88,3596.6,0.12,683.35,36.56,0,NORMAL,5261.82,0.0,CRITICAL,NORMAL
2026-09-09 17:38:02,MAITRI,-17.29,31.05,987.68,64.7,207.06,61.55,0.17,85.18,24982.7,23.39,4998.79,21,0.18,0,NONE,425.88,2954.6,0.14,561.37,44.5,0,NORMAL,4322.58,0.0,CRITICAL,NORMAL
2026-09-09 17:38:02,BHARATI,-27.0,34.01,1001.37,74.88,207.06,71.75,0.2,85.18,24982.63,27.26,4998.79,21,0.21,0,NONE,425.88,3443.82,0.12,654.33,38.18,0,NORMAL,5038.31,0.0,CRITICAL,NORMAL
2026-09-09 17:38:07,MAITRI,-16.06,41.4,995.14,74.82,207.06,63.06,0.18,85.18,24982.66,23.96,4998.79,28,0.18,0,NONE,425.88,3027.08,0.14,575.15,43.44,0,NORMAL,4428.62,0.0,CRITICAL,NORMAL
2026-09-09 17:38:07,BHARATI,-16.16,12.73,1002.75,64.59,207.06,60.37,0.17,85.18,24982.6,22.94,4998.79,21,0.18,0,NONE,425.88,2897.88,0.15,550.6,45.37,0,NORMAL,4239.6,0.0,CRITICAL,NORMAL
2026-09-09 17:38:12,MAITRI,-23.79,40.23,1011.65,51.6,207.06,69.97,0.19,85.18,24982.63,26.59,4998.79,25,0.2,0,NONE,425.88,3358.79,0.13,638.17,39.15,0,NORMAL,4913.9,0.0,CRITICAL,NORMAL
2026-09-09 17:38:12,BHARATI,-33.98,13.14,997.59,76.89,207.06,79.88,0.22,85.18,24982.56,30.36,4998.78,23,0.23,0,NONE,425.88,3834.42,0.11,728.54,34.29,0,NORMAL,5609.75,0.0,CRITICAL,NORMAL
2026-09-09 17:38:17,MAITRI,-26.28,37.62,986.73,58.07,207.06,74.99,0.21,85.18,24982.59,28.5,4998.78,31,0.22,0,NONE,425.88,3599.46,0.12,683.9,36.53,0,NORMAL,5266.02,0.0,CRITICAL,NORMAL
2026-09-09 17:38:17,BHARATI,-33.7,13.8,985.56,67.05,207.06,81.58,0.23,85.18,24982.52,31.0,4998.78,28,0.24,0,NONE,425.88,3915.97,0.11,744.03,33.58,0,NORMAL,5729.06,0.0,CRITICAL,NORMAL
2026-09-09 17:38:22,MAITRI,-17.33,24.86,997.85,51.55,207.06,59.6,0.17,85.18,24982.56,22.65,4998.78,16,0.17,0,NONE,425.88,2860.73,0.15,543.54,45.96,0,NORMAL,4185.24,0.0,CRITICAL,NORMAL
2026-09-09 17:38:22,BHARATI,-27.82,34.9,1000.01,77.54,207.06,75.81,0.21,85.18,24982.48,28.81,4998.78,29,0.22,0,NONE,425.88,3639.07,0.12,691.42,36.13,0,NORMAL,5323.96,0.0,CRITICAL,NORMAL
2026-09-09 17:38:27,MAITRI,-38.13,79.16,955.37,90.14,0.0,96.22,0.23,56.14,24982.51,36.56,4998.78,20,0.24,0,ANOMALY_GENERATOR_OVERLOAD,280.68,3985.78,0.07,877.49,28.47,90,CRITICAL,6756.71,0.0,CRITICAL,NORMAL
2026-09-09 17:38:27,BHARATI,-39.0,66.97,962.62,92.39,0.0,95.13,0.23,56.46,24982.43,36.15,4998.77,16,0.24,0,ANOMALY_GENERATOR_OVERLOAD,282.31,3952.59,0.07,867.54,28.8,90,CRITICAL,6680.07,0.0,CRITICAL,NORMAL
2026-09-09 17:38:32,MAITRI,-21.85,26.05,1001.22,72.54,207.06,71.54,0.2,85.18,24982.47,27.18,4998.78,34,0.21,0,NONE,425.88,3433.83,0.12,652.43,38.29,0,NORMAL,5023.69,0.0,CRITICAL,NORMAL
2026-09-09 17:38:32,BHARATI,-24.5,21.35,1000.71,61.55,207.06,68.32,0.19,85.18,24982.39,25.96,4998.77,19,0.2,0,NONE,425.88,3279.36,0.13,623.08,40.1,0,NORMAL,4797.71,0.0,CRITICAL,NORMAL
2026-09-09 17:38:37,MAITRI,-17.71,21.64,1014.09,57.84,207.06,65.6,0.18,85.18,24982.43,24.93,4998.77,30,0.19,0,NONE,425.88,3148.64,0.14,598.24,41.76,0,NORMAL,4606.46,0.0,CRITICAL,NORMAL
2026-09-09 17:38:37,BHARATI,-32.35,43.92,1013.76,60.19,207.06,80.57,0.22,85.18,24982.35,30.61,4998.77,29,0.23,0,NONE,425.88,3867.15,0.11,734.76,34.0,0,NORMAL,5657.64,0.0,CRITICAL,NORMAL
2026-09-09 17:38:42,MAITRI,-20.86,25.74,1014.31,54.93,207.06,66.5,0.18,85.18,24982.4,25.27,4998.77,24,0.19,0,NONE,425.88,3192.15,0.13,606.51,41.19,0,NORMAL,4670.11,0.0,CRITICAL,NORMAL
2026-09-09 17:38:42,BHARATI,-20.89,43.11,985.02,80.01,207.06,98.74,0.18,85.18,24982.3,37.52,4998.77,16,0.18,0,ANOMALY_GENERATOR_OVERLOAD,425.88,3039.96,0.14,900.5,27.74,55,WARNING,6933.82,0.0,CRITICAL,NORMAL
2026-09-09 17:38:47,MAITRI,-32.81,39.0,1009.07,58.22,207.06,81.05,0.23,85.18,24982.36,30.8,4998.77,29,0.24,0,NONE,425.88,3890.53,0.11,739.2,33.8,0,NORMAL,5691.84,0.0,CRITICAL,NORMAL
2026-09-09 17:38:48,BHARATI,-23.96,26.66,1010.78,65.82,207.06,72.15,0.2,85.18,24982.26,27.42,4998.76,30,0.21,0,NONE,425.88,3463.37,0.12,658.04,37.96,0,NORMAL,5066.92,0.0,CRITICAL,NORMAL
2026-09-09 17:38:53,MAITRI,-16.76,27.22,1004.62,51.01,207.06,63.4,0.18,85.18,24982.32,24.09,4998.76,27,0.18,0,NONE,425.88,3043.11,0.14,578.19,43.21,0,NORMAL,4452.07,0.0,CRITICAL,NORMAL
2026-09-09 17:38:53,BHARATI,-32.09,21.84,989.8,56.98,207.06,80.7,0.22,85.18,24982.22,30.66,4998.76,30,0.24,0,NONE,425.88,3873.37,0.11,735.94,33.95,0,NORMAL,5666.74,0.0,CRITICAL,NORMAL
2026-09-09 17:38:58,MAITRI,-30.21,15.14,1013.06,58.48,207.06,75.92,0.21,85.18,24982.28,28.85,4998.76,23,0.22,0,NONE,425.88,3644.13,0.12,692.38,36.08,0,NORMAL,5331.36,0.0,CRITICAL,NORMAL
2026-09-09 17:38:58,BHARATI,-18.86,23.58,985.55,77.52,207.06,68.4,0.19,85.18,24982.18,25.99,4998.76,34,0.2,0,NONE,425.88,3283.26,0.13,623.82,40.05,0,NORMAL,4803.42,0.0,CRITICAL,NORMAL
2026-09-09 17:39:03,MAITRI,-19.81,19.93,1007.69,63.9,207.06,65.8,0.18,85.18,24982.25,25.01,4998.76,25,0.19,0,NONE,425.88,3158.61,0.13,600.14,41.63,0,NORMAL,4621.05,0.0,CRITICAL,NORMAL
2026-09-09 17:39:03,BHARATI,-21.66,10.76,993.97,71.54,207.06,66.54,0.18,85.18,24982.14,25.29,4998.75,22,0.19,0,NONE,425.88,3194.13,0.13,606.88,41.16,0,NORMAL,4673.01,0.0,CRITICAL,NORMAL
2026-09-09 17:39:08,MAITRI,-21.09,29.28,1014.69,75.21,207.06,65.15,0.18,85.18,24982.21,24.76,4998.76,20,0.19,0,NONE,425.88,3127.08,0.14,594.14,42.05,0,NORMAL,4574.91,0.0,CRITICAL,NORMAL
2026-09-09 17:39:08,BHARATI,-25.17,34.64,1012.12,60.73,207.06,67.83,0.19,85.18,24982.11,25.77,4998.75,16,0.2,0,NONE,425.88,3255.71,0.13,618.58,40.39,0,NORMAL,4763.1,0.0,CRITICAL,NORMAL
2026-09-09 17:39:13,MAITRI,-27.51,30.21,987.67,68.18,207.06,71.49,0.2,85.18,24982.17,27.17,4998.75,19,0.21,0,NONE,425.88,3431.46,0.12,651.98,38.32,0,NORMAL,5020.22,0.0,CRITICAL,NORMAL
2026-09-09 17:39:13,BHARATI,-15.6,40.38,1007.09,50.65,207.06,58.98,0.16,85.18,24982.08,22.41,4998.75,19,0.17,0,NONE,425.88,2830.81,0.15,537.85,46.45,0,NORMAL,4141.47,0.0,CRITICAL,NORMAL
2026-09-09 17:39:18,MAITRI,-31.74,26.59,1001.4,69.01,207.06,81.13,0.23,85.18,24982.13,30.83,4998.75,32,0.24,0,NONE,425.88,3894.05,0.11,739.87,33.77,0,NORMAL,5697.0,0.0,CRITICAL,NORMAL
2026-09-09 17:39:18,BHARATI,-21.48,41.42,998.57,58.54,207.06,67.95,0.19,85.18,24982.04,25.82,4998.75,26,0.2,0,NONE,425.88,3261.64,0.13,619.71,40.31,0,NORMAL,4771.79,0.0,CRITICAL,NORMAL
2026-09-09 17:39:23,MAITRI,-27.86,39.56,988.82,73.92,207.06,74.25,0.21,85.18,24982.09,28.22,4998.75,25,0.22,0,NONE,425.88,3564.03,0.12,677.16,36.89,0,NORMAL,5214.17,0.0,CRITICAL,NORMAL
2026-09-09 17:39:23,BHARATI,-19.17,44.99,1006.11,63.41,207.06,66.33,0.18,85.18,24982.01,25.2,4998.74,28,0.19,0,NONE,425.88,3183.62,0.13,604.89,41.3,0,NORMAL,4657.64,0.0,CRITICAL,NORMAL
2026-09-09 17:39:28,MAITRI,-20.99,26.63,1013.35,62.79,207.06,68.24,0.19,85.18,24982.06,25.93,4998.74,28,0.2,0,NONE,425.88,3275.5,0.13,622.35,40.14,0,NORMAL,4792.06,0.0,CRITICAL,NORMAL
2026-09-09 17:39:28,BHARATI,-17.7,19.64,991.83,57.49,207.06,62.79,0.17,85.18,24981.97,23.86,4998.74,23,0.18,0,NONE,425.88,3013.77,0.14,572.62,43.63,0,NORMAL,4409.14,0.0,CRITICAL,NORMAL
2026-09-09 17:39:33,MAITRI,-35.36,65.71,953.56,87.36,0.0,99.59,0.22,55.12,24982.0,37.84,4998.74,15,0.23,0,ANOMALY_GENERATOR_OVERLOAD,275.62,3750.26,0.07,908.23,27.51,90,CRITICAL,6993.38,0.0,CRITICAL,NORMAL
2026-09-09 17:39:33,BHARATI,-33.07,20.9,996.43,50.95,207.06,80.12,0.22,85.18,24981.93,30.45,4998.74,26,0.23,0,NONE,425.88,3845.78,0.11,730.7,34.19,0,NORMAL,5626.37,0.0,CRITICAL,NORMAL
2026-09-09 17:39:38,MAITRI,-20.06,23.26,998.47,77.86,207.06,66.46,0.18,85.18,24981.97,25.25,4998.74,26,0.19,0,NONE,425.88,3190.1,0.13,606.12,41.22,0,NORMAL,4667.12,0.0,CRITICAL,NORMAL
2026-09-09 17:39:38,BHARATI,-34.98,25.35,985.48,63.26,207.06,84.13,0.23,85.18,24981.89,31.97,4998.73,31,0.25,0,NONE,425.88,4038.27,0.11,767.27,32.56,0,NORMAL,5907.99,0.0,CRITICAL,NORMAL
2026-09-09 17:39:43,MAITRI,-26.1,16.71,1007.77,70.54,207.06,69.6,0.19,85.18,24981.93,26.45,4998.74,18,0.2,0,NONE,425.88,3340.98,0.13,634.79,39.35,0,NORMAL,4887.85,0.0,CRITICAL,NORMAL
2026-09-09 17:39:43,BHARATI,-25.85,26.24,998.01,61.46,207.06,69.74,0.19,85.18,24981.85,26.5,4998.73,19,0.2,0,NONE,425.88,3347.48,0.13,636.02,39.28,0,NORMAL,4897.36,0.0,CRITICAL,NORMAL
2026-09-09 17:39:48,MAITRI,-32.18,42.12,1010.71,54.01,207.06,78.39,0.22,85.18,24981.89,29.79,4998.73,24,0.23,0,NONE,425.88,3762.61,0.11,714.9,34.94,0,NORMAL,5504.7,0.0,CRITICAL,NORMAL
2026-09-09 17:39:48,BHARATI,-31.64,36.01,998.6,77.76,207.06,81.02,0.23,85.18,24981.81,30.79,4998.73,32,0.24,0,NONE,425.88,3888.97,0.11,738.9,33.81,0,NORMAL,5689.56,0.0,CRITICAL,NORMAL
2026-09-09 17:39:53,MAITRI,-25.42,28.32,1007.08,58.69,207.06,70.49,0.2,85.18,24981.85,26.79,4998.73,22,0.21,0,NONE,425.88,3383.68,0.13,642.9,38.86,0,NORMAL,4950.33,0.0,CRITICAL,NORMAL
2026-09-09 17:39:53,BHARATI,-25.5,32.88,991.34,59.42,207.06,72.98,0.2,85.18,24981.77,27.73,4998.72,28,0.21,0,NONE,425.88,3502.96,0.12,665.56,37.53,0,NORMAL,5124.84,0.0,CRITICAL,NORMAL
2026-09-09 17:39:58,MAITRI,-28.96,35.85,977.33,79.79,207.06,98.82,0.2,85.18,24981.8,37.55,4998.73,16,0.21,0,ANOMALY_GENERATOR_OVERLOAD,425.88,3446.68,0.12,901.23,27.72,55,WARNING,6939.44,0.0,CRITICAL,NORMAL
2026-09-09 17:39:58,BHARATI,-32.06,29.12,1008.91,71.92,207.06,79.86,0.22,85.18,24981.73,30.35,4998.72,28,0.23,0,NONE,425.88,3833.21,0.11,728.31,34.3,0,NORMAL,5607.99,0.0,CRITICAL,NORMAL
2026-09-09 17:40:03,MAITRI,-28.02,44.97,1012.43,68.65,207.06,71.62,0.2,85.18,24981.76,27.22,4998.73,18,0.21,0,NONE,425.88,3437.69,0.12,653.16,38.25,0,NORMAL,5029.34,0.0,CRITICAL,NORMAL
2026-09-09 17:40:03,BHARATI,-20.38,45.12,971.01,85.71,207.06,98.08,0.19,85.18,24981.67,37.27,4998.72,32,0.2,0,ANOMALY_GENERATOR_OVERLOAD,425.88,3321.71,0.13,894.52,27.93,55,WARNING,6887.8,0.0,CRITICAL,NORMAL
2026-09-09 17:40:08,MAITRI,-17.41,29.96,986.47,51.33,207.06,64.88,0.18,85.18,24981.73,24.65,4998.72,29,0.19,0,NONE,425.88,3114.04,0.14,591.67,42.22,0,NORMAL,4555.85,0.0,CRITICAL,NORMAL
2026-09-09 17:40:08,BHARATI,-38.43,48.02,993.37,76.22,207.06,93.51,0.24,85.18,24981.63,35.53,4998.71,31,0.26,0,ANOMALY_GENERATOR_OVERLOAD,425.88,4212.11,0.1,852.78,29.29,65,WARNING,6566.4,0.0,CRITICAL,NORMAL
2026-09-09 17:40:13,MAITRI,-28.33,13.11,1013.54,74.76,207.06,77.54,0.22,85.18,24981.69,29.47,4998.72,32,0.23,0,NONE,425.88,3722.02,0.11,707.18,35.33,0,NORMAL,5445.32,0.0,CRITICAL,NORMAL
2026-09-09 17:40:13,BHARATI,-22.15,26.34,999.68,56.7,207.06,65.46,0.18,85.18,24981.59,24.87,4998.71,18,0.19,0,NONE,425.88,3141.85,0.14,596.95,41.85,0,NORMAL,4596.52,0.0,CRITICAL,NORMAL
2026-09-09 17:40:18,MAITRI,-34.41,35.09,1003.85,69.39,207.06,83.13,0.23,85.18,24981.64,31.59,4998.72,30,0.24,0,NONE,425.88,3990.31,0.11,758.16,32.95,0,NORMAL,5837.83,0.0,CRITICAL,NORMAL
2026-09-09 17:40:18,BHARATI,-33.48,13.19,1003.54,68.14,207.06,77.35,0.21,85.18,24981.55,29.39,4998.71,18,0.23,0,NONE,425.88,3712.8,0.11,705.43,35.41,0,NORMAL,5431.82,0.0,CRITICAL,NORMAL
2026-09-09 17:40:23,MAITRI,-23.46,25.94,1008.7,58.05,207.06,67.23,0.19,85.18,24981.61,25.55,4998.71,19,0.2,0,NONE,425.88,3227.19,0.13,613.17,40.74,0,NORMAL,4721.38,0.0,CRITICAL,NORMAL
2026-09-09 17:40:23,BHARATI,-19.21,11.64,1004.94,71.6,207.06,63.57,0.18,85.18,24981.52,24.16,4998.71,21,0.19,0,NONE,425.88,3051.36,0.14,579.76,43.09,0,NORMAL,4464.14,0.0,CRITICAL,NORMAL
2026-09-09 17:40:28,MAITRI,-34.75,10.74,1012.24,66.43,207.06,78.29,0.22,85.18,24981.57,29.75,4998.71,17,0.23,0,NONE,425.88,3757.7,0.11,713.96,34.99,0,NORMAL,5497.51,0.0,CRITICAL,NORMAL
2026-09-09 17:40:28,BHARATI,-15.25,10.07,1012.92,50.19,207.06,60.61,0.17,85.18,24981.48,23.03,4998.7,24,0.18,0,NONE,425.88,2909.25,0.15,552.76,45.19,0,NORMAL,4256.23,0.0,CRITICAL,NORMAL
2026-09-09 17:40:33,MAITRI,-20.02,12.12,1005.68,73.37,207.06,69.22,0.19,85.18,24981.53,26.3,4998.71,33,0.2,0,NONE,425.88,3322.57,0.13,631.29,39.57,0,NORMAL,4860.92,0.0,CRITICAL,NORMAL
2026-09-09 17:40:33,BHARATI,-28.65,39.55,993.59,76.5,207.06,73.89,0.21,85.18,24981.45,28.08,4998.7,22,0.22,0,NONE,425.88,3546.61,0.12,673.86,37.07,0,NORMAL,5188.69,0.0,CRITICAL,NORMAL
2026-09-09 17:40:38,MAITRI,-15.22,40.33,987.18,76.9,207.06,59.78,0.17,85.18,24981.5,22.72,4998.71,22,0.17,0,NONE,425.88,2869.63,0.15,545.23,45.82,0,NORMAL,4198.27,0.0,CRITICAL,NORMAL
2026-09-09 17:40:38,BHARATI,-39.65,48.54,974.48,85.22,207.06,95.06,0.25,85.18,24981.4,36.12,4998.7,31,0.26,0,ANOMALY_GENERATOR_OVERLOAD,425.88,4273.7,0.1,866.96,28.81,65,WARNING,6675.58,0.0,CRITICAL,NORMAL
2026-09-09 17:40:43,MAITRI,-15.39,23.84,987.32,61.4,207.06,57.96,0.16,85.18,24981.47,22.02,4998.7,17,0.17,0,NONE,425.88,2782.06,0.15,528.59,47.26,0,NORMAL,4070.15,0.0,CRITICAL,NORMAL
2026-09-09 17:40:43,BHARATI,-36.06,60.51,959.4,90.28,0.0,87.9,0.22,58.63,24981.35,33.4,4998.7,15,0.23,0,NONE,293.16,3785.28,0.08,801.61,31.16,70,CRITICAL,6172.39,0.0,CRITICAL,NORMAL
2026-09-09 17:40:48,MAITRI,-26.88,36.41,973.02,83.22,207.06,95.14,0.2,85.18,24981.42,36.15,4998.7,25,0.21,0,ANOMALY_GENERATOR_OVERLOAD,425.88,3514.94,0.12,867.67,28.79,55,WARNING,6681.04,0.0,CRITICAL,NORMAL
2026-09-09 17:40:48,BHARATI,-29.81,29.27,1002.76,54.57,207.06,72.7,0.2,85.18,24981.31,27.63,4998.7,16,0.21,0,NONE,425.88,3489.65,0.12,663.03,37.68,0,NORMAL,5105.36,0.0,CRITICAL,NORMAL
2026-09-09 17:40:53,MAITRI,-21.38,21.24,1012.34,73.41,207.06,68.25,0.19,85.18,24981.38,25.93,4998.7,27,0.2,0,NONE,425.88,3275.8,0.13,622.4,40.14,0,NORMAL,4792.5,0.0,CRITICAL,NORMAL
2026-09-09 17:40:53,BHARATI,-15.57,10.07,986.63,60.74,207.06,60.15,0.17,85.18,24981.28,22.86,4998.69,22,0.18,0,NONE,425.88,2887.03,0.15,548.54,45.54,0,NORMAL,4223.72,0.0,CRITICAL,NORMAL
2026-09-09 17:40:58,MAITRI,-17.24,44.28,994.15,79.71,207.06,65.9,0.18,85.18,24981.35,25.04,4998.69,32,0.19,0,NONE,425.88,3163.43,0.13,601.05,41.56,0,NORMAL,4628.1,0.0,CRITICAL,NORMAL
2026-09-09 17:40:58,BHARATI,-23.04,33.66,998.73,69.51,207.06,66.79,0.19,85.18,24981.24,25.38,4998.69,19,0.19,0,NONE,425.88,3205.84,0.13,609.11,41.01,0,NORMAL,4690.14,0.0,CRITICAL,NORMAL
2026-09-09 17:41:03,MAITRI,-21.45,28.04,997.26,53.62,207.06,65.52,0.18,85.18,24981.31,24.9,4998.69,20,0.19,0,NONE,425.88,3144.85,0.14,597.52,41.81,0,NORMAL,4600.91,0.0,CRITICAL,NORMAL
2026-09-09 17:41:03,BHARATI,-37.34,67.8,960.48,92.56,0.0,89.58,0.24,58.13,24981.2,34.04,4998.69,30,0.25,0,NONE,290.63,4138.12,0.07,816.98,30.58,70,CRITICAL,6290.72,0.0,CRITICAL,NORMAL
2026-09-09 17:41:08,MAITRI,-40.24,76.11,952.04,88.52,0.0,99.18,0.23,55.25,24981.26,37.69,4998.69,17,0.25,0,ANOMALY_GENERATOR_OVERLOAD,276.23,4034.32,0.07,904.55,27.62,90,CRITICAL,6965.03,0.0,CRITICAL,NORMAL
2026-09-09 17:41:08,BHARATI,-23.01,24.96,998.43,51.21,207.06,70.76,0.2,85.18,24981.16,26.89,4998.68,29,0.21,0,NONE,425.88,3396.27,0.13,645.29,38.71,0,NORMAL,4968.75,0.0,CRITICAL,NORMAL
2026-09-09 17:41:13,MAITRI,-30.18,26.85,988.54,65.95,207.06,75.49,0.21,85.18,24981.22,28.69,4998.69,22,0.22,0,NONE,425.88,3623.5,0.12,688.46,36.29,0,NORMAL,5301.17,0.0,CRITICAL,NORMAL
2026-09-09 17:41:13,BHARATI,-32.59,14.7,987.26,72.14,207.06,82.42,0.23,85.18,24981.12,31.32,4998.68,33,0.24,0,NONE,425.88,3955.93,0.11,751.63,33.24,0,NORMAL,5787.53,0.0,CRITICAL,NORMAL
2026-09-09 17:41:18,MAITRI,-18.41,43.21,996.96,64.63,207.06,66.33,0.18,85.18,24981.19,25.21,4998.68,30,0.19,0,NONE,425.88,3183.79,0.13,604.92,41.3,0,NORMAL,4657.89,0.0,CRITICAL,NORMAL
2026-09-09 17:41:18,BHARATI,-21.98,13.23,991.25,72.93,207.06,71.27,0.2,85.18,24981.08,27.08,4998.68,33,0.21,0,NONE,425.88,3421.18,0.12,650.02,38.43,0,NORMAL,5005.18,0.0,CRITICAL,NORMAL
2026-09-09 17:41:23,MAITRI,-20.89,23.14,1010.04,70.56,207.06,68.94,0.19,85.18,24981.15,26.2,4998.68,30,0.2,0,NONE,425.88,3308.91,0.13,628.69,39.74,0,NORMAL,4840.93,0.0,CRITICAL,NORMAL
2026-09-09 17:41:23,BHARATI,-23.83,38.94,999.48,50.15,207.06,68.42,0.19,85.18,24981.04,26.0,4998.67,21,0.2,0,NONE,425.88,3284.13,0.13,623.99,40.03,0,NORMAL,4804.69,0.0,CRITICAL,NORMAL
2026-09-09 17:41:28,MAITRI,-31.64,42.54,1009.16,54.81,207.06,74.22,0.21,85.18,24981.11,28.2,4998.68,15,0.22,0,NONE,425.88,3562.42,0.12,676.86,36.91,0,NORMAL,5211.81,0.0,CRITICAL,NORMAL
2026-09-09 17:41:28,BHARATI,-23.12,29.52,1008.61,70.35,207.06,69.68,0.19,85.18,24981.0,26.48,4998.67,26,0.2,0,NONE,425.88,3344.66,0.13,635.49,39.31,0,NORMAL,4893.24,0.0,CRITICAL,NORMAL
2026-09-09 17:41:33,MAITRI,-31.03,10.24,1003.65,60.34,207.06,81.18,0.23,85.18,24981.07,30.85,4998.68,34,0.24,0,NONE,425.88,3896.51,0.11,740.34,33.74,0,NORMAL,5700.6,0.0,CRITICAL,NORMAL
2026-09-09 17:41:33,BHARATI,-34.66,46.81,970.13,70.5,207.06,98.84,0.22,85.18,24980.95,37.56,4998.67,20,0.23,0,ANOMALY_GENERATOR_OVERLOAD,425.88,3810.75,0.11,901.4,27.71,55,WARNING,6940.8,0.0,CRITICAL,NORMAL
2026-09-09 17:41:38,MAITRI,-19.44,38.04,999.59,72.27,207.06,67.82,0.19,85.18,24981.03,25.77,4998.67,31,0.2,0,NONE,425.88,3255.21,0.13,618.49,40.39,0,NORMAL,4762.37,0.0,CRITICAL,NORMAL
2026-09-09 17:41:38,BHARATI,-27.81,40.69,978.6,77.63,207.06,96.5,0.2,85.18,24980.9,36.67,4998.67,16,0.21,0,ANOMALY_GENERATOR_OVERLOAD,425.88,3388.86,0.13,880.05,28.39,55,WARNING,6776.36,0.0,CRITICAL,NORMAL
2026-09-09 17:41:43,MAITRI,-32.92,20.43,1007.29,63.53,207.06,78.76,0.22,85.18,24980.99,29.93,4998.67,23,0.23,0,NONE,425.88,3780.63,0.11,718.32,34.78,0,NORMAL,5531.06,0.0,CRITICAL,NORMAL
2026-09-09 17:41:43,BHARATI,-34.86,59.6,986.75,72.36,207.06,93.6,0.23,85.18,24980.85,35.57,4998.66,30,0.24,0,ANOMALY_GENERATOR_OVERLOAD,425.88,4013.13,0.11,853.64,29.26,55,WARNING,6573.05,0.0,CRITICAL,NORMAL
2026-09-09 17:41:48,MAITRI,-36.62,46.54,994.6,81.38,207.06,92.21,0.24,85.18,24980.94,35.04,4998.67,31,0.25,0,ANOMALY_GENERATOR_OVERLOAD,425.88,4120.76,0.1,840.93,29.71,65,WARNING,6475.18,0.0,CRITICAL,NORMAL
2026-09-09 17:41:48,BHARATI,-31.76,49.98,985.54,78.48,207.06,92.47,0.21,85.18,24980.8,35.14,4998.66,16,0.22,0,ANOMALY_GENERATOR_OVERLOAD,425.88,3587.83,0.12,843.29,29.62,55,WARNING,6493.34,0.0,CRITICAL,NORMAL
2026-09-09 17:41:53,MAITRI,-17.36,44.77,1007.03,72.04,207.06,64.83,0.18,85.18,24980.91,24.64,4998.66,29,0.19,0,NONE,425.88,3111.99,0.14,591.28,42.25,0,NORMAL,4552.84,0.0,CRITICAL,NORMAL
2026-09-09 17:41:53,BHARATI,-33.58,30.68,993.56,68.85,207.06,76.66,0.21,85.18,24980.76,29.13,4998.66,16,0.22,0,NONE,425.88,3679.61,0.12,699.13,35.73,0,NORMAL,5383.26,0.0,CRITICAL,NORMAL
2026-09-09 17:41:58,MAITRI,-17.64,26.33,1000.28,56.78,207.06,61.12,0.17,85.18,24980.88,23.23,4998.66,19,0.18,0,NONE,425.88,2933.77,0.15,557.42,44.82,0,NORMAL,4292.1,0.0,CRITICAL,NORMAL
2026-09-09 17:41:58,BHARATI,-19.02,31.65,995.74,56.32,207.06,60.97,0.17,85.18,24980.73,23.17,4998.66,15,0.18,0,NONE,425.88,2926.57,0.15,556.05,44.93,0,NORMAL,4281.57,0.0,CRITICAL,NORMAL
2026-09-09 17:42:03,MAITRI,-21.48,54.94,993.1,73.08,207.06,97.45,0.18,85.18,24980.82,37.03,4998.66,17,0.19,0,ANOMALY_GENERATOR_OVERLOAD,425.88,3089.01,0.14,888.77,28.11,55,WARNING,6843.56,0.0,CRITICAL,NORMAL
2026-09-09 17:42:03,BHARATI,-27.07,21.2,1008.11,63.63,207.06,71.83,0.2,85.18,24980.69,27.29,4998.66,21,0.21,0,NONE,425.88,3447.66,0.12,655.05,38.14,0,NORMAL,5043.92,0.0,CRITICAL,NORMAL
2026-09-09 17:42:08,MAITRI,-25.43,27.78,994.75,57.22,207.06,69.7,0.19,85.18,24980.79,26.49,4998.66,20,0.2,0,NONE,425.88,3345.7,0.13,635.68,39.3,0,NORMAL,4894.76,0.0,CRITICAL,NORMAL
2026-09-09 17:42:08,BHARATI,-28.76,43.26,986.12,67.93,207.06,71.6,0.2,85.18,24980.66,27.21,4998.65,16,0.21,0,NONE,425.88,3436.69,0.12,652.97,38.26,0,NORMAL,5027.88,0.0,CRITICAL,NORMAL
2026-09-09 17:42:14,MAITRI,-43.34,58.86,952.27,89.19,0.0,91.19,0.26,57.64,24980.74,34.65,4998.65,34,0.27,0,ANOMALY_GENERATOR_OVERLOAD,288.21,4516.89,0.06,831.66,30.04,90,CRITICAL,6403.77,0.0,CRITICAL,NORMAL
2026-09-09 17:42:14,BHARATI,-34.08,40.16,974.76,70.19,207.06,96.69,0.23,85.18,24980.6,36.74,4998.65,33,0.24,0,ANOMALY_GENERATOR_OVERLOAD,425.88,4031.27,0.11,881.82,28.33,55,WARNING,6790.03,0.0,CRITICAL,NORMAL
2026-09-09 17:42:19,MAITRI,-23.98,29.96,1006.61,64.87,207.06,73.38,0.2,85.18,24980.7,27.88,4998.65,33,0.21,0,NONE,425.88,3522.15,0.12,669.21,37.33,0,NORMAL,5152.9,0.0,CRITICAL,NORMAL
2026-09-09 17:42:19,BHARATI,-24.21,21.85,998.88,52.56,207.06,69.22,0.19,85.18,24980.57,26.3,4998.65,22,0.2,0,NONE,425.88,3322.69,0.13,631.31,39.57,0,NORMAL,4861.09,0.0,CRITICAL,NORMAL
2026-09-09 17:42:24,MAITRI,-31.87,24.86,1004.62,57.45,207.06,76.86,0.21,85.18,24980.66,29.21,4998.65,21,0.22,0,NONE,425.88,3689.26,0.12,700.96,35.64,0,NORMAL,5397.39,0.0,CRITICAL,NORMAL
2026-09-09 17:42:24,BHARATI,-27.8,24.66,986.72,78.42,207.06,77.39,0.21,85.18,24980.53,29.41,4998.64,33,0.23,0,NONE,425.88,3714.68,0.11,705.79,35.39,0,NORMAL,5434.58,0.0,CRITICAL,NORMAL
2026-09-09 17:42:29,MAITRI,-23.68,24.42,1011.9,79.05,207.06,67.86,0.19,85.18,24980.62,25.79,4998.64,20,0.2,0,NONE,425.88,3257.4,0.13,618.91,40.36,0,NORMAL,4765.57,0.0,CRITICAL,NORMAL
2026-09-09 17:42:29,BHARATI,-15.45,39.35,1011.79,53.27,207.06,57.62,0.16,85.18,24980.5,21.9,4998.64,16,0.17,0,NONE,425.88,2765.95,0.15,525.53,47.53,0,NORMAL,4046.59,0.0,CRITICAL,NORMAL
2026-09-09 17:42:34,MAITRI,-26.85,36.26,1004.82,72.18,207.06,76.39,0.21,85.18,24980.58,29.03,4998.64,33,0.22,0,NONE,425.88,3666.61,0.12,696.66,35.86,0,NORMAL,5364.25,0.0,CRITICAL,NORMAL
2026-09-09 17:42:34,BHARATI,-28.89,22.1,991.76,71.93,207.06,71.73,0.2,85.18,24980.46,27.26,4998.64,16,0.21,0,NONE,425.88,3443.03,0.12,654.17,38.19,0,NORMAL,5037.15,0.0,CRITICAL,NORMAL
2026-09-09 17:42:39,MAITRI,-20.72,19.46,1008.45,61.88,207.06,64.76,0.18,85.18,24980.55,24.61,4998.64,20,0.19,0,NONE,425.88,3108.3,0.14,590.58,42.3,0,NORMAL,4547.44,0.0,CRITICAL,NORMAL
2026-09-09 17:42:39,BHARATI,-20.75,27.67,1004.24,79.32,207.06,62.78,0.17,85.18,24980.43,23.86,4998.64,15,0.18,0,NONE,425.88,3013.64,0.14,572.59,43.63,0,NORMAL,4408.96,0.0,CRITICAL,NORMAL
2026-09-09 17:42:44,MAITRI,-16.72,21.36,993.24,67.89,207.06,62.55,0.17,85.18,24980.52,23.77,4998.63,25,0.18,0,NONE,425.88,3002.51,0.14,570.48,43.79,0,NORMAL,4392.68,0.0,CRITICAL,NORMAL
2026-09-09 17:42:44,BHARATI,-27.56,48.85,979.72,89.57,207.06,97.98,0.2,85.18,24980.37,37.23,4998.64,24,0.21,0,ANOMALY_GENERATOR_OVERLOAD,425.88,3529.86,0.12,893.57,27.96,55,WARNING,6880.47,0.0,CRITICAL,NORMAL
2026-09-09 17:42:49,MAITRI,-25.07,35.74,982.31,87.5,207.06,92.93,0.2,85.18,24980.47,35.31,4998.63,24,0.21,0,ANOMALY_GENERATOR_OVERLOAD,425.88,3404.57,0.13,847.52,29.47,55,WARNING,6525.93,0.0,CRITICAL,NORMAL
2026-09-09 17:42:49,BHARATI,-28.0,38.95,1013.65,52.79,207.06,74.8,0.21,85.18,24980.33,28.42,4998.63,26,0.22,0,NONE,425.88,3590.2,0.12,682.14,36.62,0,NORMAL,5252.47,0.0,CRITICAL,NORMAL
2026-09-09 17:42:54,MAITRI,-33.34,21.8,985.23,65.91,207.06,79.61,0.22,85.18,24980.43,30.25,4998.63,24,0.23,0,NONE,425.88,3821.27,0.11,726.04,34.41,0,NORMAL,5590.52,0.0,CRITICAL,NORMAL
2026-09-09 17:42:54,BHARATI,-33.15,49.82,973.23,88.0,207.06,92.72,0.23,85.18,24980.29,35.23,4998.63,28,0.24,0,ANOMALY_GENERATOR_OVERLOAD,425.88,3888.53,0.11,845.58,29.54,55,WARNING,6510.95,0.0,CRITICAL,NORMAL
2026-09-09 17:42:59,MAITRI,-27.39,33.21,1000.05,55.43,207.06,73.76,0.2,85.18,24980.39,28.03,4998.63,25,0.22,0,NONE,425.88,3540.52,0.12,672.7,37.13,0,NORMAL,5179.78,0.0,CRITICAL,NORMAL
2026-09-09 17:42:59,BHARATI,-21.73,21.71,1011.09,53.1,207.06,71.02,0.2,85.18,24980.25,26.99,4998.63,33,0.21,0,NONE,425.88,3408.84,0.12,647.68,38.57,0,NORMAL,4987.13,0.0,CRITICAL,NORMAL
2026-09-09 17:43:04,MAITRI,-31.53,10.79,1004.94,63.07,207.06,77.71,0.22,85.18,24980.35,29.53,4998.62,24,0.23,0,NONE,425.88,3729.89,0.11,708.68,35.25,0,NORMAL,5456.83,0.0,CRITICAL,NORMAL
2026-09-09 17:43:04,BHARATI,-18.66,28.81,987.06,67.2,207.06,64.19,0.18,85.18,24980.21,24.39,4998.62,24,0.19,0,NONE,425.88,3081.27,0.14,585.44,42.67,0,NORMAL,4507.9,0.0,CRITICAL,NORMAL
2026-09-09 17:43:09,MAITRI,-19.22,25.34,1005.17,54.77,207.06,61.18,0.17,85.18,24980.31,23.25,4998.62,15,0.18,0,NONE,425.88,2936.63,0.15,557.96,44.77,0,NORMAL,4296.29,0.0,CRITICAL,NORMAL
2026-09-09 17:43:09,BHARATI,-29.91,39.06,995.42,72.85,207.06,75.61,0.21,85.18,24980.17,28.73,4998.62,23,0.22,0,NONE,425.88,3629.21,0.12,689.55,36.23,0,NORMAL,5309.53,0.0,CRITICAL,NORMAL
2026-09-09 17:43:14,MAITRI,-26.95,39.78,994.25,70.74,207.06,74.5,0.21,85.18,24980.27,28.31,4998.62,28,0.22,0,NONE,425.88,3576.04,0.12,679.45,36.77,0,NORMAL,5231.75,0.0,CRITICAL,NORMAL
2026-09-09 17:43:14,BHARATI,-29.65,42.35,1013.91,50.41,207.06,74.13,0.21,85.18,24980.13,28.17,4998.62,20,0.22,0,NONE,425.88,3558.13,0.12,676.04,36.95,0,NORMAL,5205.54,0.0,CRITICAL,NORMAL
2026-09-09 17:43:19,MAITRI,-18.24,16.73,993.06,73.32,207.06,62.15,0.17,85.18,24980.24,23.62,4998.62,20,0.18,0,NONE,425.88,2983.26,0.14,566.82,44.07,0,NORMAL,4364.51,0.0,CRITICAL,NORMAL
2026-09-09 17:43:19,BHARATI,-19.62,40.12,1005.04,77.29,207.06,62.0,0.17,85.18,24980.1,23.56,4998.62,16,0.18,0,NONE,425.88,2975.98,0.14,565.44,44.18,0,NORMAL,4353.86,0.0,CRITICAL,NORMAL
2026-09-09 17:43:24,MAITRI,-20.45,56.55,983.95,71.11,207.06,92.09,0.19,85.18,24980.19,34.99,4998.61,32,0.2,0,ANOMALY_GENERATOR_OVERLOAD,425.88,3325.11,0.13,839.84,29.74,55,WARNING,6466.74,0.0,CRITICAL,NORMAL
2026-09-09 17:43:24,BHARATI,-40.53,79.12,956.93,93.48,0.0,99.71,0.25,55.09,24980.05,37.89,4998.61,32,0.26,0,ANOMALY_GENERATOR_OVERLOAD,275.44,4336.91,0.06,909.32,27.47,90,CRITICAL,7001.74,0.0,CRITICAL,NORMAL
2026-09-09 17:43:29,MAITRI,-26.47,41.64,1010.39,72.69,207.06,70.39,0.2,85.18,24980.16,26.75,4998.61,19,0.21,0,NONE,425.88,3378.84,0.13,641.98,38.91,0,NORMAL,4943.25,0.0,CRITICAL,NORMAL
2026-09-09 17:43:29,BHARATI,-33.57,35.9,1009.19,54.52,207.06,79.45,0.22,85.18,24980.01,30.19,4998.61,23,0.23,0,NONE,425.88,3813.49,0.11,724.56,34.48,0,NORMAL,5579.13,0.0,CRITICAL,NORMAL
2026-09-09 17:43:34,MAITRI,-24.26,31.91,1011.51,61.13,207.06,68.48,0.19,85.18,24980.12,26.02,4998.61,20,0.2,0,NONE,425.88,3286.88,0.13,624.51,40.0,0,NORMAL,4808.7,0.0,CRITICAL,NORMAL
2026-09-09 17:43:34,BHARATI,-26.49,17.82,998.32,76.0,207.06,73.22,0.2,85.18,24979.97,27.82,4998.61,26,0.21,0,NONE,425.88,3514.49,0.12,667.75,37.41,0,NORMAL,5141.69,0.0,CRITICAL,NORMAL
2026-09-09 17:43:39,MAITRI,-21.06,43.8,1010.11,67.85,207.06,63.91,0.18,85.18,24980.09,24.29,4998.61,17,0.19,0,NONE,425.88,3067.87,0.14,582.9,42.86,0,NORMAL,4488.29,0.0,CRITICAL,NORMAL
2026-09-09 17:43:39,BHARATI,-28.0,40.17,970.17,86.93,207.06,97.12,0.21,85.18,24979.92,36.91,4998.6,32,0.23,0,ANOMALY_GENERATOR_OVERLOAD,425.88,3705.51,0.11,885.75,28.2,55,WARNING,6820.29,0.0,CRITICAL,NORMAL
2026-09-09 17:43:44,MAITRI,-23.57,11.95,999.89,68.62,207.06,70.55,0.2,85.18,24980.05,26.81,4998.6,27,0.21,0,NONE,425.88,3386.41,0.13,643.42,38.82,0,NORMAL,4954.32,0.0,CRITICAL,NORMAL
2026-09-09 17:43:44,BHARATI,-21.51,28.19,1002.71,67.07,207.06,66.38,0.18,85.18,24979.88,25.23,4998.6,22,0.19,0,NONE,425.88,3186.44,0.13,605.42,41.26,0,NORMAL,4661.77,0.0,CRITICAL,NORMAL
2026-09-09 17:43:49,MAITRI,-25.34,21.38,1002.86,56.33,207.06,74.81,0.21,85.18,24980.01,28.43,4998.6,33,0.22,0,NONE,425.88,3590.73,0.12,682.24,36.61,0,NORMAL,5253.23,0.0,CRITICAL,NORMAL
2026-09-09 17:43:49,BHARATI,-29.45,34.61,993.66,75.3,207.06,74.33,0.21,85.18,24979.84,28.24,4998.6,21,0.22,0,NONE,425.88,3567.69,0.12,677.86,36.85,0,NORMAL,5219.53,0.0,CRITICAL,NORMAL
2026-09-09 17:43:54,MAITRI,-26.55,30.48,997.61,75.4,207.06,70.08,0.19,85.18,24979.97,26.63,4998.6,18,0.2,0,NONE,425.88,3363.94,0.13,639.15,39.08,0,NORMAL,4921.45,0.0,CRITICAL,NORMAL
2026-09-09 17:43:54,BHARATI,-30.49,15.72,1013.39,65.55,207.06,73.01,0.2,85.18,24979.8,27.74,4998.6,15,0.21,0,NONE,425.88,3504.54,0.12,665.86,37.51,0,NORMAL,5127.15,0.0,CRITICAL,NORMAL
2026-09-09 17:43:59,MAITRI,-26.25,36.99,1007.57,74.66,207.06,68.97,0.19,85.18,24979.94,26.21,4998.59,16,0.2,0,NONE,425.88,3310.34,0.13,628.96,39.72,0,NORMAL,4843.03,0.0,CRITICAL,NORMAL
2026-09-09 17:43:59,BHARATI,-31.13,23.51,1011.49,61.48,207.06,73.68,0.2,85.18,24979.77,28.0,4998.59,15,0.21,0,NONE,425.88,3536.83,0.12,672.0,37.17,0,NORMAL,5174.38,0.0,CRITICAL,NORMAL
2026-09-09 17:44:04,MAITRI,-31.4,10.27,1001.99,51.04,207.06,75.97,0.21,85.18,24979.9,28.87,4998.59,20,0.22,0,NONE,425.88,3646.33,0.12,692.8,36.06,0,NORMAL,5334.58,0.0,CRITICAL,NORMAL
2026-09-09 17:44:04,BHARATI,-34.19,17.69,987.69,71.15,207.06,80.1,0.22,85.18,24979.72,30.44,4998.59,23,0.23,0,NONE,425.88,3844.63,0.11,730.48,34.2,0,NORMAL,5624.7,0.0,CRITICAL,NORMAL
2026-09-09 17:44:09,MAITRI,-26.94,32.09,1013.57,60.42,207.06,74.08,0.21,85.18,24979.86,28.15,4998.59,27,0.22,0,NONE,425.88,3556.0,0.12,675.64,36.97,0,NORMAL,5202.43,0.0,CRITICAL,NORMAL
2026-09-09 17:44:09,BHARATI,-18.32,17.86,992.75,54.72,207.06,67.04,0.19,85.18,24979.69,25.48,4998.59,32,0.2,0,NONE,425.88,3217.9,0.13,611.4,40.86,0,NORMAL,4707.79,0.0,CRITICAL,NORMAL
2026-09-09 17:44:14,MAITRI,-30.24,13.89,1004.84,57.75,207.06,76.76,0.21,85.18,24979.82,29.17,4998.59,25,0.22,0,NONE,425.88,3684.3,0.12,700.02,35.68,0,NORMAL,5390.13,0.0,CRITICAL,NORMAL
2026-09-09 17:44:14,BHARATI,-38.98,55.98,950.71,93.47,0.0,87.42,0.23,58.77,24979.64,33.22,4998.59,21,0.25,0,NONE,293.87,4047.57,0.07,797.27,31.33,70,CRITICAL,6138.98,0.0,CRITICAL,NORMAL
2026-09-09 17:44:19,MAITRI,-20.85,34.21,998.67,51.39,207.06,64.09,0.18,85.18,24979.78,24.35,4998.58,18,0.19,0,NONE,425.88,3076.23,0.14,584.48,42.74,0,NORMAL,4500.53,0.0,CRITICAL,NORMAL
2026-09-09 17:44:19,BHARATI,-31.47,40.23,1013.47,59.47,207.06,81.64,0.23,85.18,24979.6,31.02,4998.58,34,0.24,0,NONE,425.88,3918.78,0.11,744.57,33.55,0,NORMAL,5733.18,0.0,CRITICAL,NORMAL
2026-09-09 17:44:24,MAITRI,-24.25,33.85,1014.78,66.13,207.06,68.06,0.19,85.18,24979.75,25.86,4998.58,19,0.2,0,NONE,425.88,3267.09,0.13,620.75,40.24,0,NORMAL,4779.75,0.0,CRITICAL,NORMAL
2026-09-09 17:44:24,BHARATI,-15.32,40.91,1001.34,67.04,207.06,57.88,0.16,85.18,24979.57,22.0,4998.58,17,0.17,0,NONE,425.88,2778.43,0.15,527.9,47.32,0,NORMAL,4064.84,0.0,CRITICAL,NORMAL
2026-09-09 17:44:29,MAITRI,-22.44,23.47,1008.94,75.58,207.06,69.76,0.19,85.18,24979.71,26.51,4998.58,28,0.2,0,NONE,425.88,3348.46,0.13,636.21,39.26,0,NORMAL,4898.8,0.0,CRITICAL,NORMAL
2026-09-09 17:44:29,BHARATI,-44.8,68.4,961.95,87.51,0.0,98.11,0.25,55.57,24979.52,37.28,4998.58,19,0.26,0,ANOMALY_GENERATOR_OVERLOAD,277.83,4302.81,0.06,894.8,27.92,90,CRITICAL,6889.97,0.0,CRITICAL,NORMAL
2026-09-09 17:44:34,MAITRI,-23.34,24.7,1006.93,72.5,207.06,65.51,0.18,85.18,24979.67,24.89,4998.58,15,0.19,0,NONE,425.88,3144.34,0.14,597.42,41.81,0,NORMAL,4600.17,0.0,CRITICAL,NORMAL
2026-09-09 17:44:34,BHARATI,-32.73,14.74,987.7,74.7,207.06,79.37,0.22,85.18,24979.47,30.16,4998.57,25,0.23,0,NONE,425.88,3809.75,0.11,723.85,34.51,0,NORMAL,5573.67,0.0,CRITICAL,NORMAL
2026-09-09 17:44:39,MAITRI,-29.88,31.6,997.59,79.44,207.06,73.98,0.21,85.18,24979.64,28.11,4998.57,19,0.22,0,NONE,425.88,3550.93,0.12,674.68,37.02,0,NORMAL,5195.01,0.0,CRITICAL,NORMAL
2026-09-09 17:44:39,BHARATI,-27.03,12.72,999.54,63.75,207.06,70.99,0.2,85.18,24979.44,26.97,4998.57,19,0.21,0,NONE,425.88,3407.3,0.12,647.39,38.59,0,NORMAL,4984.87,0.0,CRITICAL,NORMAL
2026-09-09 17:44:44,MAITRI,-24.22,15.99,993.21,79.61,207.06,73.63,0.2,85.18,24979.6,27.98,4998.57,33,0.21,0,NONE,425.88,3534.26,0.12,671.51,37.2,0,NORMAL,5170.62,0.0,CRITICAL,NORMAL
2026-09-09 17:44:44,BHARATI,-41.79,57.52,961.45,87.5,0.0,97.96,0.24,55.61,24979.39,37.23,4998.57,18,0.25,0,ANOMALY_GENERATOR_OVERLOAD,278.05,4132.01,0.07,893.43,27.96,90,CRITICAL,6879.4,0.0,CRITICAL,NORMAL
2026-09-09 17:44:49,MAITRI,-19.39,14.5,1006.88,55.71,207.06,62.96,0.17,85.18,24979.56,23.92,4998.57,19,0.18,0,NONE,425.88,3021.89,0.14,574.16,43.51,0,NORMAL,4421.02,0.0,CRITICAL,NORMAL
2026-09-09 17:44:49,BHARATI,-39.17,39.92,991.72,75.3,207.06,97.23,0.24,85.18,24979.33,36.95,4998.57,25,0.25,0,ANOMALY_GENERATOR_OVERLOAD,425.88,4134.16,0.1,886.78,28.17,65,WARNING,6828.21,0.0,CRITICAL,NORMAL
2026-09-09 17:44:54,MAITRI,-37.38,45.05,979.2,85.78,207.06,92.26,0.23,85.18,24979.51,35.06,4998.57,25,0.25,0,ANOMALY_GENERATOR_OVERLOAD,425.88,4043.71,0.11,841.41,29.69,65,WARNING,6478.83,0.0,CRITICAL,NORMAL
2026-09-09 17:44:54,BHARATI,-26.76,12.63,988.08,79.31,207.06,73.1,0.2,85.18,24979.3,27.78,4998.56,25,0.21,0,NONE,425.88,3508.73,0.12,666.66,37.47,0,NORMAL,5133.28,0.0,CRITICAL,NORMAL
2026-09-09 17:44:59,MAITRI,-24.17,37.0,1001.25,55.06,207.06,71.18,0.2,85.18,24979.48,27.05,4998.56,27,0.21,0,NONE,425.88,3416.56,0.12,649.15,38.48,0,NORMAL,4998.43,0.0,CRITICAL,NORMAL
2026-09-09 17:44:59,BHARATI,-39.51,50.58,990.64,75.62,207.06,96.52,0.25,85.18,24979.24,36.68,4998.56,33,0.26,0,ANOMALY_GENERATOR_OVERLOAD,425.88,4305.06,0.1,880.23,28.38,65,WARNING,6777.8,0.0,CRITICAL,NORMAL
2026-09-09 17:45:04,MAITRI,-28.36,30.16,985.25,61.69,207.06,73.98,0.21,85.18,24979.44,28.11,4998.56,23,0.22,0,NONE,425.88,3551.07,0.12,674.7,37.02,0,NORMAL,5195.21,0.0,CRITICAL,NORMAL
2026-09-09 17:45:04,BHARATI,-15.22,44.96,998.84,68.2,207.06,58.58,0.16,85.18,24979.21,22.26,4998.56,19,0.17,0,NONE,425.88,2812.07,0.15,534.29,46.75,0,NORMAL,4114.06,0.0,CRITICAL,NORMAL
2026-09-09 17:45:09,MAITRI,-22.12,11.94,1000.47,55.46,207.06,69.83,0.19,85.18,24979.4,26.53,4998.56,29,0.2,0,NONE,425.88,3351.73,0.13,636.83,39.22,0,NORMAL,4903.57,0.0,CRITICAL,NORMAL
2026-09-09 17:45:09,BHARATI,-36.96,53.47,978.78,77.05,207.06,93.53,0.23,85.18,24979.16,35.54,4998.56,23,0.24,0,ANOMALY_GENERATOR_OVERLOAD,425.88,3984.58,0.11,853.0,29.28,65,WARNING,6568.12,0.0,CRITICAL,NORMAL
2026-09-09 17:45:14,MAITRI,-16.87,31.88,1009.76,55.17,207.06,64.71,0.18,85.18,24979.37,24.59,4998.55,30,0.19,0,NONE,425.88,3106.2,0.14,590.18,42.33,0,NORMAL,4544.36,0.0,CRITICAL,NORMAL
2026-09-09 17:45:14,BHARATI,-19.0,39.42,986.99,76.09,207.06,63.35,0.18,85.18,24979.13,24.07,4998.55,21,0.18,0,NONE,425.88,3040.71,0.14,577.74,43.24,0,NORMAL,4448.56,0.0,CRITICAL,NORMAL
2026-09-09 17:45:19,MAITRI,-34.05,36.46,986.59,54.09,207.06,76.76,0.21,85.18,24979.33,29.17,4998.55,15,0.22,0,NONE,425.88,3684.36,0.12,700.03,35.68,0,NORMAL,5390.22,0.0,CRITICAL,NORMAL
2026-09-09 17:45:19,BHARATI,-23.93,42.98,988.66,70.24,207.06,67.73,0.19,85.18,24979.1,25.74,4998.55,19,0.2,0,NONE,425.88,3250.83,0.13,617.66,40.44,0,NORMAL,4755.96,0.0,CRITICAL,NORMAL
2026-09-09 17:45:24,MAITRI,-32.25,10.28,988.02,71.32,207.06,77.27,0.21,85.18,24979.29,29.36,4998.55,21,0.23,0,NONE,425.88,3708.84,0.11,704.68,35.45,0,NORMAL,5426.04,0.0,CRITICAL,NORMAL
2026-09-09 17:45:24,BHARATI,-28.22,22.9,997.0,67.06,207.06,74.63,0.21,85.18,24979.06,28.36,4998.55,25,0.22,0,NONE,425.88,3582.34,0.12,680.64,36.7,0,NORMAL,5240.96,0.0,CRITICAL,NORMAL
2026-09-09 17:45:29,MAITRI,-32.9,16.0,992.92,66.86,207.06,76.34,0.21,85.18,24979.25,29.01,4998.55,17,0.22,0,NONE,425.88,3664.41,0.12,696.24,35.88,0,NORMAL,5361.03,0.0,CRITICAL,NORMAL
2026-09-09 17:45:29,BHARATI,-19.25,36.86,1004.86,52.25,207.06,64.81,0.18,85.18,24979.02,24.63,4998.55,24,0.19,0,NONE,425.88,3111.1,0.14,591.11,42.26,0,NORMAL,4551.53,0.0,CRITICAL,NORMAL
2026-09-09 17:45:35,MAITRI,-25.13,33.16,1001.88,72.06,207.06,68.99,0.19,85.18,24979.21,26.21,4998.55,19,0.2,0,NONE,425.88,3311.34,0.13,629.15,39.7,0,NORMAL,4844.49,0.0,CRITICAL,NORMAL
2026-09-09 17:45:35,BHARATI,-15.74,39.68,987.31,52.82,207.06,59.93,0.17,85.18,24978.99,22.77,4998.54,21,0.17,0,NONE,425.88,2876.59,0.15,546.55,45.7,0,NORMAL,4208.45,0.0,CRITICAL,NORMAL
2026-09-09 17:45:40,MAITRI,-16.95,11.19,995.05,67.37,207.06,64.4,0.18,85.18,24979.18,24.47,4998.54,29,0.19,0,NONE,425.88,3090.98,0.14,587.29,42.53,0,NORMAL,4522.11,0.0,CRITICAL,NORMAL
2026-09-09 17:45:40,BHARATI,-38.25,36.58,988.85,88.24,207.06,94.88,0.24,85.18,24978.94,36.05,4998.54,30,0.25,0,ANOMALY_GENERATOR_OVERLOAD,425.88,4183.73,0.1,865.32,28.87,65,WARNING,6662.96,0.0,CRITICAL,NORMAL
2026-09-09 17:45:45,MAITRI,-15.67,23.19,1010.12,51.61,207.06,61.86,0.17,85.18,24979.14,23.51,4998.54,26,0.18,0,NONE,425.88,2969.16,0.14,564.14,44.28,0,NORMAL,4343.88,0.0,CRITICAL,NORMAL
2026-09-09 17:45:45,BHARATI,-32.16,52.46,974.49,85.28,207.06,94.07,0.22,85.18,24978.89,35.75,4998.54,24,0.23,0,ANOMALY_GENERATOR_OVERLOAD,425.88,3761.91,0.11,857.92,29.12,55,WARNING,6605.98,0.0,CRITICAL,NORMAL
2026-09-09 17:45:50,MAITRI,-20.55,53.54,980.46,73.76,207.06,94.2,0.18,85.18,24979.09,35.8,4998.54,24,0.19,0,ANOMALY_GENERATOR_OVERLOAD,425.88,3176.64,0.13,859.1,29.08,55,WARNING,6615.06,0.0,CRITICAL,NORMAL
2026-09-09 17:45:50,BHARATI,-16.35,34.78,992.39,55.27,207.06,58.17,0.16,85.18,24978.86,22.1,4998.54,15,0.17,0,NONE,425.88,2792.06,0.15,530.49,47.09,0,NORMAL,4084.78,0.0,CRITICAL,NORMAL
2026-09-09 17:45:55,MAITRI,-28.48,24.04,989.99,57.11,207.06,77.7,0.22,85.18,24979.05,29.53,4998.53,32,0.23,0,NONE,425.88,3729.59,0.11,708.62,35.25,0,NORMAL,5456.4,0.0,CRITICAL,NORMAL
2026-09-09 17:45:55,BHARATI,-16.69,39.45,1009.6,58.89,207.06,64.53,0.18,85.18,24978.83,24.52,4998.53,30,0.19,0,NONE,425.88,3097.39,0.14,588.5,42.44,0,NORMAL,4531.49,0.0,CRITICAL,NORMAL
2026-09-09 17:46:00,MAITRI,-25.97,41.23,987.2,51.08,207.06,72.67,0.2,85.18,24979.01,27.61,4998.53,26,0.21,0,NONE,425.88,3487.95,0.12,662.71,37.69,0,NORMAL,5102.87,0.0,CRITICAL,NORMAL
2026-09-09 17:46:00,BHARATI,-33.7,44.24,1007.37,68.49,207.06,83.99,0.23,85.18,24978.78,31.92,4998.53,34,0.24,0,NONE,425.88,4031.39,0.11,765.96,32.61,0,NORMAL,5897.92,0.0,CRITICAL,NORMAL
2026-09-09 17:46:05,MAITRI,-23.7,53.65,987.14,81.62,207.06,98.35,0.2,85.18,24978.96,37.37,4998.53,29,0.21,0,ANOMALY_GENERATOR_OVERLOAD,425.88,3431.28,0.12,896.98,27.85,55,WARNING,6906.78,0.0,CRITICAL,NORMAL
2026-09-09 17:46:05,BHARATI,-44.2,75.87,964.76,94.55,0.0,98.56,0.26,55.43,24978.73,37.45,4998.52,34,0.28,0,ANOMALY_GENERATOR_OVERLOAD,277.16,4560.61,0.06,898.87,27.79,90,CRITICAL,6921.29,0.0,CRITICAL,NORMAL
2026-09-09 17:46:10,MAITRI,-22.61,36.45,999.71,72.74,207.06,67.14,0.19,85.18,24978.93,25.51,4998.52,21,0.2,0,NONE,425.88,3222.7,0.13,612.31,40.79,0,NORMAL,4714.81,0.0,CRITICAL,NORMAL
2026-09-09 17:46:10,BHARATI,-16.16,16.11,1009.56,56.08,207.06,63.17,0.18,85.18,24978.7,24.0,4998.52,28,0.18,0,NONE,425.88,3031.96,0.14,576.07,43.36,0,NORMAL,4435.75,0.0,CRITICAL,NORMAL
2026-09-09 17:46:15,MAITRI,-18.71,12.16,989.4,50.72,207.06,67.84,0.19,85.18,24978.89,25.78,4998.52,33,0.2,0,NONE,425.88,3256.35,0.13,618.71,40.37,0,NORMAL,4764.04,0.0,CRITICAL,NORMAL
2026-09-09 17:46:15,BHARATI,-22.12,30.19,996.26,62.07,207.06,69.82,0.19,85.18,24978.66,26.53,4998.52,29,0.2,0,NONE,425.88,3351.5,0.13,636.79,39.23,0,NORMAL,4903.25,0.0,CRITICAL,NORMAL
2026-09-09 17:46:20,MAITRI,-19.96,37.12,994.98,65.38,207.06,67.56,0.19,85.18,24978.85,25.67,4998.52,29,0.2,0,NONE,425.88,3242.8,0.13,616.13,40.54,0,NORMAL,4744.22,0.0,CRITICAL,NORMAL
2026-09-09 17:46:20,BHARATI,-24.94,44.47,994.1,65.82,207.06,74.39,0.21,85.18,24978.62,28.27,4998.51,33,0.22,0,NONE,425.88,3570.71,0.12,678.44,36.82,0,NORMAL,5223.95,0.0,CRITICAL,NORMAL
2026-09-09 17:46:25,MAITRI,-23.9,29.91,1006.68,74.92,207.06,70.5,0.2,85.18,24978.82,26.79,4998.51,26,0.21,0,NONE,425.88,3383.91,0.13,642.94,38.85,0,NORMAL,4950.66,0.0,CRITICAL,NORMAL
2026-09-09 17:46:25,BHARATI,-34.24,25.38,1007.06,74.34,207.06,79.75,0.22,85.18,24978.58,30.3,4998.51,22,0.23,0,NONE,425.88,3827.9,0.11,727.3,34.34,0,NORMAL,5600.21,0.0,CRITICAL,NORMAL
2026-09-09 17:46:30,MAITRI,-27.25,20.69,995.75,68.52,207.06,74.81,0.21,85.18,24978.78,28.43,4998.51,28,0.22,0,NONE,425.88,3591.05,0.12,682.3,36.61,0,NORMAL,5253.71,0.0,CRITICAL,NORMAL
2026-09-09 17:46:30,BHARATI,-27.91,24.13,1005.37,62.63,207.06,75.5,0.21,85.18,24978.54,28.69,4998.51,28,0.22,0,NONE,425.88,3624.07,0.12,688.57,36.28,0,NORMAL,5302.01,0.0,CRITICAL,NORMAL
2026-09-09 17:46:35,MAITRI,-32.41,42.68,1009.17,78.42,207.06,81.43,0.23,85.18,24978.74,30.95,4998.51,31,0.24,0,NONE,425.88,3908.85,0.11,742.68,33.63,0,NORMAL,5718.65,0.0,CRITICAL,NORMAL
2026-09-09 17:46:35,BHARATI,-29.35,42.95,1011.74,75.88,207.06,75.02,0.21,85.18,24978.5,28.51,4998.5,23,0.22,0,NONE,425.88,3601.05,0.12,684.2,36.51,0,NORMAL,5268.33,0.0,CRITICAL,NORMAL
2026-09-09 17:46:40,MAITRI,-19.11,24.17,1001.68,79.79,207.06,64.27,0.18,85.18,24978.7,24.42,4998.5,23,0.19,0,NONE,425.88,3084.9,0.14,586.13,42.62,0,NORMAL,4513.21,0.0,CRITICAL,NORMAL
2026-09-09 17:46:40,BHARATI,-23.59,20.91,1011.91,60.84,207.06,68.97,0.19,85.18,24978.46,26.21,4998.5,23,0.2,0,NONE,425.88,3310.34,0.13,628.96,39.71,0,NORMAL,4843.02,0.0,CRITICAL,NORMAL
2026-09-09 17:46:45,MAITRI,-25.75,10.05,997.56,54.45,207.06,70.44,0.2,85.18,24978.66,26.77,4998.5,21,0.21,0,NONE,425.88,3380.9,0.13,642.37,38.89,0,NORMAL,4946.26,0.0,CRITICAL,NORMAL
2026-09-09 17:46:45,BHARATI,-19.76,29.62,1000.84,52.54,207.06,62.95,0.17,85.18,24978.43,23.92,4998.5,18,0.18,0,NONE,425.88,3021.56,0.14,574.1,43.51,0,NORMAL,4420.54,0.0,CRITICAL,NORMAL
2026-09-09 17:46:50,MAITRI,-16.77,11.69,989.27,71.13,207.06,61.41,0.17,85.18,24978.63,23.34,4998.5,22,0.18,0,NONE,425.88,2947.83,0.14,560.09,44.6,0,NORMAL,4312.68,0.0,CRITICAL,NORMAL
2026-09-09 17:46:50,BHARATI,-32.72,28.88,1014.98,60.19,207.06,82.15,0.23,85.18,24978.39,31.22,4998.5,32,0.24,0,NONE,425.88,3943.44,0.11,749.25,33.34,0,NORMAL,5769.25,0.0,CRITICAL,NORMAL
2026-09-09 17:46:55,MAITRI,-26.96,38.33,988.6,72.78,207.06,93.94,0.21,85.18,24978.58,35.7,4998.5,29,0.22,0,ANOMALY_GENERATOR_OVERLOAD,425.88,3595.51,0.12,856.73,29.16,55,WARNING,6596.79,0.0,CRITICAL,NORMAL
2026-09-09 17:46:55,BHARATI,-16.06,32.81,1011.67,79.91,207.06,59.86,0.17,85.18,24978.35,22.75,4998.49,20,0.17,0,NONE,425.88,2873.5,0.15,545.96,45.75,0,NORMAL,4203.92,0.0,CRITICAL,NORMAL
2026-09-09 17:47:00,MAITRI,-27.84,35.15,1013.18,72.64,207.06,75.43,0.21,85.18,24978.54,28.66,4998.49,28,0.22,0,NONE,425.88,3620.49,0.12,687.89,36.31,0,NORMAL,5296.77,0.0,CRITICAL,NORMAL
2026-09-09 17:47:00,BHARATI,-34.11,41.15,994.66,70.17,207.06,78.42,0.22,85.18,24978.31,29.8,4998.49,19,0.23,0,NONE,425.88,3764.1,0.11,715.18,34.93,0,NORMAL,5506.88,0.0,CRITICAL,NORMAL
2026-09-09 17:47:05,MAITRI,-30.02,33.05,989.98,76.23,207.06,76.12,0.21,85.18,24978.5,28.93,4998.49,24,0.22,0,NONE,425.88,3653.96,0.12,694.25,35.98,0,NORMAL,5345.74,0.0,CRITICAL,NORMAL
2026-09-09 17:47:05,BHARATI,-25.15,30.04,993.74,74.85,207.06,70.21,0.2,85.18,24978.28,26.68,4998.49,22,0.2,0,NONE,425.88,3370.0,0.13,640.3,39.01,0,NORMAL,4930.31,0.0,CRITICAL,NORMAL
2026-09-09 17:47:10,MAITRI,-36.68,51.16,977.87,81.43,207.06,98.71,0.24,85.18,24978.45,37.51,4998.49,29,0.25,0,ANOMALY_GENERATOR_OVERLOAD,425.88,4085.61,0.1,900.22,27.75,65,WARNING,6931.7,0.0,CRITICAL,NORMAL
2026-09-09 17:47:10,BHARATI,-32.28,10.78,1004.53,51.05,207.06,76.1,0.21,85.18,24978.24,28.92,4998.49,18,0.22,0,NONE,425.88,3652.76,0.12,694.02,35.99,0,NORMAL,5343.99,0.0,CRITICAL,NORMAL
2026-09-09 17:47:15,MAITRI,-36.53,43.03,992.85,83.72,207.06,92.5,0.22,85.18,24978.4,35.15,4998.48,19,0.24,0,ANOMALY_GENERATOR_OVERLOAD,425.88,3885.72,0.11,843.6,29.61,65,WARNING,6495.75,0.0,CRITICAL,NORMAL
2026-09-09 17:47:15,BHARATI,-37.03,67.89,972.73,85.76,0.0,87.63,0.22,58.71,24978.19,33.3,4998.49,17,0.24,0,NONE,293.56,3872.81,0.08,799.16,31.26,70,CRITICAL,6153.55,0.0,CRITICAL,NORMAL
2026-09-09 17:47:20,MAITRI,-25.48,29.66,1004.76,63.81,207.06,68.56,0.19,85.18,24978.37,26.05,4998.48,17,0.2,0,NONE,425.88,3290.81,0.13,625.25,39.95,0,NORMAL,4814.45,0.0,CRITICAL,NORMAL
2026-09-09 17:47:20,BHARATI,-15.05,18.48,996.72,67.05,207.06,63.2,0.18,85.18,24978.16,24.02,4998.48,31,0.18,0,NONE,425.88,3033.51,0.14,576.37,43.34,0,NORMAL,4438.03,0.0,CRITICAL,NORMAL
2026-09-09 17:47:25,MAITRI,-27.63,42.93,997.96,65.56,207.06,73.62,0.2,85.18,24978.33,27.97,4998.48,24,0.21,0,NONE,425.88,3533.56,0.12,671.38,37.2,0,NORMAL,5169.59,0.0,CRITICAL,NORMAL
2026-09-09 17:47:25,BHARATI,-29.61,31.91,986.34,54.63,207.06,79.29,0.22,85.18,24978.11,30.13,4998.48,33,0.23,0,NONE,425.88,3805.84,0.11,723.11,34.54,0,NORMAL,5567.94,0.0,CRITICAL,NORMAL
2026-09-09 17:47:30,MAITRI,-30.24,44.89,1011.88,57.3,207.06,75.56,0.21,85.18,24978.29,28.71,4998.48,22,0.22,0,NONE,425.88,3626.72,0.12,689.08,36.25,0,NORMAL,5305.9,0.0,CRITICAL,NORMAL
2026-09-09 17:47:30,BHARATI,-18.56,10.15,1000.01,64.87,207.06,65.29,0.18,85.18,24978.08,24.81,4998.47,27,0.19,0,NONE,425.88,3133.94,0.14,595.45,41.95,0,NORMAL,4584.96,0.0,CRITICAL,NORMAL
2026-09-09 17:47:35,MAITRI,-33.9,41.42,995.54,65.58,207.06,78.2,0.22,85.18,24978.25,29.72,4998.47,19,0.23,0,NONE,425.88,3753.47,0.11,713.16,35.02,0,NORMAL,5491.33,0.0,CRITICAL,NORMAL
2026-09-09 17:47:35,BHARATI,-33.84,44.0,999.39,66.99,207.06,83.73,0.23,85.18,24978.04,31.82,4998.47,33,0.24,0,NONE,425.88,4018.9,0.11,763.59,32.71,0,NORMAL,5879.66,0.0,CRITICAL,NORMAL
2026-09-09 17:47:40,MAITRI,-21.74,21.75,1006.29,67.8,207.06,71.42,0.2,85.18,24978.21,27.14,4998.47,34,0.21,0,NONE,425.88,3428.28,0.12,651.37,38.35,0,NORMAL,5015.57,0.0,CRITICAL,NORMAL
2026-09-09 17:47:40,BHARATI,-29.21,19.66,1014.89,72.68,207.06,78.88,0.22,85.18,24977.99,29.97,4998.47,33,0.23,0,NONE,425.88,3786.01,0.11,719.34,34.72,0,NORMAL,5538.93,0.0,CRITICAL,NORMAL
2026-09-09 17:47:45,MAITRI,-27.68,40.99,986.48,68.88,207.06,70.86,0.2,85.18,24978.17,26.93,4998.47,17,0.21,0,NONE,425.88,3401.26,0.13,646.24,38.65,0,NORMAL,4976.04,0.0,CRITICAL,NORMAL
2026-09-09 17:47:45,BHARATI,-32.9,16.77,1001.29,78.9,207.06,80.34,0.22,85.18,24977.95,30.53,4998.46,27,0.23,0,NONE,425.88,3856.51,0.11,732.74,34.09,0,NORMAL,5642.07,0.0,CRITICAL,NORMAL
2026-09-09 17:47:50,MAITRI,-24.89,41.49,1005.91,54.64,207.06,67.93,0.19,85.18,24978.13,25.81,4998.47,17,0.2,0,NONE,425.88,3260.76,0.13,619.54,40.32,0,NORMAL,4770.49,0.0,CRITICAL,NORMAL
2026-09-09 17:47:50,BHARATI,-26.48,25.19,992.79,77.24,207.06,73.21,0.2,85.18,24977.91,27.82,4998.46,26,0.21,0,NONE,425.88,3513.84,0.12,667.63,37.41,0,NORMAL,5140.75,0.0,CRITICAL,NORMAL
2026-09-09 17:47:55,MAITRI,-32.62,31.47,1007.1,75.52,207.06,81.25,0.23,85.18,24978.09,30.87,4998.46,30,0.24,0,NONE,425.88,3899.91,0.11,740.98,33.71,0,NORMAL,5705.56,0.0,CRITICAL,NORMAL
2026-09-09 17:47:55,BHARATI,-26.05,24.9,1003.02,61.36,207.06,69.95,0.19,85.18,24977.88,26.58,4998.46,19,0.2,0,NONE,425.88,3357.51,0.13,637.93,39.15,0,NORMAL,4912.03,0.0,CRITICAL,NORMAL
2026-09-09 17:48:00,MAITRI,-21.04,41.66,1002.4,59.84,207.06,65.09,0.18,85.18,24978.06,24.73,4998.46,20,0.19,0,NONE,425.88,3124.34,0.14,593.62,42.08,0,NORMAL,4570.91,0.0,CRITICAL,NORMAL
2026-09-09 17:48:00,BHARATI,-17.18,13.34,991.28,70.51,207.06,63.04,0.18,85.18,24977.84,23.96,4998.46,25,0.18,0,NONE,425.88,3026.06,0.14,574.95,43.44,0,NORMAL,4427.13,0.0,CRITICAL,NORMAL
2026-09-09 17:48:05,MAITRI,-19.95,12.77,992.51,71.04,207.06,61.95,0.17,85.18,24978.02,23.54,4998.46,15,0.18,0,NONE,425.88,2973.38,0.14,564.94,44.21,0,NORMAL,4350.06,0.0,CRITICAL,NORMAL
2026-09-09 17:48:05,BHARATI,-20.19,44.93,1001.53,77.75,207.06,65.8,0.18,85.18,24977.81,25.0,4998.45,24,0.19,0,NONE,425.88,3158.46,0.13,600.11,41.62,0,NORMAL,4620.82,0.0,CRITICAL,NORMAL
2026-09-09 17:48:10,MAITRI,-29.46,15.79,1008.11,64.64,207.06,73.93,0.21,85.18,24977.99,28.09,4998.46,20,0.22,0,NONE,425.88,3548.81,0.12,674.27,37.04,0,NORMAL,5191.91,0.0,CRITICAL,NORMAL
2026-09-09 17:48:10,BHARATI,-24.15,40.71,1013.11,56.25,207.06,71.16,0.2,85.18,24977.77,27.04,4998.45,27,0.21,0,NONE,425.88,3415.6,0.12,648.96,38.49,0,NORMAL,4997.02,0.0,CRITICAL,NORMAL
2026-09-09 17:48:15,MAITRI,-26.33,38.12,1010.93,56.63,207.06,69.05,0.19,85.18,24977.95,26.24,4998.46,16,0.2,0,NONE,425.88,3314.2,0.13,629.7,39.67,0,NORMAL,4848.67,0.0,CRITICAL,NORMAL
2026-09-09 17:48:15,BHARATI,-34.36,20.87,994.16,77.62,207.06,83.08,0.23,85.18,24977.73,31.57,4998.45,30,0.24,0,NONE,425.88,3987.95,0.11,757.71,32.96,0,NORMAL,5834.37,0.0,CRITICAL,NORMAL
2026-09-09 17:48:20,MAITRI,-17.8,22.62,985.74,69.73,207.06,66.09,0.18,85.18,24977.91,25.11,4998.45,31,0.19,0,NONE,425.88,3172.17,0.13,602.71,41.44,0,NORMAL,4640.88,0.0,CRITICAL,NORMAL
2026-09-09 17:48:20,BHARATI,-32.73,43.41,970.63,80.03,207.06,98.91,0.21,85.18,24977.67,37.58,4998.44,19,0.22,0,ANOMALY_GENERATOR_OVERLOAD,425.88,3694.36,0.12,902.03,27.69,55,WARNING,6945.6,0.0,CRITICAL,NORMAL
2026-09-09 17:48:25,MAITRI,-30.69,33.83,994.65,79.85,207.06,78.82,0.22,85.18,24977.87,29.95,4998.45,29,0.23,0,NONE,425.88,3783.33,0.11,718.83,34.75,0,NORMAL,5535.02,0.0,CRITICAL,NORMAL
2026-09-09 17:48:25,BHARATI,-41.22,70.2,955.12,88.54,0.0,93.67,0.24,56.9,24977.62,35.59,4998.44,23,0.26,0,ANOMALY_GENERATOR_OVERLOAD,284.49,4198.99,0.07,854.27,29.24,90,CRITICAL,6577.91,0.0,CRITICAL,NORMAL
2026-09-09 17:48:30,MAITRI,-22.89,37.69,1006.66,59.74,207.06,68.24,0.19,85.18,24977.84,25.93,4998.45,23,0.2,0,NONE,425.88,3275.49,0.13,622.34,40.14,0,NORMAL,4792.03,0.0,CRITICAL,NORMAL
2026-09-09 17:48:30,BHARATI,-30.51,25.49,996.73,55.45,207.06,74.63,0.21,85.18,24977.59,28.36,4998.44,19,0.22,0,NONE,425.88,3582.39,0.12,680.65,36.7,0,NORMAL,5241.03,0.0,CRITICAL,NORMAL
2026-09-09 17:48:35,MAITRI,-20.2,44.51,1010.06,55.27,207.06,66.21,0.18,85.18,24977.8,25.16,4998.44,25,0.19,0,NONE,425.88,3178.02,0.13,603.82,41.37,0,NORMAL,4649.45,0.0,CRITICAL,NORMAL
2026-09-09 17:48:35,BHARATI,-29.62,31.86,988.73,59.82,207.06,75.3,0.21,85.18,24977.55,28.62,4998.44,23,0.22,0,NONE,425.88,3614.58,0.12,686.77,36.37,0,NORMAL,5288.13,0.0,CRITICAL,NORMAL
2026-09-09 17:48:40,MAITRI,-34.67,31.23,1009.38,79.96,207.06,85.01,0.24,85.18,24977.76,32.3,4998.44,34,0.25,0,NONE,425.88,4080.31,0.1,775.26,32.22,0,NORMAL,5969.49,0.0,CRITICAL,NORMAL
2026-09-09 17:48:40,BHARATI,-18.46,22.19,996.28,58.9,207.06,63.18,0.18,85.18,24977.51,24.01,4998.43,22,0.18,0,NONE,425.88,3032.66,0.14,576.21,43.35,0,NORMAL,4436.78,0.0,CRITICAL,NORMAL
2026-09-09 17:48:45,MAITRI,-31.31,43.41,976.3,71.02,207.06,92.82,0.23,85.18,24977.71,35.27,4998.44,33,0.24,0,ANOMALY_GENERATOR_OVERLOAD,425.88,3891.58,0.11,846.56,29.5,55,WARNING,6518.51,0.0,CRITICAL,NORMAL
2026-09-09 17:48:45,BHARATI,-42.05,62.35,950.98,94.01,0.0,89.71,0.24,58.09,24977.46,34.09,4998.43,20,0.25,0,NONE,290.44,4183.25,0.07,818.15,30.53,70,CRITICAL,6299.75,0.0,CRITICAL,NORMAL
2026-09-09 17:48:50,MAITRI,-18.04,27.99,1011.97,75.49,207.06,67.54,0.19,85.18,24977.67,25.67,4998.43,34,0.2,0,NONE,425.88,3242.09,0.13,616.0,40.55,0,NORMAL,4743.18,0.0,CRITICAL,NORMAL
2026-09-09 17:48:50,BHARATI,-43.62,71.49,958.48,86.44,0.0,88.41,0.24,58.48,24977.42,33.6,4998.43,15,0.25,0,NONE,292.38,4166.39,0.07,806.3,30.98,70,CRITICAL,6208.52,0.0,CRITICAL,NORMAL
2026-09-09 17:48:56,MAITRI,-31.21,16.07,989.77,62.62,207.06,77.78,0.22,85.18,24977.63,29.55,4998.43,25,0.23,0,NONE,425.88,3733.2,0.11,709.31,35.21,0,NORMAL,5461.68,0.0,CRITICAL,NORMAL
2026-09-09 17:48:56,BHARATI,-24.67,39.2,989.33,72.25,207.06,72.11,0.2,85.18,24977.38,27.4,4998.43,28,0.21,0,NONE,425.88,3461.2,0.12,657.63,37.98,0,NORMAL,5063.74,0.0,CRITICAL,NORMAL
2026-09-09 17:49:01,MAITRI,-31.13,15.05,1004.7,62.36,207.06,81.29,0.23,85.18,24977.59,30.89,4998.42,34,0.24,0,NONE,425.88,3901.95,0.11,741.37,33.69,0,NORMAL,5708.55,0.0,CRITICAL,NORMAL
2026-09-09 17:49:01,BHARATI,-26.59,34.78,998.53,55.4,207.06,75.32,0.21,85.18,24977.34,28.62,4998.42,31,0.22,0,NONE,425.88,3615.3,0.12,686.91,36.36,0,NORMAL,5289.18,0.0,CRITICAL,NORMAL
2026-09-09 17:49:06,MAITRI,-19.04,42.97,995.7,59.79,207.06,68.19,0.19,85.18,24977.55,25.91,4998.42,33,0.2,0,NONE,425.88,3273.09,0.13,621.89,40.16,0,NORMAL,4788.53,0.0,CRITICAL,NORMAL
2026-09-09 17:49:06,BHARATI,-32.87,30.2,988.43,63.85,207.06,77.11,0.21,85.18,24977.3,29.3,4998.42,19,0.22,0,NONE,425.88,3701.4,0.12,703.27,35.52,0,NORMAL,5415.14,0.0,CRITICAL,NORMAL
2026-09-09 17:49:11,MAITRI,-24.02,14.86,1007.88,53.1,207.06,72.22,0.2,85.18,24977.51,27.44,4998.42,30,0.21,0,NONE,425.88,3466.68,0.12,658.67,37.92,0,NORMAL,5071.75,0.0,CRITICAL,NORMAL
2026-09-09 17:49:11,BHARATI,-30.19,30.42,1014.36,61.97,207.06,77.5,0.22,85.18,24977.26,29.45,4998.42,27,0.23,0,NONE,425.88,3719.96,0.11,706.79,35.34,0,NORMAL,5442.3,0.0,CRITICAL,NORMAL
2026-09-09 17:49:16,MAITRI,-22.18,41.8,999.53,66.2,207.06,70.69,0.2,85.18,24977.48,26.86,4998.41,31,0.21,0,NONE,425.88,3393.03,0.13,644.68,38.74,0,NORMAL,4964.01,0.0,CRITICAL,NORMAL
2026-09-09 17:49:16,BHARATI,-31.73,26.47,999.08,61.96,207.06,81.12,0.23,85.18,24977.22,30.83,4998.41,32,0.24,0,NONE,425.88,3893.8,0.11,739.82,33.76,0,NORMAL,5696.63,0.0,CRITICAL,NORMAL
2026-09-09 17:49:21,MAITRI,-31.47,27.21,1009.2,55.18,207.06,74.84,0.21,85.18,24977.44,28.44,4998.41,17,0.22,0,NONE,425.88,3592.25,0.12,682.53,36.6,0,NORMAL,5255.46,0.0,CRITICAL,NORMAL
2026-09-09 17:49:21,BHARATI,-23.18,56.92,983.34,73.6,207.06,94.98,0.2,85.18,24977.17,36.09,4998.41,34,0.21,0,ANOMALY_GENERATOR_OVERLOAD,425.88,3500.95,0.12,866.18,28.84,55,WARNING,6669.57,0.0,CRITICAL,NORMAL
2026-09-09 17:49:26,MAITRI,-29.36,26.08,1008.18,65.34,207.06,75.83,0.21,85.18,24977.4,28.81,4998.41,25,0.22,0,NONE,425.88,3639.69,0.12,691.54,36.12,0,NORMAL,5324.87,0.0,CRITICAL,NORMAL
2026-09-09 17:49:26,BHARATI,-20.31,41.66,981.98,89.55,207.06,93.81,0.18,85.18,24977.12,35.65,4998.41,25,0.19,0,ANOMALY_GENERATOR_OVERLOAD,425.88,3183.57,0.13,855.56,29.19,55,WARNING,6587.79,0.0,CRITICAL,NORMAL
2026-09-09 17:49:31,MAITRI,-20.62,15.74,985.92,75.02,207.06,67.05,0.19,85.18,24977.36,25.48,4998.41,26,0.2,0,NONE,425.88,3218.46,0.13,611.51,40.85,0,NORMAL,4708.61,0.0,CRITICAL,NORMAL
2026-09-09 17:49:31,BHARATI,-29.07,50.81,984.09,79.25,207.06,94.03,0.2,85.18,24977.07,35.73,4998.41,17,0.21,0,ANOMALY_GENERATOR_OVERLOAD,425.88,3471.4,0.12,857.58,29.12,55,WARNING,6603.39,0.0,CRITICAL,NORMAL
2026-09-09 17:49:36,MAITRI,-23.88,16.47,1001.88,75.53,207.06,73.67,0.2,85.18,24977.32,27.99,4998.4,34,0.21,0,NONE,425.88,3536.2,0.12,671.88,37.18,0,NORMAL,5173.46,0.0,CRITICAL,NORMAL
2026-09-09 17:49:36,BHARATI,-25.18,35.89,1011.09,52.84,207.06,72.24,0.2,85.18,24977.03,27.45,4998.4,27,0.21,0,NONE,425.88,3467.37,0.12,658.8,37.91,0,NORMAL,5072.77,0.0,CRITICAL,NORMAL
2026-09-09 17:49:41,MAITRI,-23.41,29.81,997.96,56.54,207.06,65.58,0.18,85.18,24977.29,24.92,4998.4,15,0.19,0,NONE,425.88,3147.69,0.14,598.06,41.76,0,NORMAL,4605.08,0.0,CRITICAL,NORMAL
2026-09-09 17:49:41,BHARATI,-27.95,22.18,992.63,70.06,207.06,74.75,0.21,85.18,24976.99,28.41,4998.4,26,0.22,0,NONE,425.88,3588.13,0.12,681.74,36.64,0,NORMAL,5249.43,0.0,CRITICAL,NORMAL
2026-09-09 17:49:46,MAITRI,-20.9,23.16,991.21,67.65,207.06,66.55,0.18,85.18,24977.25,25.29,4998.4,24,0.19,0,NONE,425.88,3194.3,0.13,606.92,41.15,0,NORMAL,4673.26,0.0,CRITICAL,NORMAL
2026-09-09 17:49:46,BHARATI,-24.55,44.52,970.33,82.74,207.06,93.08,0.19,85.18,24976.94,35.37,4998.4,20,0.2,0,ANOMALY_GENERATOR_OVERLOAD,425.88,3301.18,0.13,848.87,29.42,55,WARNING,6536.27,0.0,CRITICAL,NORMAL
2026-09-09 17:49:51,MAITRI,-20.51,20.46,997.09,77.29,207.06,68.93,0.19,85.18,24977.22,26.2,4998.39,31,0.2,0,NONE,425.88,3308.85,0.13,628.68,39.73,0,NORMAL,4840.85,0.0,CRITICAL,NORMAL
2026-09-09 17:49:51,BHARATI,-34.55,20.19,1009.91,57.44,207.06,82.08,0.23,85.18,24976.9,31.19,4998.39,27,0.24,0,NONE,425.88,3939.68,0.11,748.54,33.37,0,NORMAL,5763.75,0.0,CRITICAL,NORMAL
2026-09-09 17:49:56,MAITRI,-21.39,11.84,994.23,66.25,207.06,67.46,0.19,85.18,24977.18,25.63,4998.39,25,0.2,0,NONE,425.88,3238.04,0.13,615.23,40.6,0,NORMAL,4737.25,0.0,CRITICAL,NORMAL
2026-09-09 17:49:56,BHARATI,-21.63,13.51,991.43,70.43,207.06,70.11,0.19,85.18,24976.86,26.64,4998.39,31,0.2,0,NONE,425.88,3365.43,0.13,639.43,39.06,0,NORMAL,4923.62,0.0,CRITICAL,NORMAL
2026-09-09 17:50:01,MAITRI,-25.95,14.12,994.74,57.58,207.06,74.65,0.21,85.18,24977.14,28.37,4998.39,31,0.22,0,NONE,425.88,3583.16,0.12,680.8,36.69,0,NORMAL,5242.17,0.0,CRITICAL,NORMAL
2026-09-09 17:50:01,BHARATI,-28.55,40.59,1002.15,59.26,207.06,76.57,0.21,85.18,24976.82,29.1,4998.39,29,0.22,0,NONE,425.88,3675.56,0.12,698.36,35.77,0,NORMAL,5377.34,0.0,CRITICAL,NORMAL
2026-09-09 17:50:06,MAITRI,-31.07,34.05,1009.72,69.04,207.06,80.83,0.22,85.18,24977.1,30.71,4998.38,33,0.24,0,NONE,425.88,3879.65,0.11,737.13,33.88,0,NORMAL,5675.93,0.0,CRITICAL,NORMAL
2026-09-09 17:50:06,BHARATI,-27.6,27.49,1004.66,51.12,207.06,76.38,0.21,85.18,24976.78,29.03,4998.38,31,0.22,0,NONE,425.88,3666.47,0.12,696.63,35.85,0,NORMAL,5364.04,0.0,CRITICAL,NORMAL
2026-09-09 17:50:11,MAITRI,-34.39,20.12,1002.99,55.9,207.06,79.9,0.22,85.18,24977.06,30.36,4998.38,22,0.23,0,NONE,425.88,3835.41,0.11,728.73,34.27,0,NORMAL,5611.21,0.0,CRITICAL,NORMAL
2026-09-09 17:50:11,BHARATI,-31.89,31.69,1000.12,53.4,207.06,76.88,0.21,85.18,24976.74,29.22,4998.38,21,0.22,0,NONE,425.88,3690.43,0.12,701.18,35.62,0,NORMAL,5399.1,0.0,CRITICAL,NORMAL
2026-09-09 17:50:16,MAITRI,-25.73,13.59,986.54,69.17,207.06,70.01,0.19,85.18,24977.02,26.6,4998.38,20,0.2,0,NONE,425.88,3360.6,0.13,638.51,39.12,0,NORMAL,4916.56,0.0,CRITICAL,NORMAL
2026-09-09 17:50:16,BHARATI,-20.36,39.75,999.83,50.74,207.06,67.58,0.19,85.18,24976.7,25.68,4998.38,28,0.2,0,NONE,425.88,3243.88,0.13,616.34,40.52,0,NORMAL,4745.79,0.0,CRITICAL,NORMAL
2026-09-09 17:50:21,MAITRI,-19.96,12.21,1009.03,68.1,207.06,66.36,0.18,85.18,24976.98,25.22,4998.38,26,0.19,0,NONE,425.88,3185.3,0.13,605.21,41.27,0,NORMAL,4660.09,0.0,CRITICAL,NORMAL
2026-09-09 17:50:21,BHARATI,-16.7,33.54,1014.13,70.39,207.06,63.34,0.18,85.18,24976.67,24.07,4998.38,27,0.18,0,NONE,425.88,3040.21,0.14,577.64,43.24,0,NORMAL,4447.82,0.0,CRITICAL,NORMAL
2026-09-09 17:50:26,MAITRI,-33.13,11.48,1005.27,51.93,207.06,79.38,0.22,85.18,24976.94,30.17,4998.37,24,0.23,0,NONE,425.88,3810.38,0.11,723.97,34.5,0,NORMAL,5574.58,0.0,CRITICAL,NORMAL
2026-09-09 17:50:26,BHARATI,-31.59,21.44,1001.97,69.62,207.06,75.37,0.21,85.18,24976.63,28.64,4998.37,18,0.22,0,NONE,425.88,3617.7,0.12,687.36,36.34,0,NORMAL,5292.69,0.0,CRITICAL,NORMAL
2026-09-09 17:50:31,MAITRI,-32.06,51.51,976.17,81.8,207.06,97.03,0.23,85.18,24976.89,36.87,4998.37,34,0.24,0,ANOMALY_GENERATOR_OVERLOAD,425.88,3948.59,0.11,884.88,28.23,55,WARNING,6813.55,0.0,CRITICAL,NORMAL
2026-09-09 17:50:31,BHARATI,-27.9,35.65,1010.45,55.21,207.06,75.5,0.21,85.18,24976.59,28.69,4998.37,28,0.22,0,NONE,425.88,3623.9,0.12,688.54,36.27,0,NORMAL,5301.76,0.0,CRITICAL,NORMAL
2026-09-09 17:50:36,MAITRI,-16.81,35.09,1011.7,57.83,207.06,64.65,0.18,85.18,24976.86,24.57,4998.37,30,0.19,0,NONE,425.88,3103.39,0.14,589.64,42.36,0,NORMAL,4540.26,0.0,CRITICAL,NORMAL
2026-09-09 17:50:36,BHARATI,-25.28,33.02,1009.86,61.4,207.06,74.75,0.21,85.18,24976.55,28.4,4998.37,33,0.22,0,NONE,425.88,3587.78,0.12,681.68,36.64,0,NORMAL,5248.92,0.0,CRITICAL,NORMAL
2026-09-09 17:50:41,MAITRI,-35.07,39.3,991.8,73.63,207.06,93.28,0.22,85.18,24976.81,35.45,4998.36,18,0.23,0,ANOMALY_GENERATOR_OVERLOAD,425.88,3793.31,0.11,850.71,29.36,65,WARNING,6550.46,0.0,CRITICAL,NORMAL
2026-09-09 17:50:41,BHARATI,-16.56,11.16,1010.58,62.58,207.06,61.19,0.17,85.18,24976.52,23.25,4998.36,22,0.18,0,NONE,425.88,2937.26,0.14,558.08,44.75,0,NORMAL,4297.21,0.0,CRITICAL,NORMAL
2026-09-09 17:50:46,MAITRI,-16.99,34.77,1010.47,50.77,207.06,64.84,0.18,85.18,24976.77,24.64,4998.36,30,0.19,0,NONE,425.88,3112.16,0.14,591.31,42.24,0,NORMAL,4553.09,0.0,CRITICAL,NORMAL
2026-09-09 17:50:46,BHARATI,-15.01,15.13,1004.16,63.01,207.06,60.36,0.17,85.18,24976.49,22.94,4998.36,24,0.18,0,NONE,425.88,2897.42,0.15,550.51,45.37,0,NORMAL,4238.93,0.0,CRITICAL,NORMAL
2026-09-09 17:50:51,MAITRI,-26.31,35.35,995.31,56.66,207.06,69.83,0.19,85.18,24976.74,26.53,4998.36,18,0.2,0,NONE,425.88,3351.73,0.13,636.83,39.22,0,NORMAL,4903.58,0.0,CRITICAL,NORMAL
2026-09-09 17:50:51,BHARATI,-20.98,31.22,1001.74,71.34,207.06,63.03,0.18,85.18,24976.45,23.95,4998.36,15,0.18,0,NONE,425.88,3025.5,0.14,574.84,43.45,0,NORMAL,4426.3,0.0,CRITICAL,NORMAL
2026-09-09 17:50:56,MAITRI,-24.43,19.3,995.35,74.27,207.06,66.65,0.19,85.18,24976.7,25.33,4998.36,15,0.19,0,NONE,425.88,3199.11,0.13,607.83,41.09,0,NORMAL,4680.3,0.0,CRITICAL,NORMAL
2026-09-09 17:50:56,BHARATI,-17.96,41.96,985.18,73.72,207.06,67.05,0.19,85.18,24976.42,25.48,4998.36,33,0.2,0,NONE,425.88,3218.54,0.13,611.52,40.84,0,NORMAL,4708.72,0.0,CRITICAL,NORMAL
2026-09-09 17:51:01,MAITRI,-18.98,37.01,1001.31,77.93,207.06,66.13,0.18,85.18,24976.67,25.13,4998.35,28,0.19,0,NONE,425.88,3174.35,0.13,603.13,41.41,0,NORMAL,4644.08,0.0,CRITICAL,NORMAL
2026-09-09 17:51:01,BHARATI,-16.81,35.1,1012.13,54.53,207.06,64.25,0.18,85.18,24976.38,24.41,4998.35,29,0.19,0,NONE,425.88,3083.92,0.14,585.94,42.63,0,NORMAL,4511.77,0.0,CRITICAL,NORMAL
2026-09-09 17:51:06,MAITRI,-43.65,56.58,953.16,90.9,0.0,97.19,0.26,55.84,24976.62,36.93,4998.35,33,0.27,0,ANOMALY_GENERATOR_OVERLOAD,279.21,4513.71,0.06,886.42,28.18,90,CRITICAL,6825.4,0.0,CRITICAL,NORMAL
2026-09-09 17:51:06,BHARATI,-37.43,62.89,968.37,92.74,0.0,96.15,0.24,56.15,24976.33,36.54,4998.35,26,0.25,0,ANOMALY_GENERATOR_OVERLOAD,280.77,4065.54,0.07,876.91,28.48,90,CRITICAL,6752.19,0.0,CRITICAL,NORMAL
2026-09-09 17:51:11,MAITRI,-18.25,34.49,988.84,55.67,207.06,62.97,0.17,85.18,24976.58,23.93,4998.35,22,0.18,0,NONE,425.88,3022.33,0.14,574.24,43.49,0,NORMAL,4421.67,0.0,CRITICAL,NORMAL
2026-09-09 17:51:11,BHARATI,-43.39,55.81,973.2,89.15,0.0,97.55,0.25,55.74,24976.28,37.07,4998.35,20,0.26,0,ANOMALY_GENERATOR_OVERLOAD,278.68,4250.75,0.07,889.64,28.07,90,CRITICAL,6850.23,0.0,CRITICAL,NORMAL
2026-09-09 17:51:16,MAITRI,-32.03,18.62,1000.77,76.3,207.06,78.63,0.22,85.18,24976.54,29.88,4998.34,25,0.23,0,NONE,425.88,3774.45,0.11,717.15,34.83,0,NORMAL,5522.02,0.0,CRITICAL,NORMAL
2026-09-09 17:51:16,BHARATI,-16.9,30.71,1011.49,76.02,207.06,58.75,0.16,85.18,24976.25,22.32,4998.34,15,0.17,0,NONE,425.88,2819.83,0.15,535.77,46.62,0,NORMAL,4125.41,0.0,CRITICAL,NORMAL
2026-09-09 17:51:21,MAITRI,-20.4,20.25,988.42,78.28,207.06,68.82,0.19,85.18,24976.5,26.15,4998.34,31,0.2,0,NONE,425.88,3303.36,0.13,627.64,39.79,0,NORMAL,4832.82,0.0,CRITICAL,NORMAL
2026-09-09 17:51:21,BHARATI,-19.27,27.1,1012.24,50.56,207.06,68.83,0.19,85.18,24976.21,26.16,4998.34,34,0.2,0,NONE,425.88,3304.08,0.13,627.77,39.79,0,NORMAL,4833.87,0.0,CRITICAL,NORMAL
2026-09-09 17:51:26,MAITRI,-25.4,38.59,996.59,64.52,207.06,70.47,0.2,85.18,24976.47,26.78,4998.34,22,0.21,0,NONE,425.88,3382.54,0.13,642.68,38.86,0,NORMAL,4948.66,0.0,CRITICAL,NORMAL
2026-09-09 17:51:26,BHARATI,-32.21,57.05,972.89,73.59,207.06,95.29,0.23,85.18,24976.16,36.21,4998.34,32,0.24,0,ANOMALY_GENERATOR_OVERLOAD,425.88,3917.94,0.11,869.03,28.74,55,WARNING,6691.53,0.0,CRITICAL,NORMAL
2026-09-09 17:51:31,MAITRI,-16.24,14.77,988.75,57.11,207.06,63.65,0.18,85.18,24976.43,24.19,4998.33,29,0.19,0,NONE,425.88,3055.41,0.14,580.53,43.02,0,NORMAL,4470.06,0.0,CRITICAL,NORMAL
2026-09-09 17:51:31,BHARATI,-19.46,23.49,995.61,79.22,207.06,67.44,0.19,85.18,24976.13,25.63,4998.33,30,0.2,0,NONE,425.88,3237.03,0.13,615.03,40.61,0,NORMAL,4735.77,0.0,CRITICAL,NORMAL
2026-09-09 17:51:36,MAITRI,-25.34,23.99,1008.15,75.22,207.06,72.41,0.2,85.18,24976.4,27.51,4998.33,27,0.21,0,NONE,425.88,3475.49,0.12,660.34,37.82,0,NORMAL,5084.64,0.0,CRITICAL,NORMAL
2026-09-09 17:51:36,BHARATI,-29.97,12.92,987.14,56.93,207.06,73.27,0.2,85.18,24976.09,27.84,4998.33,17,0.21,0,NONE,425.88,3516.75,0.12,668.18,37.38,0,NORMAL,5145.0,0.0,CRITICAL,NORMAL
2026-09-09 17:51:41,MAITRI,-15.41,36.04,990.07,62.61,207.06,57.58,0.16,85.18,24976.37,21.88,4998.33,16,0.17,0,NONE,425.88,2763.81,0.15,525.12,47.56,0,NORMAL,4043.46,0.0,CRITICAL,NORMAL
2026-09-09 17:51:41,BHARATI,-32.26,28.75,1008.07,63.88,207.06,82.07,0.23,85.18,24976.05,31.19,4998.33,33,0.24,0,NONE,425.88,3939.58,0.11,748.52,33.37,0,NORMAL,5763.6,0.0,CRITICAL,NORMAL
2026-09-09 17:51:46,MAITRI,-39.71,74.4,963.48,96.77,0.0,89.88,0.25,58.04,24976.32,34.15,4998.33,32,0.26,0,NONE,290.18,4296.0,0.07,819.71,30.47,70,CRITICAL,6311.8,0.0,CRITICAL,NORMAL
2026-09-09 17:51:46,BHARATI,-38.11,72.6,960.95,92.9,0.0,89.4,0.24,58.18,24976.0,33.97,4998.33,24,0.25,0,NONE,290.89,4061.3,0.07,815.36,30.63,70,CRITICAL,6278.27,0.0,CRITICAL,NORMAL
2026-09-09 17:51:51,MAITRI,-27.55,42.89,999.9,64.32,207.06,71.13,0.2,85.18,24976.28,27.03,4998.32,18,0.21,0,NONE,425.88,3414.05,0.12,648.67,38.5,0,NORMAL,4994.75,0.0,CRITICAL,NORMAL
2026-09-09 17:51:51,BHARATI,-22.67,38.04,975.23,71.9,207.06,97.51,0.2,85.18,24975.95,37.05,4998.32,34,0.21,0,ANOMALY_GENERATOR_OVERLOAD,425.88,3475.55,0.12,889.28,28.09,55,WARNING,6847.48,0.0,CRITICAL,NORMAL
2026-09-09 17:51:56,MAITRI,-35.08,68.08,952.58,86.07,0.0,86.75,0.23,58.97,24976.23,32.97,4998.32,26,0.24,0,NONE,294.87,3947.12,0.07,791.17,31.57,70,CRITICAL,6091.98,0.0,CRITICAL,NORMAL
2026-09-09 17:51:56,BHARATI,-33.1,40.64,1005.59,63.6,207.06,83.36,0.23,85.18,24975.9,31.68,4998.32,34,0.24,0,NONE,425.88,4001.13,0.11,760.21,32.85,0,NORMAL,5853.65,0.0,CRITICAL,NORMAL
2026-09-09 17:52:01,MAITRI,-31.0,10.47,1002.86,63.82,207.06,76.75,0.21,85.18,24976.19,29.16,4998.32,23,0.22,0,NONE,425.88,3683.86,0.12,699.93,35.68,0,NORMAL,5389.48,0.0,CRITICAL,NORMAL
2026-09-09 17:52:01,BHARATI,-37.5,47.98,982.2,79.7,207.06,96.95,0.22,85.18,24975.85,36.84,4998.32,16,0.24,0,ANOMALY_GENERATOR_OVERLOAD,425.88,3877.07,0.11,884.22,28.25,65,WARNING,6808.52,0.0,CRITICAL,NORMAL
2026-09-09 17:52:07,MAITRI,-18.32,18.77,997.85,71.15,207.06,61.44,0.17,85.18,24976.16,23.35,4998.32,18,0.18,0,NONE,425.88,2949.17,0.14,560.34,44.57,0,NORMAL,4314.64,0.0,CRITICAL,NORMAL
2026-09-09 17:52:07,BHARATI,-34.59,11.12,992.06,51.39,207.06,82.92,0.23,85.18,24975.81,31.51,4998.31,29,0.24,0,NONE,425.88,3980.16,0.11,756.23,33.03,0,NORMAL,5822.98,0.0,CRITICAL,NORMAL
2026-09-09 17:52:12,MAITRI,-38.37,35.45,991.25,89.91,207.06,96.61,0.24,85.18,24976.11,36.71,4998.31,29,0.25,0,ANOMALY_GENERATOR_OVERLOAD,425.88,4170.5,0.1,881.06,28.35,65,WARNING,6784.13,0.0,CRITICAL,NORMAL
2026-09-09 17:52:12,BHARATI,-19.86,24.83,1005.13,74.92,207.06,62.66,0.17,85.18,24975.78,23.81,4998.31,17,0.18,0,NONE,425.88,3007.57,0.14,571.44,43.71,0,NORMAL,4400.08,0.0,CRITICAL,NORMAL
2026-09-09 17:52:17,MAITRI,-17.74,27.77,994.17,70.82,207.06,59.63,0.17,85.18,24976.08,22.66,4998.31,15,0.17,0,NONE,425.88,2862.03,0.15,543.79,45.93,0,NORMAL,4187.15,0.0,CRITICAL,NORMAL
2026-09-09 17:52:17,BHARATI,-24.25,40.52,1000.88,52.52,207.06,68.06,0.19,85.18,24975.74,25.86,4998.31,19,0.2,0,NONE,425.88,3267.06,0.13,620.74,40.24,0,NORMAL,4779.7,0.0,CRITICAL,NORMAL
2026-09-09 17:52:22,MAITRI,-34.68,32.13,999.84,59.48,207.06,81.81,0.23,85.18,24976.04,31.09,4998.31,26,0.24,0,NONE,425.88,3926.91,0.11,746.11,33.47,0,NORMAL,5745.06,0.0,CRITICAL,NORMAL
2026-09-09 17:52:22,BHARATI,-32.53,15.38,1005.75,72.27,207.06,77.15,0.21,85.18,24975.7,29.32,4998.31,20,0.23,0,NONE,425.88,3703.44,0.11,703.65,35.49,0,NORMAL,5418.13,0.0,CRITICAL,NORMAL
2026-09-09 17:52:27,MAITRI,-23.27,39.06,1005.92,71.19,207.06,67.04,0.19,85.18,24976.0,25.47,4998.31,19,0.2,0,NONE,425.88,3217.82,0.13,611.39,40.85,0,NORMAL,4707.67,0.0,CRITICAL,NORMAL
2026-09-09 17:52:27,BHARATI,-21.35,23.51,986.92,66.14,207.06,70.61,0.2,85.18,24975.66,26.83,4998.3,33,0.21,0,NONE,425.88,3389.39,0.13,643.98,38.78,0,NORMAL,4958.68,0.0,CRITICAL,NORMAL
2026-09-09 17:52:32,MAITRI,-28.78,48.22,987.75,72.2,207.06,97.49,0.2,85.18,24975.95,37.04,4998.3,15,0.21,0,ANOMALY_GENERATOR_OVERLOAD,425.88,3418.59,0.12,889.07,28.09,55,WARNING,6845.84,0.0,CRITICAL,NORMAL
2026-09-09 17:52:32,BHARATI,-36.23,71.04,974.99,86.24,0.0,95.72,0.24,56.28,24975.61,36.37,4998.3,30,0.25,0,ANOMALY_GENERATOR_OVERLOAD,281.42,4082.06,0.07,872.98,28.61,90,CRITICAL,6721.97,0.0,CRITICAL,NORMAL
2026-09-09 17:52:37,MAITRI,-33.67,22.59,989.11,59.17,207.06,81.95,0.23,85.18,24975.91,31.14,4998.3,29,0.24,0,NONE,425.88,3933.7,0.11,747.4,33.42,0,NORMAL,5755.01,0.0,CRITICAL,NORMAL
2026-09-09 17:52:37,BHARATI,-16.56,37.37,985.14,65.99,207.06,59.98,0.17,85.18,24975.58,22.79,4998.3,19,0.17,0,NONE,425.88,2879.27,0.15,547.06,45.65,0,NORMAL,4212.37,0.0,CRITICAL,NORMAL
2026-09-09 17:52:42,MAITRI,-20.76,10.85,994.5,74.29,207.06,64.0,0.18,85.18,24975.87,24.32,4998.3,18,0.19,0,NONE,425.88,3071.96,0.14,583.67,42.79,0,NORMAL,4494.28,0.0,CRITICAL,NORMAL
2026-09-09 17:52:42,BHARATI,-33.86,58.82,970.47,88.69,207.06,96.89,0.21,85.18,24975.53,36.82,4998.29,17,0.23,0,ANOMALY_GENERATOR_OVERLOAD,425.88,3712.84,0.11,883.62,28.27,55,WARNING,6803.86,0.0,CRITICAL,NORMAL
2026-09-09 17:52:47,MAITRI,-27.52,27.34,1003.73,60.48,207.06,75.49,0.21,85.18,24975.83,28.69,4998.3,29,0.22,0,NONE,425.88,3623.56,0.12,688.48,36.28,0,NORMAL,5301.26,0.0,CRITICAL,NORMAL
2026-09-09 17:52:47,BHARATI,-27.47,21.56,988.54,75.58,207.06,73.04,0.2,85.18,24975.49,27.76,4998.29,23,0.21,0,NONE,425.88,3505.93,0.12,666.13,37.49,0,NORMAL,5129.17,0.0,CRITICAL,NORMAL
2026-09-09 17:52:52,MAITRI,-21.25,36.51,985.53,50.83,207.06,68.11,0.19,85.18,24975.8,25.88,4998.29,27,0.2,0,NONE,425.88,3269.22,0.13,621.15,40.21,0,NORMAL,4782.87,0.0,CRITICAL,NORMAL
2026-09-09 17:52:52,BHARATI,-27.19,11.54,995.83,73.78,207.06,73.54,0.2,85.18,24975.45,27.95,4998.29,25,0.21,0,NONE,425.88,3530.15,0.12,670.73,37.24,0,NORMAL,5164.61,0.0,CRITICAL,NORMAL
2026-09-09 17:52:57,MAITRI,-16.95,25.48,1002.9,76.26,207.06,60.4,0.17,85.18,24975.76,22.95,4998.29,19,0.18,0,NONE,425.88,2899.2,0.15,550.85,45.34,0,NORMAL,4241.52,0.0,CRITICAL,NORMAL
2026-09-09 17:52:57,BHARATI,-25.77,36.49,997.53,76.9,207.06,72.06,0.2,85.18,24975.41,27.38,4998.29,25,0.21,0,NONE,425.88,3458.78,0.12,657.17,38.0,0,NORMAL,5060.2,0.0,CRITICAL,NORMAL
2026-09-09 17:53:02,MAITRI,-34.53,27.47,1002.02,62.63,207.06,84.05,0.23,85.18,24975.72,31.94,4998.29,32,0.25,0,NONE,425.88,4034.51,0.11,766.56,32.58,0,NORMAL,5902.48,0.0,CRITICAL,NORMAL
2026-09-09 17:53:02,BHARATI,-18.5,27.98,988.16,69.08,207.06,66.43,0.18,85.18,24975.38,25.24,4998.28,30,0.19,0,NONE,425.88,3188.63,0.13,605.84,41.22,0,NORMAL,4664.96,0.0,CRITICAL,NORMAL
2026-09-09 17:53:07,MAITRI,-21.46,33.96,995.08,72.97,207.06,69.53,0.19,85.18,24975.68,26.42,4998.28,30,0.2,0,NONE,425.88,3337.56,0.13,634.14,39.39,0,NORMAL,4882.85,0.0,CRITICAL,NORMAL
2026-09-09 17:53:07,BHARATI,-31.43,27.37,1000.24,77.1,207.06,77.6,0.22,85.18,24975.34,29.49,4998.28,24,0.23,0,NONE,425.88,3724.96,0.11,707.74,35.29,0,NORMAL,5449.62,0.0,CRITICAL,NORMAL
2026-09-09 17:53:12,MAITRI,-25.91,27.98,986.62,74.47,207.06,70.21,0.2,85.18,24975.65,26.68,4998.28,20,0.2,0,NONE,425.88,3370.07,0.13,640.31,39.01,0,NORMAL,4930.41,0.0,CRITICAL,NORMAL
2026-09-09 17:53:12,BHARATI,-20.85,42.13,1013.55,51.4,207.06,68.09,0.19,85.18,24975.3,25.87,4998.28,28,0.2,0,NONE,425.88,3268.23,0.13,620.96,40.22,0,NORMAL,4781.42,0.0,CRITICAL,NORMAL
2026-09-09 17:53:17,MAITRI,-25.83,18.54,993.45,72.64,207.06,71.32,0.2,85.18,24975.61,27.1,4998.28,23,0.21,0,NONE,425.88,3423.5,0.12,650.47,38.4,0,NORMAL,5008.58,0.0,CRITICAL,NORMAL
2026-09-09 17:53:17,BHARATI,-17.69,38.81,1011.5,54.79,207.06,60.38,0.17,85.18,24975.27,22.94,4998.27,17,0.18,0,NONE,425.88,2898.04,0.15,550.63,45.36,0,NORMAL,4239.83,0.0,CRITICAL,NORMAL
2026-09-09 17:53:22,MAITRI,-36.28,56.4,954.04,90.19,0.0,86.09,0.24,59.17,24975.56,32.71,4998.27,30,0.25,0,NONE,295.86,4084.44,0.07,785.15,31.81,70,CRITICAL,6045.67,0.0,CRITICAL,NORMAL
2026-09-09 17:53:22,BHARATI,-22.61,23.99,999.66,77.36,207.06,69.94,0.19,85.18,24975.23,26.58,4998.27,28,0.2,0,NONE,425.88,3357.04,0.13,637.84,39.16,0,NORMAL,4911.35,0.0,CRITICAL,NORMAL
2026-09-09 17:53:27,MAITRI,-34.23,42.35,983.36,81.15,207.06,95.23,0.22,85.18,24975.51,36.19,4998.27,21,0.23,0,ANOMALY_GENERATOR_OVERLOAD,425.88,3808.57,0.11,868.51,28.76,55,WARNING,6687.55,0.0,CRITICAL,NORMAL
2026-09-09 17:53:27,BHARATI,-16.21,21.83,998.85,75.36,207.06,62.02,0.17,85.18,24975.2,23.57,4998.27,25,0.18,0,NONE,425.88,2977.13,0.14,565.65,44.15,0,NORMAL,4355.54,0.0,CRITICAL,NORMAL
2026-09-09 17:53:32,MAITRI,-25.84,49.44,974.82,88.18,207.06,92.05,0.19,85.18,24975.46,34.98,4998.27,18,0.2,0,ANOMALY_GENERATOR_OVERLOAD,425.88,3327.91,0.13,839.45,29.75,55,WARNING,6463.79,0.0,CRITICAL,NORMAL
2026-09-09 17:53:32,BHARATI,-28.06,43.06,992.86,76.46,207.06,76.46,0.21,85.18,24975.16,29.05,4998.27,30,0.22,0,NONE,425.88,3670.02,0.12,697.3,35.82,0,NORMAL,5369.24,0.0,CRITICAL,NORMAL
2026-09-09 17:53:37,MAITRI,-30.66,20.12,991.06,56.83,207.06,77.59,0.22,85.18,24975.42,29.48,4998.27,26,0.23,0,NONE,425.88,3724.31,0.11,707.62,35.29,0,NORMAL,5448.67,0.0,CRITICAL,NORMAL
2026-09-09 17:53:37,BHARATI,-20.92,37.32,976.42,81.65,207.06,97.49,0.19,85.18,24975.11,37.05,4998.26,31,0.2,0,ANOMALY_GENERATOR_OVERLOAD,425.88,3329.47,0.13,889.09,28.09,55,WARNING,6846.0,0.0,CRITICAL,NORMAL
2026-09-09 17:53:42,MAITRI,-28.44,13.82,1013.87,53.42,207.06,77.26,0.21,85.18,24975.38,29.36,4998.26,31,0.23,0,NONE,425.88,3708.47,0.11,704.61,35.45,0,NORMAL,5425.49,0.0,CRITICAL,NORMAL
2026-09-09 17:53:42,BHARATI,-35.56,76.06,957.65,93.82,0.0,96.25,0.23,56.13,24975.06,36.57,4998.26,23,0.24,0,ANOMALY_GENERATOR_OVERLOAD,280.63,3913.63,0.07,877.76,28.45,90,CRITICAL,6758.77,0.0,CRITICAL,NORMAL
2026-09-09 17:53:47,MAITRI,-16.41,39.71,996.67,61.87,207.06,64.63,0.18,85.18,24975.35,24.56,4998.26,31,0.19,0,NONE,425.88,3102.41,0.14,589.46,42.37,0,NORMAL,4538.82,0.0,CRITICAL,NORMAL
2026-09-09 17:53:47,BHARATI,-18.2,40.29,1013.93,55.59,207.06,61.31,0.17,85.18,24975.02,23.3,4998.26,18,0.18,0,NONE,425.88,2942.98,0.14,559.17,44.66,0,NORMAL,4305.59,0.0,CRITICAL,NORMAL
2026-09-09 17:53:52,MAITRI,-29.77,59.37,976.51,72.65,207.06,98.45,0.22,85.18,24975.3,37.41,4998.26,34,0.23,0,ANOMALY_GENERATOR_OVERLOAD,425.88,3832.97,0.11,897.82,27.82,55,WARNING,6913.22,0.0,CRITICAL,NORMAL
2026-09-09 17:53:52,BHARATI,-38.31,36.76,981.56,73.03,207.06,97.98,0.23,85.18,24974.97,37.23,4998.25,16,0.24,0,ANOMALY_GENERATOR_OVERLOAD,425.88,3918.26,0.11,893.58,27.95,65,WARNING,6880.57,0.0,CRITICAL,NORMAL
2026-09-09 17:53:57,MAITRI,-33.23,43.37,986.27,57.3,207.06,77.89,0.22,85.18,24975.26,29.6,4998.25,20,0.23,0,NONE,425.88,3738.65,0.11,710.34,35.16,0,NORMAL,5469.65,0.0,CRITICAL,NORMAL
2026-09-09 17:53:57,BHARATI,-31.84,27.64,1004.92,60.79,207.06,78.43,0.22,85.18,24974.93,29.81,4998.25,25,0.23,0,NONE,425.88,3764.85,0.11,715.32,34.91,0,NORMAL,5507.98,0.0,CRITICAL,NORMAL
2026-09-09 17:54:02,MAITRI,-21.51,39.41,1002.4,64.37,207.06,67.18,0.19,85.18,24975.22,25.53,4998.25,24,0.2,0,NONE,425.88,3224.7,0.13,612.69,40.76,0,NORMAL,4717.74,0.0,CRITICAL,NORMAL
2026-09-09 17:54:02,BHARATI,-32.97,13.03,1005.17,51.86,207.06,77.22,0.21,85.18,24974.89,29.34,4998.25,19,0.23,0,NONE,425.88,3706.5,0.11,704.24,35.46,0,NORMAL,5422.61,0.0,CRITICAL,NORMAL
2026-09-09 17:54:07,MAITRI,-21.68,17.57,1012.55,57.31,207.06,70.57,0.2,85.18,24975.18,26.82,4998.25,32,0.21,0,NONE,425.88,3387.29,0.13,643.59,38.81,0,NORMAL,4955.61,0.0,CRITICAL,NORMAL
2026-09-09 17:54:07,BHARATI,-38.33,55.38,976.0,80.04,207.06,96.99,0.23,85.18,24974.84,36.86,4998.25,15,0.24,0,ANOMALY_GENERATOR_OVERLOAD,425.88,3899.59,0.11,884.52,28.24,65,WARNING,6810.82,0.0,CRITICAL,NORMAL
2026-09-09 17:54:12,MAITRI,-24.15,19.89,993.12,66.86,207.06,73.96,0.21,85.18,24975.14,28.1,4998.24,34,0.22,0,NONE,425.88,3550.01,0.12,674.5,37.03,0,NORMAL,5193.67,0.0,CRITICAL,NORMAL
2026-09-09 17:54:12,BHARATI,-28.74,37.89,1005.41,77.19,207.06,73.98,0.21,85.18,24974.8,28.11,4998.25,22,0.22,0,NONE,425.88,3551.0,0.12,674.69,37.02,0,NORMAL,5195.12,0.0,CRITICAL,NORMAL
2026-09-09 17:54:17,MAITRI,-31.73,30.75,988.58,63.0,207.06,81.52,0.23,85.18,24975.1,30.98,4998.24,33,0.24,0,NONE,425.88,3912.85,0.11,743.44,33.59,0,NORMAL,5724.51,0.0,CRITICAL,NORMAL
2026-09-09 17:54:17,BHARATI,-25.9,35.66,987.54,85.87,207.06,95.26,0.21,85.18,24974.75,36.2,4998.24,34,0.22,0,ANOMALY_GENERATOR_OVERLOAD,425.88,3638.19,0.12,868.75,28.75,55,WARNING,6689.39,0.0,CRITICAL,NORMAL
2026-09-09 17:54:22,MAITRI,-30.09,29.58,998.31,67.19,207.06,78.6,0.22,85.18,24975.06,29.87,4998.24,30,0.23,0,NONE,425.88,3772.68,0.11,716.81,34.84,0,NORMAL,5519.44,0.0,CRITICAL,NORMAL
2026-09-09 17:54:22,BHARATI,-29.56,54.83,971.07,80.83,207.06,93.84,0.2,85.18,24974.7,35.66,4998.24,19,0.21,0,ANOMALY_GENERATOR_OVERLOAD,425.88,3534.39,0.12,855.83,29.18,55,WARNING,6589.92,0.0,CRITICAL,NORMAL
2026-09-09 17:54:27,MAITRI,-32.49,31.94,992.56,68.29,207.06,82.71,0.23,85.18,24975.02,31.43,4998.23,34,0.24,0,NONE,425.88,3970.32,0.11,754.36,33.11,0,NORMAL,5808.58,0.0,CRITICAL,NORMAL
2026-09-09 17:54:27,BHARATI,-26.29,17.77,993.39,76.22,207.06,71.81,0.2,85.18,24974.66,27.29,4998.24,23,0.21,0,NONE,425.88,3446.71,0.12,654.87,38.14,0,NORMAL,5042.53,0.0,CRITICAL,NORMAL
2026-09-09 17:54:32,MAITRI,-35.27,49.76,989.23,70.57,207.06,96.14,0.22,85.18,24974.96,36.53,4998.23,15,0.23,0,ANOMALY_GENERATOR_OVERLOAD,425.88,3745.36,0.11,876.77,28.49,65,WARNING,6751.15,0.0,CRITICAL,NORMAL
2026-09-09 17:54:32,BHARATI,-22.21,16.36,1011.49,72.41,207.06,70.72,0.2,85.18,24974.63,26.87,4998.23,31,0.21,0,NONE,425.88,3394.43,0.13,644.94,38.72,0,NORMAL,4966.06,0.0,CRITICAL,NORMAL
2026-09-09 17:54:37,MAITRI,-28.49,16.81,990.85,50.19,207.06,76.52,0.21,85.18,24974.92,29.08,4998.23,29,0.22,0,NONE,425.88,3672.91,0.12,697.85,35.79,0,NORMAL,5373.46,0.0,CRITICAL,NORMAL
2026-09-09 17:54:37,BHARATI,-22.67,22.13,990.6,79.5,207.06,64.8,0.18,85.18,24974.59,24.62,4998.23,15,0.19,0,NONE,425.88,3110.38,0.14,590.97,42.26,0,NORMAL,4550.49,0.0,CRITICAL,NORMAL
2026-09-09 17:54:42,MAITRI,-15.93,43.69,985.08,52.33,207.06,60.52,0.17,85.18,24974.89,23.0,4998.22,22,0.18,0,NONE,425.88,2905.03,0.15,551.95,45.25,0,NORMAL,4250.05,0.0,CRITICAL,NORMAL
2026-09-09 17:54:42,BHARATI,-15.66,14.92,1014.83,78.2,207.06,59.44,0.17,85.18,24974.56,22.59,4998.23,20,0.17,0,NONE,425.88,2853.32,0.15,542.13,46.07,0,NORMAL,4174.4,0.0,CRITICAL,NORMAL
2026-09-09 17:54:47,MAITRI,-30.12,33.08,1002.37,73.01,207.06,80.23,0.22,85.18,24974.85,30.49,4998.22,34,0.23,0,NONE,425.88,3850.91,0.11,731.67,34.13,0,NORMAL,5633.88,0.0,CRITICAL,NORMAL
2026-09-09 17:54:47,BHARATI,-21.59,21.07,1000.66,51.89,207.06,68.47,0.19,85.18,24974.52,26.02,4998.23,27,0.2,0,NONE,425.88,3286.63,0.13,624.46,39.99,0,NORMAL,4808.34,0.0,CRITICAL,NORMAL
2026-09-09 17:54:52,MAITRI,-28.96,40.55,1003.65,78.72,207.06,77.8,0.22,85.18,24974.81,29.57,4998.22,31,0.23,0,NONE,425.88,3734.6,0.11,709.57,35.2,0,NORMAL,5463.72,0.0,CRITICAL,NORMAL
2026-09-09 17:54:52,BHARATI,-19.0,25.18,991.32,77.1,207.06,62.55,0.17,85.18,24974.49,23.77,4998.22,19,0.18,0,NONE,425.88,3002.19,0.14,570.42,43.78,0,NORMAL,4392.21,0.0,CRITICAL,NORMAL
2026-09-09 17:54:57,MAITRI,-34.7,33.96,1004.0,72.5,207.06,81.83,0.23,85.18,24974.77,31.1,4998.21,26,0.24,0,NONE,425.88,3928.0,0.11,746.32,33.46,0,NORMAL,5746.67,0.0,CRITICAL,NORMAL
2026-09-09 17:54:57,BHARATI,-19.36,43.58,1011.9,72.25,207.06,64.53,0.18,85.18,24974.46,24.52,4998.22,23,0.19,0,NONE,425.88,3097.53,0.14,588.53,42.44,0,NORMAL,4531.69,0.0,CRITICAL,NORMAL
2026-09-09 17:55:02,MAITRI,-34.95,59.45,981.21,70.55,207.06,95.4,0.24,85.18,24974.72,36.25,4998.21,34,0.25,0,ANOMALY_GENERATOR_OVERLOAD,425.88,4094.23,0.1,870.06,28.7,55,WARNING,6699.5,0.0,CRITICAL,NORMAL
2026-09-09 17:55:02,BHARATI,-33.48,40.04,1010.0,74.72,207.06,77.76,0.22,85.18,24974.42,29.55,4998.22,19,0.23,0,NONE,425.88,3732.4,0.11,709.16,35.22,0,NORMAL,5460.51,0.0,CRITICAL,NORMAL
2026-09-09 17:55:07,MAITRI,-19.98,21.97,1010.59,79.11,207.06,65.18,0.18,85.18,24974.68,24.77,4998.21,23,0.19,0,NONE,425.88,3128.49,0.14,594.41,42.02,0,NORMAL,4576.98,0.0,CRITICAL,NORMAL
2026-09-09 17:55:07,BHARATI,-31.52,38.75,1010.63,53.27,207.06,80.9,0.22,85.18,24974.37,30.74,4998.22,32,0.24,0,NONE,425.88,3883.22,0.11,737.81,33.85,0,NORMAL,5681.15,0.0,CRITICAL,NORMAL
2026-09-09 17:55:12,MAITRI,-28.93,50.42,983.82,75.84,207.06,93.05,0.21,85.18,24974.63,35.36,4998.2,22,0.22,0,ANOMALY_GENERATOR_OVERLOAD,425.88,3560.69,0.12,848.64,29.43,55,WARNING,6534.49,0.0,CRITICAL,NORMAL
2026-09-09 17:55:12,BHARATI,-28.97,20.35,1002.32,52.06,207.06,78.22,0.22,85.18,24974.33,29.72,4998.21,32,0.23,0,NONE,425.88,3754.55,0.11,713.36,35.01,0,NORMAL,5492.91,0.0,CRITICAL,NORMAL
2026-09-09 17:55:17,MAITRI,-17.62,18.55,993.41,50.29,207.06,67.1,0.19,85.18,24974.6,25.5,4998.2,34,0.2,0,NONE,425.88,3220.72,0.13,611.94,40.81,0,NORMAL,4711.92,0.0,CRITICAL,NORMAL
2026-09-09 17:55:17,BHARATI,-34.59,19.81,999.95,62.31,207.06,77.32,0.21,85.18,24974.29,29.38,4998.21,15,0.23,0,NONE,425.88,3711.13,0.11,705.11,35.42,0,NORMAL,5429.38,0.0,CRITICAL,NORMAL
2026-09-09 17:55:22,MAITRI,-22.47,31.28,1001.05,65.82,207.06,66.6,0.18,85.18,24974.56,25.31,4998.2,20,0.19,0,NONE,425.88,3196.57,0.13,607.35,41.12,0,NORMAL,4676.58,0.0,CRITICAL,NORMAL
2026-09-09 17:55:22,BHARATI,-29.83,16.98,1009.49,77.19,207.06,76.73,0.21,85.18,24974.25,29.16,4998.21,26,0.22,0,NONE,425.88,3682.86,0.12,699.74,35.69,0,NORMAL,5388.02,0.0,CRITICAL,NORMAL
2026-09-09 17:55:27,MAITRI,-15.92,23.35,1014.68,50.52,207.06,58.92,0.16,85.18,24974.53,22.39,4998.2,18,0.17,0,NONE,425.88,2828.13,0.15,537.34,46.48,0,NORMAL,4137.56,0.0,CRITICAL,NORMAL
2026-09-09 17:55:27,BHARATI,-22.46,19.96,1005.25,62.26,207.06,68.59,0.19,85.18,24974.21,26.06,4998.2,25,0.2,0,NONE,425.88,3292.14,0.13,625.51,39.93,0,NORMAL,4816.4,0.0,CRITICAL,NORMAL
2026-09-09 17:55:32,MAITRI,-33.04,10.35,1001.04,52.24,207.06,77.69,0.22,85.18,24974.49,29.52,4998.19,20,0.23,0,NONE,425.88,3728.97,0.11,708.5,35.25,0,NORMAL,5455.48,0.0,CRITICAL,NORMAL
2026-09-09 17:55:32,BHARATI,-34.34,22.2,1004.21,78.01,207.06,83.05,0.23,85.18,24974.17,31.56,4998.2,30,0.24,0,NONE,425.88,3986.54,0.11,757.44,32.97,0,NORMAL,5832.31,0.0,CRITICAL,NORMAL
2026-09-09 17:55:38,MAITRI,-30.95,35.47,978.96,72.82,207.06,94.24,0.21,85.18,24974.44,35.81,4998.19,22,0.22,0,ANOMALY_GENERATOR_OVERLOAD,425.88,3662.21,0.12,859.5,29.06,55,WARNING,6618.11,0.0,CRITICAL,NORMAL
2026-09-09 17:55:38,BHARATI,-24.26,26.96,1014.33,59.01,207.06,69.67,0.19,85.18,24974.13,26.48,4998.2,23,0.2,0,NONE,425.88,3344.36,0.13,635.43,39.3,0,NORMAL,4892.8,0.0,CRITICAL,NORMAL
2026-09-09 17:55:43,MAITRI,-33.95,39.88,998.05,61.34,207.06,81.05,0.23,85.18,24974.4,30.8,4998.19,26,0.24,0,NONE,425.88,3890.27,0.11,739.15,33.79,0,NORMAL,5691.46,0.0,CRITICAL,NORMAL
2026-09-09 17:55:43,BHARATI,-26.75,29.72,1003.05,75.27,207.06,71.89,0.2,85.18,24974.1,27.32,4998.2,22,0.21,0,NONE,425.88,3450.79,0.12,655.65,38.09,0,NORMAL,5048.5,0.0,CRITICAL,NORMAL
2026-09-09 17:55:48,MAITRI,-31.66,30.88,1003.27,57.59,207.06,79.84,0.22,85.18,24974.35,30.34,4998.19,29,0.23,0,NONE,425.88,3832.3,0.11,728.14,34.3,0,NORMAL,5606.66,0.0,CRITICAL,NORMAL
2026-09-09 17:55:48,BHARATI,-21.43,19.35,999.12,70.03,207.06,71.1,0.2,85.18,24974.06,27.02,4998.19,34,0.21,0,NONE,425.88,3412.81,0.12,648.43,38.51,0,NORMAL,4992.94,0.0,CRITICAL,NORMAL
2026-09-09 17:55:53,MAITRI,-27.36,43.18,1001.49,50.06,207.06,71.33,0.2,85.18,24974.32,27.11,4998.18,19,0.21,0,NONE,425.88,3423.85,0.12,650.53,38.39,0,NORMAL,5009.09,0.0,CRITICAL,NORMAL
2026-09-09 17:55:53,BHARATI,-27.87,28.01,990.1,54.75,207.06,73.86,0.21,85.18,24974.02,28.07,4998.19,24,0.22,0,NONE,425.88,3545.38,0.12,673.62,37.07,0,NORMAL,5186.89,0.0,CRITICAL,NORMAL
2026-09-09 17:55:58,MAITRI,-32.07,37.16,1010.22,54.47,207.06,76.67,0.21,85.18,24974.28,29.14,4998.18,20,0.22,0,NONE,425.88,3680.31,0.12,699.26,35.72,0,NORMAL,5384.29,0.0,CRITICAL,NORMAL
2026-09-09 17:55:58,BHARATI,-37.01,64.88,953.08,90.28,0.0,87.54,0.22,58.74,24973.97,33.27,4998.19,16,0.23,0,NONE,293.69,3852.72,0.08,798.39,31.28,70,CRITICAL,6147.62,0.0,CRITICAL,NORMAL
2026-09-09 17:56:03,MAITRI,-18.98,13.14,1005.71,61.41,207.06,64.13,0.18,85.18,24974.24,24.37,4998.18,23,0.19,0,NONE,425.88,3078.14,0.14,584.85,42.7,0,NORMAL,4503.33,0.0,CRITICAL,NORMAL
2026-09-09 17:56:03,BHARATI,-29.43,28.5,998.94,64.21,207.06,74.7,0.21,85.18,24973.93,28.39,4998.18,22,0.22,0,NONE,425.88,3585.57,0.12,681.26,36.66,0,NORMAL,5245.69,0.0,CRITICAL,NORMAL
2026-09-09 17:56:08,MAITRI,-17.65,24.81,1011.3,60.76,207.06,61.94,0.17,85.18,24974.21,23.54,4998.18,21,0.18,0,NONE,425.88,2972.9,0.14,564.85,44.21,0,NORMAL,4349.36,0.0,CRITICAL,NORMAL
2026-09-09 17:56:08,BHARATI,-20.43,12.28,1008.64,71.07,207.06,68.45,0.19,85.18,24973.9,26.01,4998.18,30,0.2,0,NONE,425.88,3285.52,0.13,624.25,40.01,0,NORMAL,4806.72,0.0,CRITICAL,NORMAL
2026-09-09 17:56:13,MAITRI,-22.09,21.51,1008.05,77.67,207.06,64.2,0.18,85.18,24974.18,24.4,4998.17,15,0.19,0,NONE,425.88,3081.54,0.14,585.49,42.65,0,NORMAL,4508.29,0.0,CRITICAL,NORMAL
2026-09-09 17:56:13,BHARATI,-22.43,29.87,1005.38,79.8,207.06,71.35,0.2,85.18,24973.86,27.11,4998.18,32,0.21,0,NONE,425.88,3424.98,0.12,650.75,38.38,0,NORMAL,5010.74,0.0,CRITICAL,NORMAL
2026-09-09 17:56:18,MAITRI,-23.15,15.06,1009.55,71.23,207.06,65.31,0.18,85.18,24974.14,24.82,4998.17,15,0.19,0,NONE,425.88,3134.96,0.14,595.64,41.93,0,NORMAL,4586.45,0.0,CRITICAL,NORMAL
2026-09-09 17:56:18,BHARATI,-32.89,21.96,1011.66,76.21,207.06,76.74,0.21,85.18,24973.82,29.16,4998.18,18,0.22,0,NONE,425.88,3683.45,0.12,699.86,35.68,0,NORMAL,5388.88,0.0,CRITICAL,NORMAL
2026-09-09 17:56:23,MAITRI,-23.34,44.77,1005.11,57.78,207.06,71.91,0.2,85.18,24974.1,27.32,4998.17,31,0.21,0,NONE,425.88,3451.52,0.12,655.79,38.08,0,NORMAL,5049.57,0.0,CRITICAL,NORMAL
2026-09-09 17:56:23,BHARATI,-28.96,35.97,988.1,77.27,207.06,78.6,0.22,85.18,24973.78,29.87,4998.17,33,0.23,0,NONE,425.88,3773.04,0.11,716.88,34.84,0,NORMAL,5519.95,0.0,CRITICAL,NORMAL
2026-09-09 17:56:28,MAITRI,-34.48,42.9,992.46,71.67,207.06,98.76,0.22,85.18,24974.05,37.53,4998.17,23,0.23,0,ANOMALY_GENERATOR_OVERLOAD,425.88,3859.2,0.11,900.74,27.73,55,WARNING,6935.67,0.0,CRITICAL,NORMAL
2026-09-09 17:56:28,BHARATI,-30.0,55.72,981.08,79.88,207.06,96.05,0.21,85.18,24973.73,36.5,4998.17,19,0.22,0,ANOMALY_GENERATOR_OVERLOAD,425.88,3556.71,0.12,875.95,28.51,55,WARNING,6744.84,0.0,CRITICAL,NORMAL
2026-09-09 17:56:33,MAITRI,-15.98,17.05,990.94,52.13,207.06,63.37,0.18,85.18,24974.02,24.08,4998.16,29,0.18,0,NONE,425.88,3041.99,0.14,577.98,43.21,0,NORMAL,4450.43,0.0,CRITICAL,NORMAL
2026-09-09 17:56:33,BHARATI,-23.86,41.12,1003.48,52.01,207.06,68.05,0.19,85.18,24973.69,25.86,4998.17,20,0.2,0,NONE,425.88,3266.36,0.13,620.61,40.24,0,NORMAL,4778.68,0.0,CRITICAL,NORMAL
2026-09-09 17:56:38,MAITRI,-26.7,15.04,990.09,79.5,207.06,73.83,0.21,85.18,24973.98,28.06,4998.16,27,0.22,0,NONE,425.88,3543.91,0.12,673.34,37.09,0,NORMAL,5184.75,0.0,CRITICAL,NORMAL
2026-09-09 17:56:38,BHARATI,-29.69,36.0,979.72,86.16,207.06,98.32,0.21,85.18,24973.64,37.36,4998.16,25,0.22,0,ANOMALY_GENERATOR_OVERLOAD,425.88,3656.4,0.12,896.7,27.85,55,WARNING,6904.62,0.0,CRITICAL,NORMAL
2026-09-09 17:56:43,MAITRI,-29.5,44.75,1015.0,73.21,207.06,75.18,0.21,85.18,24973.94,28.57,4998.16,23,0.22,0,NONE,425.88,3608.52,0.12,685.62,36.43,0,NORMAL,5279.27,0.0,CRITICAL,NORMAL
2026-09-09 17:56:43,BHARATI,-27.27,41.71,1008.43,56.32,207.06,72.03,0.2,85.18,24973.6,27.37,4998.16,21,0.21,0,NONE,425.88,3457.4,0.12,656.91,38.02,0,NORMAL,5058.18,0.0,CRITICAL,NORMAL
2026-09-09 17:56:48,MAITRI,-34.45,52.16,994.46,73.12,207.06,98.1,0.21,85.18,24973.89,37.28,4998.15,15,0.23,0,ANOMALY_GENERATOR_OVERLOAD,425.88,3704.09,0.11,894.71,27.91,55,WARNING,6889.3,0.0,CRITICAL,NORMAL
2026-09-09 17:56:48,BHARATI,-25.49,52.92,990.05,70.65,207.06,97.68,0.2,85.18,24973.55,37.12,4998.16,23,0.21,0,ANOMALY_GENERATOR_OVERLOAD,425.88,3406.25,0.13,890.86,28.03,55,WARNING,6859.65,0.0,CRITICAL,NORMAL
2026-09-09 17:56:53,MAITRI,-32.75,36.67,995.77,58.52,207.06,76.99,0.21,85.18,24973.85,29.26,4998.15,19,0.22,0,NONE,425.88,3695.64,0.12,702.17,35.57,0,NORMAL,5406.72,0.0,CRITICAL,NORMAL
2026-09-09 17:56:53,BHARATI,-18.64,31.49,1010.17,52.59,207.06,63.37,0.18,85.18,24973.52,24.08,4998.16,22,0.18,0,NONE,425.88,3041.94,0.14,577.97,43.21,0,NORMAL,4450.36,0.0,CRITICAL,NORMAL
2026-09-09 17:56:58,MAITRI,-38.78,49.9,976.65,88.06,207.06,93.95,0.23,85.18,24973.8,35.7,4998.15,18,0.24,0,ANOMALY_GENERATOR_OVERLOAD,425.88,3980.06,0.11,856.85,29.15,65,WARNING,6597.76,0.0,CRITICAL,NORMAL
2026-09-09 17:56:58,BHARATI,-31.07,49.72,990.08,83.43,207.06,92.1,0.21,85.18,24973.47,35.0,4998.15,20,0.22,0,ANOMALY_GENERATOR_OVERLOAD,425.88,3629.95,0.12,839.97,29.73,55,WARNING,6467.77,0.0,CRITICAL,NORMAL
2026-09-09 17:57:03,MAITRI,-20.48,20.19,1011.23,51.63,207.06,69.71,0.19,85.18,24973.76,26.49,4998.15,33,0.2,0,NONE,425.88,3346.04,0.13,635.75,39.28,0,NORMAL,4895.26,0.0,CRITICAL,NORMAL
2026-09-09 17:57:03,BHARATI,-27.07,19.63,1011.64,61.34,207.06,75.82,0.21,85.18,24973.43,28.81,4998.15,31,0.22,0,NONE,425.88,3639.5,0.12,691.51,36.11,0,NORMAL,5324.59,0.0,CRITICAL,NORMAL
2026-09-09 17:57:08,MAITRI,-37.93,40.0,993.99,77.56,207.06,92.55,0.23,85.18,24973.71,35.17,4998.14,17,0.24,0,ANOMALY_GENERATOR_OVERLOAD,425.88,3917.96,0.11,844.04,29.59,65,WARNING,6499.09,0.0,CRITICAL,NORMAL
2026-09-09 17:57:08,BHARATI,-18.72,36.85,1012.37,74.56,207.06,63.05,0.18,85.18,24973.39,23.96,4998.15,21,0.18,0,NONE,425.88,3026.55,0.14,575.04,43.43,0,NORMAL,4427.84,0.0,CRITICAL,NORMAL
2026-09-09 17:57:13,MAITRI,-15.07,21.43,993.12,58.7,207.06,62.02,0.17,85.18,24973.68,23.57,4998.14,28,0.18,0,NONE,425.88,2976.9,0.14,565.61,44.15,0,NORMAL,4355.2,0.0,CRITICAL,NORMAL
2026-09-09 17:57:13,BHARATI,-20.39,38.52,986.83,78.87,207.06,97.13,0.18,85.18,24973.34,36.91,4998.15,25,0.19,0,ANOMALY_GENERATOR_OVERLOAD,425.88,3187.6,0.13,885.82,28.19,55,WARNING,6820.78,0.0,CRITICAL,NORMAL
2026-09-09 17:57:18,MAITRI,-24.32,11.29,999.9,56.69,207.06,70.94,0.2,85.18,24973.64,26.96,4998.14,26,0.21,0,NONE,425.88,3405.15,0.13,646.98,38.6,0,NORMAL,4981.73,0.0,CRITICAL,NORMAL
2026-09-09 17:57:18,BHARATI,-44.64,76.83,963.61,96.39,0.0,89.55,0.25,58.13,24973.3,34.03,4998.14,22,0.26,0,NONE,290.67,4352.22,0.07,816.72,30.58,70,CRITICAL,6288.73,0.0,CRITICAL,NORMAL
2026-09-09 17:57:23,MAITRI,-22.72,27.04,1013.71,62.92,207.06,66.45,0.18,85.18,24973.61,25.25,4998.14,19,0.19,0,NONE,425.88,3189.73,0.13,606.05,41.21,0,NORMAL,4666.57,0.0,CRITICAL,NORMAL
2026-09-09 17:57:23,BHARATI,-24.53,54.11,981.05,82.82,207.06,93.06,0.19,85.18,24973.25,35.36,4998.14,22,0.2,0,ANOMALY_GENERATOR_OVERLOAD,425.88,3338.51,0.13,848.74,29.42,55,WARNING,6535.26,0.0,CRITICAL,NORMAL
2026-09-09 17:57:28,MAITRI,-37.13,56.61,994.74,88.08,207.06,94.5,0.24,85.18,24973.56,35.91,4998.13,32,0.25,0,ANOMALY_GENERATOR_OVERLOAD,425.88,4165.69,0.1,861.81,28.98,65,WARNING,6635.9,0.0,CRITICAL,NORMAL
2026-09-09 17:57:28,BHARATI,-20.32,41.52,1013.77,79.23,207.06,63.14,0.18,85.18,24973.21,23.99,4998.14,17,0.18,0,NONE,425.88,3030.52,0.14,575.8,43.37,0,NORMAL,4433.65,0.0,CRITICAL,NORMAL
2026-09-09 17:57:33,MAITRI,-41.77,78.1,952.93,85.32,0.0,96.94,0.24,55.92,24973.51,36.84,4998.13,20,0.25,0,ANOMALY_GENERATOR_OVERLOAD,279.59,4169.39,0.07,884.12,28.25,90,CRITICAL,6807.72,0.0,CRITICAL,NORMAL
2026-09-09 17:57:33,BHARATI,-37.02,56.33,950.6,93.92,0.0,93.85,0.24,56.84,24973.16,35.66,4998.13,29,0.25,0,ANOMALY_GENERATOR_OVERLOAD,284.22,4102.49,0.07,855.95,29.18,90,CRITICAL,6590.8,0.0,CRITICAL,NORMAL
2026-09-09 17:57:38,MAITRI,-26.06,43.83,995.76,57.95,207.06,68.77,0.19,85.18,24973.47,26.13,4998.13,16,0.2,0,NONE,425.88,3300.74,0.13,627.14,39.82,0,NORMAL,4828.98,0.0,CRITICAL,NORMAL
2026-09-09 17:57:38,BHARATI,-18.82,20.54,997.1,78.88,207.06,60.76,0.17,85.18,24973.13,23.09,4998.13,15,0.18,0,NONE,425.88,2916.72,0.15,554.18,45.06,0,NORMAL,4267.16,0.0,CRITICAL,NORMAL
2026-09-09 17:57:43,MAITRI,-16.13,33.22,988.16,69.79,207.06,63.54,0.18,85.18,24973.44,24.14,4998.13,29,0.19,0,NONE,425.88,3049.81,0.14,579.46,43.1,0,NORMAL,4461.88,0.0,CRITICAL,NORMAL
2026-09-09 17:57:43,BHARATI,-34.78,10.7,989.74,52.5,207.06,81.92,0.23,85.18,24973.09,31.13,4998.13,26,0.24,0,NONE,425.88,3932.03,0.11,747.09,33.43,0,NORMAL,5752.56,0.0,CRITICAL,NORMAL
2026-09-09 17:57:48,MAITRI,-28.16,41.9,997.62,54.73,207.06,73.37,0.2,85.18,24973.4,27.88,4998.12,22,0.21,0,NONE,425.88,3521.75,0.12,669.13,37.32,0,NORMAL,5152.32,0.0,CRITICAL,NORMAL
2026-09-09 17:57:48,BHARATI,-31.12,12.71,1014.42,79.02,207.06,78.08,0.22,85.18,24973.05,29.67,4998.13,26,0.23,0,NONE,425.88,3747.61,0.11,712.05,35.07,0,NORMAL,5482.75,0.0,CRITICAL,NORMAL
2026-09-09 17:57:53,MAITRI,-38.32,77.44,973.2,86.16,0.0,94.85,0.24,56.55,24973.35,36.04,4998.12,27,0.25,0,ANOMALY_GENERATOR_OVERLOAD,282.73,4129.59,0.07,865.03,28.87,90,CRITICAL,6660.69,0.0,CRITICAL,NORMAL
2026-09-09 17:57:53,BHARATI,-17.27,32.21,1012.01,54.32,207.06,59.13,0.16,85.18,24973.02,22.47,4998.13,15,0.17,0,NONE,425.88,2838.46,0.15,539.31,46.31,0,NORMAL,4152.67,0.0,CRITICAL,NORMAL
2026-09-09 17:57:58,MAITRI,-25.49,14.06,990.58,79.62,207.06,74.56,0.21,85.18,24973.31,28.33,4998.12,32,0.22,0,NONE,425.88,3578.93,0.12,680.0,36.73,0,NORMAL,5235.97,0.0,CRITICAL,NORMAL
2026-09-09 17:57:58,BHARATI,-38.23,53.45,982.94,89.74,207.06,99.0,0.23,85.18,24972.96,37.62,4998.12,15,0.24,0,ANOMALY_GENERATOR_OVERLOAD,425.88,3894.93,0.11,902.86,27.66,65,WARNING,6952.02,0.0,CRITICAL,NORMAL
2026-09-09 17:58:03,MAITRI,-19.24,14.8,1005.31,54.86,207.06,61.2,0.17,85.18,24973.28,23.26,4998.11,15,0.18,0,NONE,425.88,2937.51,0.14,558.13,44.74,0,NORMAL,4297.58,0.0,CRITICAL,NORMAL
2026-09-09 17:58:03,BHARATI,-23.92,12.63,1002.84,53.79,207.06,68.91,0.19,85.18,24972.93,26.19,4998.12,22,0.2,0,NONE,425.88,3307.76,0.13,628.47,39.74,0,NORMAL,4839.25,0.0,CRITICAL,NORMAL
2026-09-09 17:58:08,MAITRI,-19.72,20.2,990.47,75.43,207.06,65.31,0.18,85.18,24973.24,24.82,4998.11,24,0.19,0,NONE,425.88,3134.75,0.14,595.6,41.93,0,NORMAL,4586.14,0.0,CRITICAL,NORMAL
2026-09-09 17:58:08,BHARATI,-18.78,10.27,1000.48,69.64,207.06,67.92,0.19,85.18,24972.89,25.81,4998.12,33,0.2,0,NONE,425.88,3260.24,0.13,619.45,40.31,0,NORMAL,4769.73,0.0,CRITICAL,NORMAL
2026-09-09 17:58:13,MAITRI,-18.11,26.86,1012.98,74.91,207.06,62.01,0.17,85.18,24973.21,23.56,4998.11,20,0.18,0,NONE,425.88,2976.55,0.14,565.55,44.16,0,NORMAL,4354.7,0.0,CRITICAL,NORMAL
2026-09-09 17:58:13,BHARATI,-28.48,44.24,1004.26,77.33,207.06,74.51,0.21,85.18,24972.85,28.31,4998.11,24,0.22,0,NONE,425.88,3576.24,0.12,679.49,36.75,0,NORMAL,5232.04,0.0,CRITICAL,NORMAL
2026-09-09 17:58:18,MAITRI,-17.79,14.17,1000.78,69.57,207.06,65.68,0.18,85.18,24973.17,24.96,4998.11,30,0.19,0,NONE,425.88,3152.53,0.14,598.98,41.69,0,NORMAL,4612.15,0.0,CRITICAL,NORMAL
2026-09-09 17:58:18,BHARATI,-22.68,10.61,999.06,58.51,207.06,67.61,0.19,85.18,24972.82,25.69,4998.11,22,0.2,0,NONE,425.88,3245.25,0.13,616.6,40.5,0,NORMAL,4747.79,0.0,CRITICAL,NORMAL
2026-09-09 17:58:23,MAITRI,-15.87,39.34,999.77,63.39,207.06,60.46,0.17,85.18,24973.14,22.98,4998.1,22,0.18,0,NONE,425.88,2902.29,0.15,551.43,45.29,0,NORMAL,4246.05,0.0,CRITICAL,NORMAL
2026-09-09 17:58:23,BHARATI,-18.4,36.88,1008.52,68.78,207.06,60.32,0.17,85.18,24972.78,22.92,4998.11,15,0.18,0,NONE,425.88,2895.5,0.15,550.14,45.39,0,NORMAL,4236.11,0.0,CRITICAL,NORMAL
2026-09-09 17:58:28,MAITRI,-29.44,40.11,1008.44,73.73,207.06,73.91,0.21,85.18,24973.1,28.09,4998.1,20,0.22,0,NONE,425.88,3547.69,0.12,674.06,37.05,0,NORMAL,5190.27,0.0,CRITICAL,NORMAL
2026-09-09 17:58:28,BHARATI,-24.2,43.44,992.96,74.96,207.06,94.61,0.19,85.18,24972.73,35.95,4998.11,24,0.2,0,ANOMALY_GENERATOR_OVERLOAD,425.88,3360.3,0.13,862.81,28.94,55,WARNING,6643.64,0.0,CRITICAL,NORMAL
2026-09-09 17:58:33,MAITRI,-20.56,32.84,1011.16,77.75,207.06,68.99,0.19,85.18,24973.07,26.22,4998.1,31,0.2,0,NONE,425.88,3311.65,0.13,629.21,39.69,0,NORMAL,4844.94,0.0,CRITICAL,NORMAL
2026-09-09 17:58:33,BHARATI,-34.76,38.35,1001.81,58.79,207.06,85.1,0.24,85.18,24972.69,32.34,4998.1,34,0.25,0,NONE,425.88,4084.87,0.1,776.13,32.18,0,NORMAL,5976.16,0.0,CRITICAL,NORMAL
2026-09-09 17:58:38,MAITRI,-32.46,10.98,1001.35,60.12,207.06,78.29,0.22,85.18,24973.02,29.75,4998.09,23,0.23,0,NONE,425.88,3757.77,0.11,713.98,34.98,0,NORMAL,5497.62,0.0,CRITICAL,NORMAL
2026-09-09 17:58:38,BHARATI,-21.79,19.66,991.03,66.72,207.06,69.48,0.19,85.18,24972.65,26.4,4998.1,29,0.2,0,NONE,425.88,3335.25,0.13,633.7,39.41,0,NORMAL,4879.47,0.0,CRITICAL,NORMAL
2026-09-09 17:58:43,MAITRI,-16.46,19.64,1002.55,54.88,207.06,65.89,0.18,85.18,24972.99,25.04,4998.09,34,0.19,0,NONE,425.88,3162.53,0.13,600.88,41.56,0,NORMAL,4626.78,0.0,CRITICAL,NORMAL
2026-09-09 17:58:43,BHARATI,-30.39,13.37,999.69,67.4,207.06,72.91,0.2,85.18,24972.61,27.71,4998.1,15,0.21,0,NONE,425.88,3499.69,0.12,664.94,37.56,0,NORMAL,5120.04,0.0,CRITICAL,NORMAL
2026-09-09 17:58:48,MAITRI,-28.35,39.33,1002.78,72.65,207.06,74.77,0.21,85.18,24972.95,28.41,4998.09,25,0.22,0,NONE,425.88,3588.97,0.12,681.9,36.62,0,NORMAL,5250.66,0.0,CRITICAL,NORMAL
2026-09-09 17:58:48,BHARATI,-29.33,16.19,1004.65,53.42,207.06,78.99,0.22,85.18,24972.57,30.02,4998.09,33,0.23,0,NONE,425.88,3791.71,0.11,720.42,34.66,0,NORMAL,5547.27,0.0,CRITICAL,NORMAL
2026-09-09 17:58:53,MAITRI,-20.76,40.25,983.94,70.45,207.06,97.21,0.18,85.18,24972.9,36.94,4998.09,18,0.19,0,ANOMALY_GENERATOR_OVERLOAD,425.88,3071.81,0.14,886.58,28.17,55,WARNING,6826.68,0.0,CRITICAL,NORMAL
2026-09-09 17:58:53,BHARATI,-24.71,23.76,998.0,69.09,207.06,72.54,0.2,85.18,24972.53,27.57,4998.09,29,0.21,0,NONE,425.88,3482.15,0.12,661.61,37.75,0,NORMAL,5094.39,0.0,CRITICAL,NORMAL
2026-09-09 17:58:58,MAITRI,-18.46,24.2,1003.5,64.63,207.06,65.19,0.18,85.18,24972.86,24.77,4998.08,27,0.19,0,NONE,425.88,3128.95,0.14,594.5,42.01,0,NORMAL,4577.65,0.0,CRITICAL,NORMAL
2026-09-09 17:58:58,BHARATI,-16.76,38.0,995.24,78.76,207.06,65.4,0.18,85.18,24972.5,24.85,4998.09,32,0.19,0,NONE,425.88,3139.07,0.14,596.42,41.87,0,NORMAL,4592.45,0.0,CRITICAL,NORMAL
2026-09-09 17:59:03,MAITRI,-23.93,39.05,985.14,67.3,207.06,70.52,0.2,85.18,24972.83,26.8,4998.08,26,0.21,0,NONE,425.88,3385.03,0.13,643.16,38.83,0,NORMAL,4952.31,0.0,CRITICAL,NORMAL
2026-09-09 17:59:03,BHARATI,-23.28,25.04,1014.09,61.22,207.06,67.84,0.19,85.18,24972.46,25.78,4998.09,21,0.2,0,NONE,425.88,3256.26,0.13,618.69,40.36,0,NORMAL,4763.91,0.0,CRITICAL,NORMAL
2026-09-09 17:59:08,MAITRI,-33.73,17.94,993.78,72.25,207.06,82.02,0.23,85.18,24972.78,31.17,4998.08,29,0.24,0,NONE,425.88,3936.76,0.11,747.98,33.39,0,NORMAL,5759.48,0.0,CRITICAL,NORMAL
2026-09-09 17:59:08,BHARATI,-28.24,24.61,996.15,50.81,207.06,77.05,0.21,85.18,24972.42,29.28,4998.08,31,0.22,0,NONE,425.88,3698.48,0.12,702.71,35.54,0,NORMAL,5410.87,0.0,CRITICAL,NORMAL
2026-09-09 17:59:14,MAITRI,-29.64,29.39,987.44,50.35,207.06,72.13,0.2,85.18,24972.75,27.41,4998.07,15,0.21,0,NONE,425.88,3462.04,0.12,657.79,37.96,0,NORMAL,5064.96,0.0,CRITICAL,NORMAL
2026-09-09 17:59:14,BHARATI,-18.7,37.52,1004.09,53.08,207.06,66.24,0.18,85.18,24972.39,25.17,4998.08,29,0.19,0,NONE,425.88,3179.39,0.13,604.08,41.34,0,NORMAL,4651.45,0.0,CRITICAL,NORMAL
2026-09-09 17:59:19,MAITRI,-17.17,14.34,1000.09,76.41,207.06,64.23,0.18,85.18,24972.71,24.41,4998.07,28,0.19,0,NONE,425.88,3083.19,0.14,585.81,42.63,0,NORMAL,4510.71,0.0,CRITICAL,NORMAL
2026-09-09 17:59:19,BHARATI,-19.33,24.5,994.22,79.79,207.06,62.09,0.17,85.18,24972.36,23.59,4998.08,17,0.18,0,NONE,425.88,2980.39,0.14,566.27,44.1,0,NORMAL,4360.3,0.0,CRITICAL,NORMAL
2026-09-09 17:59:24,MAITRI,-31.48,23.06,995.57,71.83,207.06,74.06,0.21,85.18,24972.67,28.14,4998.07,15,0.22,0,NONE,425.88,3554.69,0.12,675.39,36.98,0,NORMAL,5200.52,0.0,CRITICAL,NORMAL
2026-09-09 17:59:24,BHARATI,-28.82,44.81,970.04,78.63,207.06,98.26,0.21,85.18,24972.3,37.34,4998.07,25,0.22,0,ANOMALY_GENERATOR_OVERLOAD,425.88,3612.49,0.12,896.09,27.87,55,WARNING,6899.88,0.0,CRITICAL,NORMAL
2026-09-09 17:59:29,MAITRI,-31.05,35.77,985.3,74.25,207.06,95.54,0.22,85.18,24972.62,36.31,4998.07,29,0.23,0,ANOMALY_GENERATOR_OVERLOAD,425.88,3801.73,0.11,871.33,28.66,55,WARNING,6709.26,0.0,CRITICAL,NORMAL
2026-09-09 17:59:29,BHARATI,-15.22,22.53,1009.14,71.06,207.06,60.58,0.17,85.18,24972.27,23.02,4998.07,24,0.18,0,NONE,425.88,2908.01,0.15,552.52,45.2,0,NORMAL,4254.42,0.0,CRITICAL,NORMAL
2026-09-09 17:59:34,MAITRI,-34.69,16.03,985.63,53.92,207.06,83.42,0.23,85.18,24972.58,31.7,4998.06,30,0.24,0,NONE,425.88,4004.39,0.11,760.83,32.82,0,NORMAL,5858.42,0.0,CRITICAL,NORMAL
2026-09-09 17:59:34,BHARATI,-20.0,21.86,991.74,66.59,207.06,63.6,0.18,85.18,24972.24,24.17,4998.07,19,0.19,0,NONE,425.88,3053.0,0.14,580.07,43.05,0,NORMAL,4466.55,0.0,CRITICAL,NORMAL
2026-09-09 17:59:39,MAITRI,-27.37,42.63,990.11,72.28,207.06,97.03,0.21,85.18,24972.53,36.87,4998.06,27,0.22,0,ANOMALY_GENERATOR_OVERLOAD,425.88,3577.64,0.12,884.88,28.22,55,WARNING,6813.56,0.0,CRITICAL,NORMAL
2026-09-09 17:59:39,BHARATI,-30.82,32.13,1009.37,52.09,207.06,75.76,0.21,85.18,24972.2,28.79,4998.07,21,0.22,0,NONE,425.88,3636.53,0.12,690.94,36.14,0,NORMAL,5320.24,0.0,CRITICAL,NORMAL
2026-09-09 17:59:44,MAITRI,-20.25,43.18,995.84,70.2,207.06,67.07,0.19,85.18,24972.49,25.49,4998.06,27,0.2,0,NONE,425.88,3219.22,0.13,611.65,40.83,0,NORMAL,4709.72,0.0,CRITICAL,NORMAL
2026-09-09 17:59:44,BHARATI,-26.82,11.64,1003.16,76.18,207.06,75.56,0.21,85.18,24972.16,28.71,4998.06,31,0.22,0,NONE,425.88,3627.07,0.12,689.14,36.24,0,NORMAL,5306.41,0.0,CRITICAL,NORMAL
2026-09-09 17:59:49,MAITRI,-30.17,17.93,988.96,58.56,207.06,73.08,0.2,85.18,24972.45,27.77,4998.05,16,0.21,0,NONE,425.88,3507.7,0.12,666.46,37.47,0,NORMAL,5131.77,0.0,CRITICAL,NORMAL
2026-09-09 17:59:49,BHARATI,-27.21,17.48,988.39,53.7,207.06,73.58,0.2,85.18,24972.12,27.96,4998.06,25,0.21,0,NONE,425.88,3531.61,0.12,671.01,37.22,0,NORMAL,5166.75,0.0,CRITICAL,NORMAL
2026-09-09 17:59:54,MAITRI,-26.46,58.51,976.05,71.41,207.06,96.73,0.19,85.18,24972.4,36.76,4998.05,17,0.2,0,ANOMALY_GENERATOR_OVERLOAD,425.88,3339.77,0.13,882.21,28.31,55,WARNING,6793.03,0.0,CRITICAL,NORMAL
2026-09-09 17:59:54,BHARATI,-38.67,40.88,980.61,76.42,207.06,97.11,0.23,85.18,24972.07,36.9,4998.06,15,0.24,0,ANOMALY_GENERATOR_OVERLOAD,425.88,3916.72,0.11,885.61,28.2,65,WARNING,6819.16,0.0,CRITICAL,NORMAL
2026-09-09 17:59:59,MAITRI,-15.94,29.94,991.71,54.45,207.06,59.34,0.16,85.18,24972.37,22.55,4998.05,19,0.17,0,NONE,425.88,2848.35,0.15,541.19,46.14,0,NORMAL,4167.14,0.0,CRITICAL,NORMAL
2026-09-09 17:59:59,BHARATI,-20.31,39.33,1005.96,58.5,207.06,67.53,0.19,85.18,24972.03,25.66,4998.05,28,0.2,0,NONE,425.88,3241.28,0.13,615.84,40.55,0,NORMAL,4741.99,0.0,CRITICAL,NORMAL
2026-09-09 18:00:04,MAITRI,-32.17,44.55,1004.19,67.9,0.0,80.38,0.22,80.0,24972.33,30.55,4998.05,29,0.23,0,NONE,400.0,3858.42,0.1,733.1,34.06,0,NORMAL,5644.86,0.0,CRITICAL,NORMAL
2026-09-09 18:00:04,BHARATI,-16.64,43.31,987.62,56.89,0.0,58.87,0.16,80.0,24972.0,22.37,4998.05,16,0.17,0,NONE,400.0,2825.93,0.14,536.93,46.51,0,NORMAL,4134.33,0.0,CRITICAL,NORMAL
2026-09-09 18:00:09,MAITRI,-16.93,30.96,1011.37,78.03,0.0,66.37,0.18,80.0,24972.29,25.22,4998.04,34,0.19,0,NONE,400.0,3185.99,0.13,605.34,41.25,0,NORMAL,4661.1,0.0,CRITICAL,NORMAL
2026-09-09 18:00:09,BHARATI,-25.71,38.89,973.17,71.35,0.0,97.3,0.2,80.0,24971.95,36.97,4998.05,28,0.21,0,ANOMALY_GENERATOR_OVERLOAD,400.0,3513.52,0.11,887.35,28.14,55,WARNING,6832.62,0.0,CRITICAL,NORMAL
2026-09-09 18:00:14,MAITRI,-30.74,31.74,997.35,58.04,0.0,79.68,0.22,80.0,24972.25,30.28,4998.04,31,0.23,0,NONE,400.0,3824.42,0.1,726.64,34.37,0,NORMAL,5595.12,0.0,CRITICAL,NORMAL
2026-09-09 18:00:14,BHARATI,-26.8,26.37,1012.37,61.2,0.0,71.94,0.2,80.0,24971.91,27.34,4998.05,22,0.21,0,NONE,400.0,3453.26,0.12,656.12,38.06,0,NORMAL,5052.12,0.0,CRITICAL,NORMAL
2026-09-09 18:00:19,MAITRI,-32.54,43.34,988.7,70.0,0.0,79.56,0.22,80.0,24972.21,30.23,4998.04,26,0.23,0,NONE,400.0,3818.98,0.1,725.61,34.42,0,NORMAL,5587.17,0.0,CRITICAL,NORMAL
2026-09-09 18:00:19,BHARATI,-25.43,42.54,1007.33,58.82,0.0,72.5,0.2,80.0,24971.87,27.55,4998.04,27,0.21,0,NONE,400.0,3480.06,0.11,661.21,37.77,0,NORMAL,5091.32,0.0,CRITICAL,NORMAL
2026-09-09 18:00:24,MAITRI,-19.66,38.74,1012.9,79.25,0.0,64.44,0.18,80.0,24972.18,24.49,4998.03,22,0.19,0,NONE,400.0,3093.19,0.13,587.71,42.49,0,NORMAL,4525.34,0.0,CRITICAL,NORMAL
2026-09-09 18:00:24,BHARATI,-28.52,25.69,1012.96,56.2,0.0,77.34,0.21,80.0,24971.83,29.39,4998.04,31,0.23,0,NONE,400.0,3712.39,0.11,705.35,35.4,0,NORMAL,5431.22,0.0,CRITICAL,NORMAL
2026-09-09 18:00:29,MAITRI,-33.89,30.49,990.88,72.8,0.0,77.39,0.21,80.0,24972.14,29.41,4998.03,17,0.23,0,NONE,400.0,3714.61,0.11,705.78,35.38,0,NORMAL,5434.47,0.0,CRITICAL,NORMAL
2026-09-09 18:00:29,BHARATI,-15.29,12.55,985.71,78.01,0.0,63.46,0.18,80.0,24971.8,24.11,4998.04,31,0.19,0,NONE,400.0,3046.01,0.13,578.74,43.15,0,NORMAL,4456.31,0.0,CRITICAL,NORMAL
2026-09-09 18:00:34,MAITRI,-25.07,41.82,994.04,52.31,0.0,69.72,0.19,80.0,24972.1,26.49,4998.03,21,0.2,0,NONE,400.0,3346.55,0.12,635.84,39.27,0,NORMAL,4896.0,0.0,CRITICAL,NORMAL
2026-09-09 18:00:34,BHARATI,-30.99,32.53,1001.31,79.73,0.0,81.14,0.23,80.0,24971.76,30.83,4998.03,34,0.24,0,NONE,400.0,3894.88,0.1,740.03,33.74,0,NORMAL,5698.21,0.0,CRITICAL,NORMAL
2026-09-09 18:00:39,MAITRI,-32.52,15.69,1011.32,66.86,0.0,75.94,0.21,80.0,24972.06,28.86,4998.03,17,0.22,0,NONE,400.0,3645.16,0.11,692.58,36.06,0,NORMAL,5332.87,0.0,CRITICAL,NORMAL
2026-09-09 18:00:39,BHARATI,-30.98,39.42,996.11,61.46,0.0,74.33,0.21,80.0,24971.72,28.24,4998.03,17,0.22,0,NONE,400.0,3567.75,0.11,677.87,36.84,0,NORMAL,5219.62,0.0,CRITICAL,NORMAL
2026-09-09 18:00:44,MAITRI,-15.95,30.07,986.93,74.51,0.0,57.75,0.16,80.0,24972.03,21.94,4998.03,15,0.17,0,NONE,400.0,2771.86,0.14,526.65,47.42,0,NORMAL,4055.24,0.0,CRITICAL,NORMAL
2026-09-09 18:00:44,BHARATI,-23.26,22.78,1002.45,75.59,0.0,70.62,0.2,80.0,24971.68,26.84,4998.03,28,0.21,0,NONE,400.0,3390.0,0.12,644.1,38.77,0,NORMAL,4959.57,0.0,CRITICAL,NORMAL
2026-09-09 18:00:49,MAITRI,-16.76,35.18,997.09,68.14,0.0,61.39,0.17,80.0,24972.0,23.33,4998.02,22,0.18,0,NONE,400.0,2946.9,0.14,559.91,44.6,0,NORMAL,4311.32,0.0,CRITICAL,NORMAL
2026-09-09 18:00:49,BHARATI,-23.56,11.52,1012.08,70.72,0.0,70.54,0.2,80.0,24971.64,26.81,4998.02,27,0.21,0,NONE,400.0,3386.07,0.12,643.35,38.81,0,NORMAL,4953.82,0.0,CRITICAL,NORMAL
2026-09-09 18:00:54,MAITRI,-28.21,20.38,988.95,54.54,0.0,75.82,0.21,80.0,24971.96,28.81,4998.02,28,0.22,0,NONE,400.0,3639.19,0.11,691.45,36.12,0,NORMAL,5324.14,0.0,CRITICAL,NORMAL
2026-09-09 18:00:54,BHARATI,-18.69,24.56,997.81,78.83,0.0,63.83,0.18,80.0,24971.61,24.25,4998.02,23,0.19,0,NONE,400.0,3063.7,0.13,582.1,42.9,0,NORMAL,4482.19,0.0,CRITICAL,NORMAL
2026-09-09 18:00:59,MAITRI,-17.89,15.28,991.44,56.25,0.0,66.18,0.18,80.0,24971.92,25.15,4998.02,31,0.19,0,NONE,400.0,3176.62,0.13,603.56,41.37,0,NORMAL,4647.4,0.0,CRITICAL,NORMAL
2026-09-09 18:00:59,BHARATI,-17.12,35.79,988.29,57.71,0.0,64.98,0.18,80.0,24971.58,24.69,4998.02,30,0.19,0,NONE,400.0,3119.09,0.13,592.63,42.14,0,NORMAL,4563.22,0.0,CRITICAL,NORMAL
2026-09-09 18:01:04,MAITRI,-23.85,44.03,982.32,72.09,0.0,94.15,0.19,80.0,24971.87,35.78,4998.01,18,0.2,0,ANOMALY_GENERATOR_OVERLOAD,400.0,3227.67,0.12,858.69,29.08,55,WARNING,6611.89,0.0,CRITICAL,NORMAL
2026-09-09 18:01:04,BHARATI,-35.99,37.41,986.84,72.86,0.0,94.42,0.23,80.0,24971.53,35.88,4998.02,21,0.24,0,ANOMALY_GENERATOR_OVERLOAD,400.0,3897.29,0.1,861.1,29.0,65,WARNING,6630.49,0.0,CRITICAL,NORMAL
2026-09-09 18:01:09,MAITRI,-18.55,34.53,1008.88,71.87,0.0,63.68,0.18,80.0,24971.84,24.2,4998.01,23,0.19,0,NONE,400.0,3056.57,0.13,580.75,43.0,0,NORMAL,4471.76,0.0,CRITICAL,NORMAL
2026-09-09 18:01:09,BHARATI,-23.89,27.04,1010.63,66.98,0.0,70.09,0.19,80.0,24971.49,26.63,4998.01,25,0.2,0,NONE,400.0,3364.13,0.12,639.18,39.07,0,NORMAL,4921.72,0.0,CRITICAL,NORMAL
2026-09-09 18:01:14,MAITRI,-38.15,42.46,984.87,74.88,0.0,96.63,0.23,80.0,24971.79,36.72,4998.01,17,0.24,0,ANOMALY_GENERATOR_OVERLOAD,400.0,3929.11,0.1,881.23,28.34,65,WARNING,6785.43,0.0,CRITICAL,NORMAL
2026-09-09 18:01:14,BHARATI,-33.55,26.26,1013.11,72.97,0.0,77.83,0.22,80.0,24971.45,29.58,4998.01,19,0.23,0,NONE,400.0,3735.9,0.11,709.82,35.18,0,NORMAL,5465.63,0.0,CRITICAL,NORMAL
2026-09-09 18:01:19,MAITRI,-17.81,16.26,994.35,58.6,0.0,59.7,0.17,80.0,24971.75,22.69,4998.01,15,0.17,0,NONE,400.0,2865.79,0.14,544.5,45.86,0,NORMAL,4192.64,0.0,CRITICAL,NORMAL
2026-09-09 18:01:19,BHARATI,-24.74,21.68,993.09,55.61,0.0,74.17,0.21,80.0,24971.41,28.19,4998.01,33,0.22,0,NONE,400.0,3560.29,0.11,676.45,36.92,0,NORMAL,5208.7,0.0,CRITICAL,NORMAL
2026-09-09 18:01:24,MAITRI,-21.31,13.35,1012.96,68.62,0.0,66.97,0.19,80.0,24971.72,25.45,4998.01,24,0.2,0,NONE,400.0,3214.79,0.12,610.81,40.88,0,NORMAL,4703.24,0.0,CRITICAL,NORMAL
2026-09-09 18:01:24,BHARATI,-31.49,43.94,1003.87,51.5,0.0,80.06,0.22,80.0,24971.37,30.42,4998.0,30,0.23,0,NONE,400.0,3842.87,0.1,730.15,34.2,0,NORMAL,5622.12,0.0,CRITICAL,NORMAL
2026-09-09 18:01:29,MAITRI,-17.5,22.25,998.75,71.89,0.0,62.18,0.17,80.0,24971.69,23.63,4998.0,22,0.18,0,NONE,400.0,2984.59,0.13,567.07,44.04,0,NORMAL,4366.46,0.0,CRITICAL,NORMAL
2026-09-09 18:01:29,BHARATI,-28.24,19.68,987.26,51.31,0.0,77.06,0.21,80.0,24971.33,29.28,4998.0,31,0.22,0,NONE,400.0,3698.7,0.11,702.75,35.53,0,NORMAL,5411.2,0.0,CRITICAL,NORMAL
2026-09-09 18:01:34,MAITRI,-31.39,35.53,988.27,66.2,0.0,73.96,0.21,80.0,24971.65,28.11,4998.0,15,0.22,0,NONE,400.0,3550.3,0.11,674.56,37.02,0,NORMAL,5194.1,0.0,CRITICAL,NORMAL
2026-09-09 18:01:34,BHARATI,-27.34,27.36,997.85,62.24,0.0,71.31,0.2,80.0,24971.29,27.1,4998.0,19,0.21,0,NONE,400.0,3422.94,0.12,650.36,38.4,0,NORMAL,5007.76,0.0,CRITICAL,NORMAL
2026-09-09 18:01:39,MAITRI,-27.32,20.41,999.99,51.12,0.0,76.09,0.21,80.0,24971.61,28.91,4998.0,31,0.22,0,NONE,400.0,3652.35,0.11,693.95,35.98,0,NORMAL,5343.4,0.0,CRITICAL,NORMAL
2026-09-09 18:01:39,BHARATI,-22.51,19.57,1001.68,62.65,0.0,67.04,0.19,80.0,24971.25,25.47,4998.0,21,0.2,0,NONE,400.0,3217.86,0.12,611.39,40.84,0,NORMAL,4707.73,0.0,CRITICAL,NORMAL
2026-09-09 18:01:44,MAITRI,-16.17,12.61,989.41,73.0,0.0,60.78,0.17,80.0,24971.58,23.1,4998.0,22,0.18,0,NONE,400.0,2917.52,0.14,554.33,45.05,0,NORMAL,4268.33,0.0,CRITICAL,NORMAL
2026-09-09 18:01:44,BHARATI,-25.46,13.88,996.41,74.53,0.0,70.94,0.2,80.0,24971.21,26.96,4997.99,23,0.21,0,NONE,400.0,3404.89,0.12,646.93,38.6,0,NORMAL,4981.35,0.0,CRITICAL,NORMAL
2026-09-09 18:01:49,MAITRI,-29.2,19.0,994.93,61.31,0.0,71.66,0.2,80.0,24971.54,27.23,4997.99,15,0.21,0,NONE,400.0,3439.53,0.12,653.51,38.21,0,NORMAL,5032.03,0.0,CRITICAL,NORMAL
2026-09-09 18:01:49,BHARATI,-25.83,42.02,983.27,78.62,0.0,98.55,0.2,80.0,24971.16,37.45,4997.99,21,0.21,0,ANOMALY_GENERATOR_OVERLOAD,400.0,3384.89,0.12,898.76,27.78,55,WARNING,6920.44,0.0,CRITICAL,NORMAL
2026-09-09 18:01:54,MAITRI,-40.58,61.93,954.01,91.64,0.0,87.43,0.23,58.77,24971.49,33.22,4997.99,16,0.25,0,NONE,293.86,4032.41,0.07,797.35,31.32,70,CRITICAL,6139.61,0.0,CRITICAL,NORMAL
2026-09-09 18:01:54,BHARATI,-26.73,41.81,1001.37,56.97,0.0,73.47,0.2,80.0,24971.12,27.92,4997.99,26,0.21,0,NONE,400.0,3526.51,0.11,670.04,37.27,0,NORMAL,5159.28,0.0,CRITICAL,NORMAL
2026-09-09 18:01:59,MAITRI,-27.23,39.58,993.92,52.65,0.0,75.99,0.21,80.0,24971.45,28.88,4997.99,31,0.22,0,NONE,400.0,3647.75,0.11,693.07,36.03,0,NORMAL,5336.66,0.0,CRITICAL,NORMAL
2026-09-09 18:01:59,BHARATI,-41.82,74.4,957.17,92.49,0.0,94.26,0.25,56.72,24971.07,35.82,4997.98,25,0.26,0,ANOMALY_GENERATOR_OVERLOAD,283.61,4267.83,0.07,859.64,29.05,90,CRITICAL,6619.23,0.0,CRITICAL,NORMAL
2026-09-09 18:02:04,MAITRI,-20.25,13.03,1000.97,60.02,0.0,64.66,0.18,80.0,24971.42,24.57,4997.99,21,0.19,0,NONE,400.0,3103.79,0.13,589.72,42.34,0,NORMAL,4540.84,0.0,CRITICAL,NORMAL
2026-09-09 18:02:04,BHARATI,-40.74,62.26,950.09,95.93,0.0,93.09,0.23,57.07,24971.03,35.37,4997.98,15,0.24,0,ANOMALY_GENERATOR_OVERLOAD,285.37,4021.24,0.07,848.97,29.41,90,CRITICAL,6537.07,0.0,CRITICAL,NORMAL
2026-09-09 18:02:09,MAITRI,-31.28,42.87,984.17,74.23,0.0,92.95,0.21,80.0,24971.37,35.32,4997.98,21,0.22,0,ANOMALY_GENERATOR_OVERLOAD,400.0,3659.48,0.11,847.69,29.46,55,WARNING,6527.19,0.0,CRITICAL,NORMAL
2026-09-09 18:02:09,BHARATI,-16.57,16.47,1012.22,66.4,0.0,65.2,0.18,80.0,24970.99,24.78,4997.98,32,0.19,0,NONE,400.0,3129.72,0.13,594.65,41.99,0,NORMAL,4578.79,0.0,CRITICAL,NORMAL
2026-09-09 18:02:14,MAITRI,-28.38,36.04,993.1,69.9,0.0,75.2,0.21,80.0,24971.33,28.57,4997.98,26,0.22,0,NONE,400.0,3609.38,0.11,685.78,36.41,0,NORMAL,5280.52,0.0,CRITICAL,NORMAL
2026-09-09 18:02:14,BHARATI,-25.6,30.31,1002.43,50.73,0.0,68.28,0.19,80.0,24970.95,25.94,4997.98,16,0.2,0,NONE,400.0,3277.22,0.12,622.67,40.1,0,NORMAL,4794.58,0.0,CRITICAL,NORMAL
2026-09-09 18:02:19,MAITRI,-16.36,36.13,1007.69,65.93,0.0,60.58,0.17,80.0,24971.3,23.02,4997.98,21,0.18,0,NONE,400.0,2907.91,0.14,552.5,45.2,0,NORMAL,4254.28,0.0,CRITICAL,NORMAL
2026-09-09 18:02:19,BHARATI,-20.24,14.72,1009.43,78.01,0.0,63.05,0.18,80.0,24970.92,23.96,4997.98,17,0.18,0,NONE,400.0,3026.44,0.13,575.02,43.43,0,NORMAL,4427.69,0.0,CRITICAL,NORMAL
2026-09-09 18:02:24,MAITRI,-30.43,36.24,992.2,86.94,0.0,95.55,0.22,80.0,24971.25,36.31,4997.97,32,0.23,0,ANOMALY_GENERATOR_OVERLOAD,400.0,3828.05,0.1,871.41,28.66,55,WARNING,6709.84,0.0,CRITICAL,NORMAL
2026-09-09 18:02:24,BHARATI,-22.9,23.02,1005.64,74.09,0.0,69.85,0.19,80.0,24970.88,26.54,4997.97,27,0.2,0,NONE,400.0,3352.64,0.12,637.0,39.2,0,NORMAL,4904.91,0.0,CRITICAL,NORMAL
2026-09-09 18:02:29,MAITRI,-21.39,15.02,992.56,61.43,0.0,70.25,0.2,80.0,24971.21,26.7,4997.97,32,0.2,0,NONE,400.0,3372.23,0.12,640.72,38.97,0,NORMAL,4933.58,0.0,CRITICAL,NORMAL
2026-09-09 18:02:30,BHARATI,-24.76,59.29,972.19,86.43,0.0,92.73,0.19,80.0,24970.84,35.24,4997.97,21,0.2,0,ANOMALY_GENERATOR_OVERLOAD,400.0,3331.06,0.12,845.72,29.53,55,WARNING,6512.02,0.0,CRITICAL,NORMAL
2026-09-09 18:02:35,MAITRI,-26.01,12.45,990.49,61.87,0.0,72.71,0.2,80.0,24971.17,27.63,4997.97,26,0.21,0,NONE,400.0,3490.18,0.11,663.13,37.66,0,NORMAL,5106.13,0.0,CRITICAL,NORMAL
2026-09-09 18:02:35,BHARATI,-34.95,24.41,1011.57,53.55,0.0,79.3,0.22,80.0,24970.79,30.13,4997.97,19,0.23,0,NONE,400.0,3806.32,0.11,723.2,34.53,0,NORMAL,5568.64,0.0,CRITICAL,NORMAL
2026-09-09 18:02:40,MAITRI,-33.43,14.31,1010.2,77.94,0.0,81.3,0.23,80.0,24971.13,30.89,4997.96,28,0.24,0,NONE,400.0,3902.36,0.1,741.45,33.68,0,NORMAL,5709.16,0.0,CRITICAL,NORMAL
2026-09-09 18:02:40,BHARATI,-25.57,43.14,995.96,58.17,0.0,73.85,0.21,80.0,24970.75,28.06,4997.96,30,0.22,0,NONE,400.0,3544.72,0.11,673.5,37.08,0,NORMAL,5185.93,0.0,CRITICAL,NORMAL
2026-09-09 18:02:45,MAITRI,-24.79,43.75,1013.73,73.66,0.0,73.43,0.2,80.0,24971.09,27.9,4997.96,31,0.21,0,NONE,400.0,3524.8,0.11,669.71,37.29,0,NORMAL,5156.78,0.0,CRITICAL,NORMAL
2026-09-09 18:02:45,BHARATI,-17.52,19.48,1008.32,51.56,0.0,63.0,0.17,80.0,24970.72,23.94,4997.96,24,0.18,0,NONE,400.0,3023.79,0.13,574.52,43.46,0,NORMAL,4423.81,0.0,CRITICAL,NORMAL
2026-09-09 18:02:50,MAITRI,-27.03,42.93,988.01,74.21,0.0,72.58,0.2,80.0,24971.05,27.58,4997.96,23,0.21,0,NONE,400.0,3483.7,0.11,661.9,37.73,0,NORMAL,5096.65,0.0,CRITICAL,NORMAL
2026-09-09 18:02:50,BHARATI,-22.26,30.28,1011.63,54.72,0.0,65.57,0.18,80.0,24970.69,24.92,4997.96,18,0.19,0,NONE,400.0,3147.31,0.13,597.99,41.76,0,NORMAL,4604.51,0.0,CRITICAL,NORMAL
2026-09-09 18:02:55,MAITRI,-15.04,39.63,1009.15,76.04,0.0,64.0,0.18,80.0,24971.02,24.32,4997.95,33,0.19,0,NONE,400.0,3071.87,0.13,583.65,42.78,0,NORMAL,4494.14,0.0,CRITICAL,NORMAL
2026-09-09 18:02:55,BHARATI,-32.26,30.42,997.15,50.29,0.0,79.27,0.22,80.0,24970.65,30.12,4997.96,26,0.23,0,NONE,400.0,3804.86,0.11,722.92,34.54,0,NORMAL,5566.52,0.0,CRITICAL,NORMAL
2026-09-09 18:03:00,MAITRI,-24.87,27.17,1013.04,67.45,0.0,70.71,0.2,80.0,24970.98,26.87,4997.95,24,0.21,0,NONE,400.0,3394.06,0.12,644.87,38.72,0,NORMAL,4965.51,0.0,CRITICAL,NORMAL
2026-09-09 18:03:00,BHARATI,-23.52,13.91,988.52,70.9,0.0,70.89,0.2,80.0,24970.61,26.94,4997.95,28,0.21,0,NONE,400.0,3402.82,0.12,646.54,38.62,0,NORMAL,4978.33,0.0,CRITICAL,NORMAL
2026-09-09 18:03:05,MAITRI,-20.85,27.29,1010.19,66.72,0.0,69.29,0.19,80.0,24970.94,26.33,4997.95,31,0.2,0,NONE,400.0,3325.87,0.12,631.92,39.52,0,NORMAL,4865.75,0.0,CRITICAL,NORMAL
2026-09-09 18:03:05,BHARATI,-20.04,26.31,1014.16,70.35,0.0,69.24,0.19,80.0,24970.57,26.31,4997.95,33,0.2,0,NONE,400.0,3323.48,0.12,631.46,39.54,0,NORMAL,4862.25,0.0,CRITICAL,NORMAL
2026-09-09 18:03:10,MAITRI,-23.86,52.15,985.7,78.42,0.0,97.63,0.19,80.0,24970.89,37.1,4997.95,24,0.2,0,ANOMALY_GENERATOR_OVERLOAD,400.0,3343.33,0.12,890.36,28.05,55,WARNING,6855.78,0.0,CRITICAL,NORMAL
2026-09-09 18:03:10,BHARATI,-25.02,20.19,990.11,51.81,0.0,73.67,0.2,80.0,24970.53,28.0,4997.95,31,0.21,0,NONE,400.0,3536.24,0.11,671.88,37.16,0,NORMAL,5173.51,0.0,CRITICAL,NORMAL
2026-09-09 18:03:15,MAITRI,-31.71,35.31,990.28,51.44,0.0,80.7,0.22,80.0,24970.85,30.67,4997.94,31,0.24,0,NONE,400.0,3873.52,0.1,735.97,33.93,0,NORMAL,5666.96,0.0,CRITICAL,NORMAL
2026-09-09 18:03:15,BHARATI,-35.79,73.69,968.49,97.19,0.0,96.2,0.23,56.14,24970.48,36.56,4997.94,24,0.24,0,ANOMALY_GENERATOR_OVERLOAD,280.69,3944.68,0.07,877.39,28.46,90,CRITICAL,6755.89,0.0,CRITICAL,NORMAL
2026-09-09 18:03:20,MAITRI,-24.04,55.89,972.16,71.55,0.0,98.47,0.19,80.0,24970.8,37.42,4997.94,20,0.2,0,ANOMALY_GENERATOR_OVERLOAD,400.0,3275.57,0.12,898.05,27.81,55,WARNING,6915.0,0.0,CRITICAL,NORMAL
2026-09-09 18:03:20,BHARATI,-24.86,37.55,985.29,70.02,0.0,98.14,0.19,80.0,24970.43,37.29,4997.94,22,0.2,0,ANOMALY_GENERATOR_OVERLOAD,400.0,3355.36,0.12,895.01,27.9,55,WARNING,6891.57,0.0,CRITICAL,NORMAL
2026-09-09 18:03:25,MAITRI,-22.45,23.42,994.12,57.31,0.0,67.78,0.19,80.0,24970.76,25.76,4997.94,23,0.2,0,NONE,400.0,3253.26,0.12,618.12,40.4,0,NORMAL,4759.53,0.0,CRITICAL,NORMAL
2026-09-09 18:03:25,BHARATI,-29.73,42.79,1010.44,52.12,0.0,76.62,0.21,80.0,24970.39,29.12,4997.94,26,0.22,0,NONE,400.0,3677.68,0.11,698.76,35.74,0,NORMAL,5380.45,0.0,CRITICAL,NORMAL
2026-09-09 18:03:30,MAITRI,-27.76,18.42,1000.69,74.37,0.0,77.75,0.22,80.0,24970.72,29.54,4997.93,34,0.23,0,NONE,400.0,3731.83,0.11,709.05,35.22,0,NORMAL,5459.67,0.0,CRITICAL,NORMAL
2026-09-09 18:03:30,BHARATI,-30.15,57.67,982.82,85.84,0.0,97.71,0.22,80.0,24970.34,37.13,4997.93,29,0.23,0,ANOMALY_GENERATOR_OVERLOAD,400.0,3756.31,0.11,891.12,28.02,55,WARNING,6861.62,0.0,CRITICAL,NORMAL
2026-09-09 18:03:35,MAITRI,-44.86,73.09,969.57,94.1,0.0,93.91,0.25,56.83,24970.67,35.68,4997.93,17,0.26,0,ANOMALY_GENERATOR_OVERLOAD,284.14,4267.49,0.07,856.41,29.16,90,CRITICAL,6594.39,0.0,CRITICAL,NORMAL
2026-09-09 18:03:35,BHARATI,-16.43,22.72,999.0,66.96,0.0,59.45,0.17,80.0,24970.31,22.59,4997.93,18,0.17,0,NONE,400.0,2853.71,0.14,542.21,46.05,0,NORMAL,4174.98,0.0,CRITICAL,NORMAL
2026-09-09 18:03:40,MAITRI,-17.6,32.8,1003.41,52.47,0.0,65.08,0.18,80.0,24970.64,24.73,4997.93,29,0.19,0,NONE,400.0,3123.97,0.13,593.55,42.07,0,NORMAL,4570.37,0.0,CRITICAL,NORMAL
2026-09-09 18:03:40,BHARATI,-33.19,24.71,1007.15,73.12,0.0,75.85,0.21,80.0,24970.27,28.82,4997.93,15,0.22,0,NONE,400.0,3640.64,0.11,691.72,36.1,0,NORMAL,5326.26,0.0,CRITICAL,NORMAL
2026-09-09 18:03:45,MAITRI,-34.58,35.65,994.17,50.07,0.0,82.91,0.23,80.0,24970.59,31.51,4997.92,29,0.24,0,NONE,400.0,3979.85,0.1,756.17,33.02,0,NORMAL,5822.52,0.0,CRITICAL,NORMAL
2026-09-09 18:03:45,BHARATI,-22.53,22.7,985.36,53.94,0.0,72.25,0.2,80.0,24970.23,27.46,4997.93,34,0.21,0,NONE,400.0,3468.08,0.12,658.94,37.89,0,NORMAL,5073.81,0.0,CRITICAL,NORMAL
2026-09-09 18:03:50,MAITRI,-32.24,28.75,1004.81,74.06,0.0,81.65,0.23,80.0,24970.55,31.03,4997.92,32,0.24,0,NONE,400.0,3919.16,0.1,744.64,33.53,0,NORMAL,5733.73,0.0,CRITICAL,NORMAL
2026-09-09 18:03:50,BHARATI,-27.74,54.03,980.49,82.54,0.0,95.75,0.2,80.0,24970.18,36.39,4997.92,17,0.21,0,ANOMALY_GENERATOR_OVERLOAD,400.0,3404.33,0.12,873.26,28.59,55,WARNING,6724.06,0.0,CRITICAL,NORMAL
2026-09-09 18:03:55,MAITRI,-29.8,36.89,989.22,73.62,0.0,94.43,0.22,80.0,24970.5,35.88,4997.92,32,0.23,0,ANOMALY_GENERATOR_OVERLOAD,400.0,3796.07,0.11,861.16,29.0,55,WARNING,6630.96,0.0,CRITICAL,NORMAL
2026-09-09 18:03:55,BHARATI,-18.44,44.0,989.63,60.7,0.0,61.96,0.17,80.0,24970.14,23.55,4997.92,19,0.18,0,NONE,400.0,2974.21,0.13,565.1,44.19,0,NORMAL,4351.27,0.0,CRITICAL,NORMAL
2026-09-09 18:04:00,MAITRI,-30.98,33.14,991.62,70.15,0.0,80.73,0.22,80.0,24970.46,30.68,4997.91,33,0.24,0,NONE,400.0,3874.85,0.1,736.22,33.92,0,NORMAL,5668.9,0.0,CRITICAL,NORMAL
2026-09-09 18:04:00,BHARATI,-28.21,36.02,1013.68,79.18,0.0,71.83,0.2,80.0,24970.11,27.29,4997.92,18,0.21,0,NONE,400.0,3447.63,0.12,655.05,38.12,0,NORMAL,5043.88,0.0,CRITICAL,NORMAL
2026-09-09 18:04:05,MAITRI,-31.28,22.19,996.48,65.1,0.0,77.04,0.21,80.0,24970.42,29.27,4997.91,23,0.22,0,NONE,400.0,3697.89,0.11,702.6,35.54,0,NORMAL,5410.02,0.0,CRITICAL,NORMAL
2026-09-09 18:04:05,BHARATI,-15.98,25.28,1010.1,66.26,0.0,61.38,0.17,80.0,24970.07,23.32,4997.92,24,0.18,0,NONE,400.0,2946.12,0.14,559.76,44.61,0,NORMAL,4310.18,0.0,CRITICAL,NORMAL
2026-09-09 18:04:10,MAITRI,-34.55,30.85,1014.13,74.8,0.0,77.68,0.22,80.0,24970.37,29.52,4997.91,16,0.23,0,NONE,400.0,3728.53,0.11,708.42,35.25,0,NORMAL,5454.84,0.0,CRITICAL,NORMAL
2026-09-09 18:04:10,BHARATI,-27.49,44.03,986.06,52.24,0.0,72.26,0.2,80.0,24970.04,27.46,4997.91,21,0.21,0,NONE,400.0,3468.45,0.12,659.0,37.89,0,NORMAL,5074.34,0.0,CRITICAL,NORMAL
2026-09-09 18:04:15,MAITRI,-38.22,55.58,977.0,72.74,0.0,96.61,0.25,80.0,24970.32,36.71,4997.9,33,0.26,0,ANOMALY_GENERATOR_OVERLOAD,400.0,4240.04,0.09,881.12,28.34,65,WARNING,6784.65,0.0,CRITICAL,NORMAL
2026-09-09 18:04:15,BHARATI,-30.32,22.61,991.55,56.21,0.0,73.23,0.2,80.0,24970.0,27.83,4997.91,16,0.21,0,NONE,400.0,3515.27,0.11,667.9,37.39,0,NORMAL,5142.84,0.0,CRITICAL,NORMAL
2026-09-09 18:04:20,MAITRI,-18.85,34.44,1003.25,54.38,0.0,68.0,0.19,80.0,24970.29,25.84,4997.9,33,0.2,0,NONE,400.0,3263.82,0.12,620.13,40.27,0,NORMAL,4774.97,0.0,CRITICAL,NORMAL
2026-09-09 18:04:20,BHARATI,-15.86,11.29,998.41,70.12,0.0,59.25,0.16,80.0,24969.97,22.51,4997.91,19,0.17,0,NONE,400.0,2843.94,0.14,540.35,46.21,0,NORMAL,4160.68,0.0,CRITICAL,NORMAL
2026-09-09 18:04:25,MAITRI,-17.8,20.42,1011.18,58.03,0.0,60.09,0.17,80.0,24970.26,22.83,4997.9,16,0.18,0,NONE,400.0,2884.25,0.14,548.01,45.57,0,NORMAL,4219.66,0.0,CRITICAL,NORMAL
2026-09-09 18:04:25,BHARATI,-33.83,59.68,977.79,72.6,0.0,93.0,0.22,80.0,24969.92,35.34,4997.91,19,0.23,0,ANOMALY_GENERATOR_OVERLOAD,400.0,3750.08,0.11,848.2,29.44,55,WARNING,6531.17,0.0,CRITICAL,NORMAL
2026-09-09 18:04:30,MAITRI,-24.44,33.17,993.09,59.23,0.0,73.86,0.21,80.0,24970.22,28.07,4997.9,33,0.22,0,NONE,400.0,3545.3,0.11,673.61,37.07,0,NORMAL,5186.77,0.0,CRITICAL,NORMAL
2026-09-09 18:04:30,BHARATI,-28.85,13.41,1000.52,68.18,0.0,77.3,0.21,80.0,24969.88,29.37,4997.91,30,0.23,0,NONE,400.0,3710.28,0.11,704.95,35.42,0,NORMAL,5428.14,0.0,CRITICAL,NORMAL
2026-09-09 18:04:35,MAITRI,-15.5,16.61,992.43,55.12,0.0,60.88,0.17,80.0,24970.19,23.13,4997.89,24,0.18,0,NONE,400.0,2922.03,0.14,555.19,44.98,0,NORMAL,4274.93,0.0,CRITICAL,NORMAL
2026-09-09 18:04:35,BHARATI,-28.05,38.04,984.62,75.98,0.0,92.37,0.2,80.0,24969.83,35.1,4997.9,18,0.21,0,ANOMALY_GENERATOR_OVERLOAD,400.0,3439.48,0.12,842.42,29.64,55,WARNING,6486.67,0.0,CRITICAL,NORMAL
2026-09-09 18:04:40,MAITRI,-27.49,44.83,991.77,65.4,0.0,74.66,0.21,80.0,24970.15,28.37,4997.89,27,0.22,0,NONE,400.0,3583.89,0.11,680.94,36.67,0,NORMAL,5243.22,0.0,CRITICAL,NORMAL
2026-09-09 18:04:40,BHARATI,-35.15,72.63,956.54,90.51,0.0,86.59,0.22,59.02,24969.78,32.9,4997.9,22,0.24,0,NONE,295.12,3873.83,0.08,789.67,31.62,70,CRITICAL,6080.44,0.0,CRITICAL,NORMAL
2026-09-09 18:04:45,MAITRI,-30.29,15.14,994.66,78.28,0.0,79.6,0.22,80.0,24970.1,30.25,4997.89,32,0.23,0,NONE,400.0,3820.84,0.1,725.96,34.4,0,NORMAL,5589.89,0.0,CRITICAL,NORMAL
2026-09-09 18:04:45,BHARATI,-27.82,14.17,1012.24,60.78,0.0,73.02,0.2,80.0,24969.74,27.75,4997.9,22,0.21,0,NONE,400.0,3504.74,0.11,665.9,37.5,0,NORMAL,5127.44,0.0,CRITICAL,NORMAL
2026-09-09 18:04:50,MAITRI,-21.43,10.31,999.92,70.72,0.0,69.51,0.19,80.0,24970.07,26.41,4997.88,30,0.2,0,NONE,400.0,3336.24,0.12,633.89,39.39,0,NORMAL,4880.92,0.0,CRITICAL,NORMAL
2026-09-09 18:04:50,BHARATI,-42.71,70.5,958.6,94.87,0.0,97.92,0.26,55.63,24969.69,37.21,4997.89,33,0.27,0,ANOMALY_GENERATOR_OVERLOAD,278.13,4466.41,0.06,893.0,27.96,90,CRITICAL,6876.09,0.0,CRITICAL,NORMAL
2026-09-09 18:04:55,MAITRI,-28.08,35.32,1014.98,77.24,0.0,71.69,0.2,80.0,24970.03,27.24,4997.88,18,0.21,0,NONE,400.0,3441.04,0.12,653.8,38.19,0,NORMAL,5034.24,0.0,CRITICAL,NORMAL
2026-09-09 18:04:55,BHARATI,-18.32,30.25,1010.68,60.31,0.0,67.44,0.19,80.0,24969.66,25.63,4997.89,33,0.2,0,NONE,400.0,3236.98,0.12,615.03,40.6,0,NORMAL,4735.7,0.0,CRITICAL,NORMAL
2026-09-09 18:05:00,MAITRI,-15.81,24.22,1008.98,61.84,0.0,64.4,0.18,80.0,24970.0,24.47,4997.88,32,0.19,0,NONE,400.0,3091.11,0.13,587.31,42.52,0,NORMAL,4522.29,0.0,CRITICAL,NORMAL
2026-09-09 18:05:00,BHARATI,-28.43,17.59,1013.06,79.17,0.0,73.26,0.2,80.0,24969.62,27.84,4997.89,21,0.21,0,NONE,400.0,3516.26,0.11,668.09,37.37,0,NORMAL,5144.29,0.0,CRITICAL,NORMAL
2026-09-09 18:05:05,MAITRI,-20.44,43.21,1005.48,77.18,0.0,68.06,0.19,80.0,24969.96,25.86,4997.87,29,0.2,0,NONE,400.0,3266.94,0.12,620.72,40.23,0,NORMAL,4779.53,0.0,CRITICAL,NORMAL
2026-09-09 18:05:05,BHARATI,-36.32,48.14,992.61,78.5,0.0,92.6,0.23,80.0,24969.57,35.19,4997.89,26,0.24,0,ANOMALY_GENERATOR_OVERLOAD,400.0,4009.54,0.1,844.51,29.57,65,WARNING,6502.7,0.0,CRITICAL,NORMAL
2026-09-09 18:05:10,MAITRI,-22.72,26.67,1008.32,63.28,0.0,72.46,0.2,80.0,24969.92,27.53,4997.87,34,0.21,0,NONE,400.0,3478.08,0.12,660.83,37.79,0,NORMAL,5088.43,0.0,CRITICAL,NORMAL
2026-09-09 18:05:10,BHARATI,-34.91,28.3,1009.32,76.73,0.0,82.46,0.23,80.0,24969.53,31.33,4997.88,27,0.24,0,NONE,400.0,3957.91,0.1,752.0,33.2,0,NORMAL,5790.42,0.0,CRITICAL,NORMAL
2026-09-09 18:05:15,MAITRI,-25.44,43.46,993.83,81.9,0.0,92.48,0.21,80.0,24969.87,35.14,4997.87,34,0.22,0,ANOMALY_GENERATOR_OVERLOAD,400.0,3615.03,0.11,843.42,29.61,55,WARNING,6494.3,0.0,CRITICAL,NORMAL
2026-09-09 18:05:15,BHARATI,-25.74,16.14,997.38,73.2,0.0,69.23,0.19,80.0,24969.49,26.31,4997.88,18,0.2,0,NONE,400.0,3323.1,0.12,631.39,39.55,0,NORMAL,4861.69,0.0,CRITICAL,NORMAL
2026-09-09 18:05:20,MAITRI,-27.74,37.01,1009.45,61.8,0.0,75.33,0.21,80.0,24969.83,28.63,4997.86,28,0.22,0,NONE,400.0,3615.87,0.11,687.01,36.35,0,NORMAL,5290.01,0.0,CRITICAL,NORMAL
2026-09-09 18:05:20,BHARATI,-33.24,20.02,991.89,58.81,0.0,77.5,0.22,80.0,24969.45,29.45,4997.88,19,0.23,0,NONE,400.0,3719.99,0.11,706.8,35.33,0,NORMAL,5442.35,0.0,CRITICAL,NORMAL
